{"cameraMode":{"drawMode":0,"name":"Shaded","section":"Shading Mode"},"sceneLighting":true,"audioPlay":false,"sceneViewState":{"m_AlwaysRefresh":false,"showFog":true,"showSkybox":true,"showFlares":true,"showImageEffects":true,"showParticleSystems":true,"showVisualEffectGraphs":true,"m_FxEnabled":true},"in2DMode":false,"pivot":{"x":3.4607067108154299,"y":-5.267271995544434,"z":10.442712783813477},"rotation":{"x":0.19569849967956544,"y":0.0992465615272522,"z":-0.01991177350282669,"w":0.9754259586334229},"size":22.933216094970704,"orthographic":false}