{"cameraMode":{"drawMode":0,"name":"Shaded","section":"Shading Mode"},"sceneLighting":true,"audioPlay":false,"sceneViewState":{"m_AlwaysRefresh":false,"showFog":true,"showSkybox":true,"showFlares":true,"showImageEffects":true,"showParticleSystems":true,"showVisualEffectGraphs":true,"m_FxEnabled":true},"in2DMode":false,"pivot":{"x":12.606252670288086,"y":1.8712503910064698,"z":-0.0000016689300537109376},"rotation":{"x":0.25115352869033816,"y":-0.6218913197517395,"z":0.22054517269134522,"w":0.7081968188285828},"size":3.8522396087646486,"orthographic":false}