Using pre-set license
Built from '2022.3/staging' branch; Version is '2022.3.41f1 (0f988161febf) revision 1022081'; Using compiler version '192829333'; Build Type 'Release'
OS: 'Windows 10  (10.0.19045) 64bit Education' Language: 'en' Physical Memory: 65470 MB
BatchMode: 1, IsHumanControllingUs: 0, StartBugReporterOnCrash: 0, Is64bit: 1, IsPro: 1

COMMAND LINE ARGUMENTS:
C:\Program Files\Unity\Hub\Editor\2022.3.41f1\Editor\Unity.exe
-adb2
-batchMode
-noUpm
-name
AssetImportWorker1
-projectPath
C:/Users/Austin/Documents/GitHub/DungeonDefense/Dungeon Defense
-logFile
Logs/AssetImportWorker1.log
-srvPort
56174
Successfully changed project path to: C:/Users/Austin/Documents/GitHub/DungeonDefense/Dungeon Defense
C:/Users/Austin/Documents/GitHub/DungeonDefense/Dungeon Defense
[UnityMemory] Configuration Parameters - Can be set up in boot.config
    "memorysetup-bucket-allocator-granularity=16"
    "memorysetup-bucket-allocator-bucket-count=8"
    "memorysetup-bucket-allocator-block-size=33554432"
    "memorysetup-bucket-allocator-block-count=8"
    "memorysetup-main-allocator-block-size=16777216"
    "memorysetup-thread-allocator-block-size=16777216"
    "memorysetup-gfx-main-allocator-block-size=16777216"
    "memorysetup-gfx-thread-allocator-block-size=16777216"
    "memorysetup-cache-allocator-block-size=4194304"
    "memorysetup-typetree-allocator-block-size=2097152"
    "memorysetup-profiler-bucket-allocator-granularity=16"
    "memorysetup-profiler-bucket-allocator-bucket-count=8"
    "memorysetup-profiler-bucket-allocator-block-size=33554432"
    "memorysetup-profiler-bucket-allocator-block-count=8"
    "memorysetup-profiler-allocator-block-size=16777216"
    "memorysetup-profiler-editor-allocator-block-size=1048576"
    "memorysetup-temp-allocator-size-main=16777216"
    "memorysetup-job-temp-allocator-block-size=2097152"
    "memorysetup-job-temp-allocator-block-size-background=1048576"
    "memorysetup-job-temp-allocator-reduction-small-platforms=262144"
    "memorysetup-allocator-temp-initial-block-size-main=262144"
    "memorysetup-allocator-temp-initial-block-size-worker=262144"
    "memorysetup-temp-allocator-size-background-worker=32768"
    "memorysetup-temp-allocator-size-job-worker=262144"
    "memorysetup-temp-allocator-size-preload-manager=33554432"
    "memorysetup-temp-allocator-size-nav-mesh-worker=65536"
    "memorysetup-temp-allocator-size-audio-worker=65536"
    "memorysetup-temp-allocator-size-cloud-worker=32768"
    "memorysetup-temp-allocator-size-gi-baking-worker=262144"
    "memorysetup-temp-allocator-size-gfx=262144"
Player connection [11236]  Target information:

Player connection [11236]  * "[IP] 192.168.1.11 [Port] 0 [Flags] 2 [Guid] 2707272837 [EditorId] 2707272837 [Version] 1048832 [Id] WindowsEditor(7,Aroshia-Desktop) [Debug] 1 [PackageName] WindowsEditor [ProjectName] Editor" 

Player connection [11236]  * "[IP] 192.168.153.1 [Port] 0 [Flags] 2 [Guid] 2707272837 [EditorId] 2707272837 [Version] 1048832 [Id] WindowsEditor(7,Aroshia-Desktop) [Debug] 1 [PackageName] WindowsEditor [ProjectName] Editor" 

Player connection [11236]  * "[IP] 192.168.10.1 [Port] 0 [Flags] 2 [Guid] 2707272837 [EditorId] 2707272837 [Version] 1048832 [Id] WindowsEditor(7,Aroshia-Desktop) [Debug] 1 [PackageName] WindowsEditor [ProjectName] Editor" 

Player connection [11236]  * "[IP] 169.254.188.30 [Port] 0 [Flags] 2 [Guid] 2707272837 [EditorId] 2707272837 [Version] 1048832 [Id] WindowsEditor(7,Aroshia-Desktop) [Debug] 1 [PackageName] WindowsEditor [ProjectName] Editor" 

Player connection [11236] Host joined multi-casting on [225.0.0.222:54997]...
Player connection [11236] Host joined alternative multi-casting on [225.0.0.222:34997]...
[PhysX] Initialized MultithreadedTaskDispatcher with 8 workers.
Refreshing native plugins compatible for Editor in 15.52 ms, found 4 plugins.
Preloading 0 native plugins for Editor in 0.00 ms.
Initialize engine version: 2022.3.41f1 (0f988161febf)
[Subsystems] Discovering subsystems at path C:/Program Files/Unity/Hub/Editor/2022.3.41f1/Editor/Data/Resources/UnitySubsystems
[Subsystems] Discovering subsystems at path C:/Users/Austin/Documents/GitHub/DungeonDefense/Dungeon Defense/Assets
GfxDevice: creating device client; threaded=0; jobified=0
Direct3D:
    Version:  Direct3D 11.0 [level 11.1]
    Renderer: NVIDIA GeForce RTX 2070 SUPER (ID=0x1e84)
    Vendor:   NVIDIA
    VRAM:     7989 MB
    Driver:   32.0.15.8088
Initialize mono
Mono path[0] = 'C:/Program Files/Unity/Hub/Editor/2022.3.41f1/Editor/Data/Managed'
Mono path[1] = 'C:/Program Files/Unity/Hub/Editor/2022.3.41f1/Editor/Data/MonoBleedingEdge/lib/mono/unityjit-win32'
Mono config path = 'C:/Program Files/Unity/Hub/Editor/2022.3.41f1/Editor/Data/MonoBleedingEdge/etc'
Using monoOptions --debugger-agent=transport=dt_socket,embedding=1,server=y,suspend=n,address=127.0.0.1:56492
Begin MonoManager ReloadAssembly
Registering precompiled unity dll's ...
Register platform support module: C:/Program Files/Unity/Hub/Editor/2022.3.41f1/Editor/Data/PlaybackEngines/WebGLSupport/UnityEditor.WebGL.Extensions.dll
Register platform support module: C:/Program Files/Unity/Hub/Editor/2022.3.41f1/Editor/Data/PlaybackEngines/WindowsStandaloneSupport/UnityEditor.WindowsStandalone.Extensions.dll
Register platform support module: C:/Program Files/Unity/Hub/Editor/2022.3.41f1/Editor/Data/PlaybackEngines/MetroSupport/UnityEditor.UWP.Extensions.dll
Registered in 0.014955 seconds.
- Loaded All Assemblies, in  0.366 seconds
Native extension for UWP target not found
Native extension for WindowsStandalone target not found
Native extension for WebGL target not found
Mono: successfully reloaded assembly
- Finished resetting the current domain, in  0.255 seconds
Domain Reload Profiling: 618ms
	BeginReloadAssembly (113ms)
		ExecutionOrderSort (0ms)
		DisableScriptedObjects (0ms)
		BackupInstance (0ms)
		ReleaseScriptingObjects (0ms)
		CreateAndSetChildDomain (1ms)
	RebuildCommonClasses (32ms)
	RebuildNativeTypeToScriptingClass (11ms)
	initialDomainReloadingComplete (65ms)
	LoadAllAssembliesAndSetupDomain (142ms)
		LoadAssemblies (111ms)
		RebuildTransferFunctionScriptingTraits (0ms)
		AnalyzeDomain (139ms)
			TypeCache.Refresh (138ms)
				TypeCache.ScanAssembly (125ms)
			ScanForSourceGeneratedMonoScriptInfo (0ms)
			ResolveRequiredComponents (0ms)
	FinalizeReload (255ms)
		ReleaseScriptCaches (0ms)
		RebuildScriptCaches (0ms)
		SetupLoadedEditorAssemblies (212ms)
			LogAssemblyErrors (0ms)
			InitializePlatformSupportModulesInManaged (13ms)
			SetLoadedEditorAssemblies (5ms)
			RefreshPlugins (0ms)
			BeforeProcessingInitializeOnLoad (2ms)
			ProcessInitializeOnLoadAttributes (146ms)
			ProcessInitializeOnLoadMethodAttributes (46ms)
			AfterProcessingInitializeOnLoad (0ms)
			EditorAssembliesLoaded (0ms)
		ExecutionOrderSort2 (0ms)
		AwakeInstancesAfterBackupRestoration (0ms)
========================================================================
Worker process is ready to serve import requests
Caller must complete domain reload
Begin MonoManager ReloadAssembly
- Loaded All Assemblies, in  0.732 seconds
Native extension for UWP target not found
Native extension for WindowsStandalone target not found
Native extension for WebGL target not found
Package Manager log level set to [2]
[Package Manager] Server::EnsureServerProcessIsRunning -- launch failed, reason: Unity was launched with the -noUpm command-line argument
[Package Manager] UpmClient::Send -- Unable to send message (not connected to UPM process).
[Package Manager] Cannot connect to Unity Package Manager local server
Mono: successfully reloaded assembly
- Finished resetting the current domain, in  0.764 seconds
Domain Reload Profiling: 1491ms
	BeginReloadAssembly (144ms)
		ExecutionOrderSort (0ms)
		DisableScriptedObjects (5ms)
		BackupInstance (0ms)
		ReleaseScriptingObjects (0ms)
		CreateAndSetChildDomain (21ms)
	RebuildCommonClasses (30ms)
	RebuildNativeTypeToScriptingClass (11ms)
	initialDomainReloadingComplete (45ms)
	LoadAllAssembliesAndSetupDomain (495ms)
		LoadAssemblies (361ms)
		RebuildTransferFunctionScriptingTraits (0ms)
		AnalyzeDomain (217ms)
			TypeCache.Refresh (185ms)
				TypeCache.ScanAssembly (170ms)
			ScanForSourceGeneratedMonoScriptInfo (24ms)
			ResolveRequiredComponents (7ms)
	FinalizeReload (765ms)
		ReleaseScriptCaches (0ms)
		RebuildScriptCaches (0ms)
		SetupLoadedEditorAssemblies (608ms)
			LogAssemblyErrors (0ms)
			InitializePlatformSupportModulesInManaged (11ms)
			SetLoadedEditorAssemblies (3ms)
			RefreshPlugins (0ms)
			BeforeProcessingInitializeOnLoad (111ms)
			ProcessInitializeOnLoadAttributes (434ms)
			ProcessInitializeOnLoadMethodAttributes (37ms)
			AfterProcessingInitializeOnLoad (11ms)
			EditorAssembliesLoaded (0ms)
		ExecutionOrderSort2 (0ms)
		AwakeInstancesAfterBackupRestoration (6ms)
Launched and connected shader compiler UnityShaderCompiler.exe after 0.21 seconds
Refreshing native plugins compatible for Editor in 7.81 ms, found 4 plugins.
Preloading 0 native plugins for Editor in 0.00 ms.
Unloading 4445 Unused Serialized files (Serialized files now loaded: 0)
Unloading 45 unused Assets / (113.3 KB). Loaded Objects now: 4941.
Memory consumption went from 170.4 MB to 170.2 MB.
Total: 4.216700 ms (FindLiveObjects: 0.351500 ms CreateObjectMapping: 0.342400 ms MarkObjects: 3.433000 ms  DeleteObjects: 0.087900 ms)

AssetImportParameters requested are different than current active one (requested -> active):
  custom:container-demuxer-ogg: 62fdf1f143b41e24485cea50d1cbac27 -> 
  custom:video-decoder-ogg-theora: a1e56fd34408186e4bbccfd4996cb3dc -> 
  custom:framework-win-MediaFoundation: 216162199b28c13a410421893ffa2e32 -> 
  custom:CustomObjectIndexerAttribute: 9a22284fe3817be447336de3de66b15e -> 
  custom:container-demuxer-webm: 4f35f7cbe854078d1ac9338744f61a02 -> 
  custom:container-muxer-webm: aa71ff27fc2769a1b78a27578f13a17b -> 
  custom:video-decoder-webm-vp8: 9c59270c3fd7afecdb556c50c9e8de78 -> 
  custom:SearchIndexIgnoredProperties: e643bd26f0fe6173181afceb89e7c659 -> 
  custom:AudioImporter_EditorPlatform: d09bf68614088b80899f8185d706f6e7 -> 
  custom:video-encoder-webm-vp8: eb34c28f22e8b96e1ab97ce403110664 -> 
  custom:audio-decoder-ogg-vorbis: bf7c407c2cedff20999df2af8eb42d56 -> 
  custom:audio-encoder-webm-vorbis: bf7c407c2cedff20999df2af8eb42d56 -> 
========================================================================
Received Prepare
Caller must complete domain reload
Begin MonoManager ReloadAssembly
- Loaded All Assemblies, in  1.687 seconds
Native extension for UWP target not found
Native extension for WindowsStandalone target not found
Native extension for WebGL target not found
[Package Manager] Server::EnsureServerProcessIsRunning -- launch failed, reason: Unity was launched with the -noUpm command-line argument
[Package Manager] UpmClient::Send -- Unable to send message (not connected to UPM process).
[Package Manager] Cannot connect to Unity Package Manager local server
Mono: successfully reloaded assembly
- Finished resetting the current domain, in  0.628 seconds
Domain Reload Profiling: 2308ms
	BeginReloadAssembly (1268ms)
		ExecutionOrderSort (0ms)
		DisableScriptedObjects (1096ms)
		BackupInstance (0ms)
		ReleaseScriptingObjects (0ms)
		CreateAndSetChildDomain (36ms)
	RebuildCommonClasses (32ms)
	RebuildNativeTypeToScriptingClass (10ms)
	initialDomainReloadingComplete (36ms)
	LoadAllAssembliesAndSetupDomain (334ms)
		LoadAssemblies (402ms)
		RebuildTransferFunctionScriptingTraits (0ms)
		AnalyzeDomain (28ms)
			TypeCache.Refresh (10ms)
				TypeCache.ScanAssembly (1ms)
			ScanForSourceGeneratedMonoScriptInfo (9ms)
			ResolveRequiredComponents (8ms)
	FinalizeReload (628ms)
		ReleaseScriptCaches (0ms)
		RebuildScriptCaches (0ms)
		SetupLoadedEditorAssemblies (462ms)
			LogAssemblyErrors (0ms)
			InitializePlatformSupportModulesInManaged (14ms)
			SetLoadedEditorAssemblies (4ms)
			RefreshPlugins (0ms)
			BeforeProcessingInitializeOnLoad (88ms)
			ProcessInitializeOnLoadAttributes (315ms)
			ProcessInitializeOnLoadMethodAttributes (30ms)
			AfterProcessingInitializeOnLoad (11ms)
			EditorAssembliesLoaded (0ms)
		ExecutionOrderSort2 (0ms)
		AwakeInstancesAfterBackupRestoration (13ms)
Refreshing native plugins compatible for Editor in 7.00 ms, found 4 plugins.
Preloading 0 native plugins for Editor in 0.00 ms.
Unloading 4419 Unused Serialized files (Serialized files now loaded: 0)
Unloading 21 unused Assets / (112.6 KB). Loaded Objects now: 4958.
Memory consumption went from 164.6 MB to 164.5 MB.
Total: 2.870000 ms (FindLiveObjects: 0.313300 ms CreateObjectMapping: 0.308900 ms MarkObjects: 2.194600 ms  DeleteObjects: 0.052100 ms)

Prepare: number of updated asset objects reloaded= 0
AssetImportParameters requested are different than current active one (requested -> active):
  custom:container-demuxer-ogg: 62fdf1f143b41e24485cea50d1cbac27 -> 
  custom:video-decoder-ogg-theora: a1e56fd34408186e4bbccfd4996cb3dc -> 
  custom:framework-win-MediaFoundation: 216162199b28c13a410421893ffa2e32 -> 
  custom:CustomObjectIndexerAttribute: 9a22284fe3817be447336de3de66b15e -> 
  custom:container-demuxer-webm: 4f35f7cbe854078d1ac9338744f61a02 -> 
  custom:container-muxer-webm: aa71ff27fc2769a1b78a27578f13a17b -> 
  custom:video-decoder-webm-vp8: 9c59270c3fd7afecdb556c50c9e8de78 -> 
  custom:SearchIndexIgnoredProperties: e643bd26f0fe6173181afceb89e7c659 -> 
  custom:AudioImporter_EditorPlatform: d09bf68614088b80899f8185d706f6e7 -> 
  custom:video-encoder-webm-vp8: eb34c28f22e8b96e1ab97ce403110664 -> 
  custom:audio-decoder-ogg-vorbis: bf7c407c2cedff20999df2af8eb42d56 -> 
  custom:audio-encoder-webm-vorbis: bf7c407c2cedff20999df2af8eb42d56 -> 
========================================================================
Received Prepare
Caller must complete domain reload
Begin MonoManager ReloadAssembly
- Loaded All Assemblies, in  0.529 seconds
Native extension for UWP target not found
Native extension for WindowsStandalone target not found
Native extension for WebGL target not found
[Package Manager] Server::EnsureServerProcessIsRunning -- launch failed, reason: Unity was launched with the -noUpm command-line argument
[Package Manager] UpmClient::Send -- Unable to send message (not connected to UPM process).
[Package Manager] Cannot connect to Unity Package Manager local server
Mono: successfully reloaded assembly
- Finished resetting the current domain, in  1.190 seconds
Domain Reload Profiling: 1713ms
	BeginReloadAssembly (156ms)
		ExecutionOrderSort (0ms)
		DisableScriptedObjects (10ms)
		BackupInstance (0ms)
		ReleaseScriptingObjects (0ms)
		CreateAndSetChildDomain (30ms)
	RebuildCommonClasses (30ms)
	RebuildNativeTypeToScriptingClass (11ms)
	initialDomainReloadingComplete (34ms)
	LoadAllAssembliesAndSetupDomain (290ms)
		LoadAssemblies (358ms)
		RebuildTransferFunctionScriptingTraits (0ms)
		AnalyzeDomain (16ms)
			TypeCache.Refresh (7ms)
				TypeCache.ScanAssembly (0ms)
			ScanForSourceGeneratedMonoScriptInfo (0ms)
			ResolveRequiredComponents (8ms)
	FinalizeReload (1191ms)
		ReleaseScriptCaches (0ms)
		RebuildScriptCaches (0ms)
		SetupLoadedEditorAssemblies (482ms)
			LogAssemblyErrors (0ms)
			InitializePlatformSupportModulesInManaged (12ms)
			SetLoadedEditorAssemblies (4ms)
			RefreshPlugins (0ms)
			BeforeProcessingInitializeOnLoad (88ms)
			ProcessInitializeOnLoadAttributes (331ms)
			ProcessInitializeOnLoadMethodAttributes (33ms)
			AfterProcessingInitializeOnLoad (14ms)
			EditorAssembliesLoaded (0ms)
		ExecutionOrderSort2 (0ms)
		AwakeInstancesAfterBackupRestoration (13ms)
Refreshing native plugins compatible for Editor in 7.51 ms, found 4 plugins.
Preloading 0 native plugins for Editor in 0.00 ms.
Unloading 4419 Unused Serialized files (Serialized files now loaded: 0)
Unloading 21 unused Assets / (112.8 KB). Loaded Objects now: 4974.
Memory consumption went from 164.6 MB to 164.5 MB.
Total: 3.957400 ms (FindLiveObjects: 0.418700 ms CreateObjectMapping: 0.617800 ms MarkObjects: 2.842500 ms  DeleteObjects: 0.077300 ms)

Prepare: number of updated asset objects reloaded= 0
AssetImportParameters requested are different than current active one (requested -> active):
  custom:container-demuxer-ogg: 62fdf1f143b41e24485cea50d1cbac27 -> 
  custom:video-decoder-ogg-theora: a1e56fd34408186e4bbccfd4996cb3dc -> 
  custom:framework-win-MediaFoundation: 216162199b28c13a410421893ffa2e32 -> 
  custom:CustomObjectIndexerAttribute: 9a22284fe3817be447336de3de66b15e -> 
  custom:container-demuxer-webm: 4f35f7cbe854078d1ac9338744f61a02 -> 
  custom:container-muxer-webm: aa71ff27fc2769a1b78a27578f13a17b -> 
  custom:video-decoder-webm-vp8: 9c59270c3fd7afecdb556c50c9e8de78 -> 
  custom:SearchIndexIgnoredProperties: e643bd26f0fe6173181afceb89e7c659 -> 
  custom:AudioImporter_EditorPlatform: d09bf68614088b80899f8185d706f6e7 -> 
  custom:video-encoder-webm-vp8: eb34c28f22e8b96e1ab97ce403110664 -> 
  custom:audio-decoder-ogg-vorbis: bf7c407c2cedff20999df2af8eb42d56 -> 
  custom:audio-encoder-webm-vorbis: bf7c407c2cedff20999df2af8eb42d56 -> 
========================================================================
Received Prepare
Caller must complete domain reload
Begin MonoManager ReloadAssembly
- Loaded All Assemblies, in  0.988 seconds
Native extension for UWP target not found
Native extension for WindowsStandalone target not found
Native extension for WebGL target not found
[Package Manager] Server::EnsureServerProcessIsRunning -- launch failed, reason: Unity was launched with the -noUpm command-line argument
[Package Manager] UpmClient::Send -- Unable to send message (not connected to UPM process).
[Package Manager] Cannot connect to Unity Package Manager local server
Mono: successfully reloaded assembly
- Finished resetting the current domain, in  1.109 seconds
Domain Reload Profiling: 2091ms
	BeginReloadAssembly (154ms)
		ExecutionOrderSort (0ms)
		DisableScriptedObjects (10ms)
		BackupInstance (0ms)
		ReleaseScriptingObjects (0ms)
		CreateAndSetChildDomain (29ms)
	RebuildCommonClasses (30ms)
	RebuildNativeTypeToScriptingClass (10ms)
	initialDomainReloadingComplete (33ms)
	LoadAllAssembliesAndSetupDomain (755ms)
		LoadAssemblies (346ms)
		RebuildTransferFunctionScriptingTraits (0ms)
		AnalyzeDomain (491ms)
			TypeCache.Refresh (467ms)
				TypeCache.ScanAssembly (1ms)
			ScanForSourceGeneratedMonoScriptInfo (13ms)
			ResolveRequiredComponents (9ms)
	FinalizeReload (1109ms)
		ReleaseScriptCaches (0ms)
		RebuildScriptCaches (0ms)
		SetupLoadedEditorAssemblies (439ms)
			LogAssemblyErrors (0ms)
			InitializePlatformSupportModulesInManaged (11ms)
			SetLoadedEditorAssemblies (3ms)
			RefreshPlugins (0ms)
			BeforeProcessingInitializeOnLoad (82ms)
			ProcessInitializeOnLoadAttributes (302ms)
			ProcessInitializeOnLoadMethodAttributes (30ms)
			AfterProcessingInitializeOnLoad (11ms)
			EditorAssembliesLoaded (0ms)
		ExecutionOrderSort2 (0ms)
		AwakeInstancesAfterBackupRestoration (14ms)
Refreshing native plugins compatible for Editor in 6.58 ms, found 4 plugins.
Preloading 0 native plugins for Editor in 0.00 ms.
Unloading 4419 Unused Serialized files (Serialized files now loaded: 0)
Unloading 21 unused Assets / (112.5 KB). Loaded Objects now: 4990.
Memory consumption went from 164.7 MB to 164.6 MB.
Total: 2.622100 ms (FindLiveObjects: 0.273200 ms CreateObjectMapping: 0.199600 ms MarkObjects: 2.098200 ms  DeleteObjects: 0.050000 ms)

Prepare: number of updated asset objects reloaded= 0
AssetImportParameters requested are different than current active one (requested -> active):
  custom:container-demuxer-ogg: 62fdf1f143b41e24485cea50d1cbac27 -> 
  custom:video-decoder-ogg-theora: a1e56fd34408186e4bbccfd4996cb3dc -> 
  custom:framework-win-MediaFoundation: 216162199b28c13a410421893ffa2e32 -> 
  custom:CustomObjectIndexerAttribute: 9a22284fe3817be447336de3de66b15e -> 
  custom:container-demuxer-webm: 4f35f7cbe854078d1ac9338744f61a02 -> 
  custom:container-muxer-webm: aa71ff27fc2769a1b78a27578f13a17b -> 
  custom:video-decoder-webm-vp8: 9c59270c3fd7afecdb556c50c9e8de78 -> 
  custom:SearchIndexIgnoredProperties: e643bd26f0fe6173181afceb89e7c659 -> 
  custom:AudioImporter_EditorPlatform: d09bf68614088b80899f8185d706f6e7 -> 
  custom:video-encoder-webm-vp8: eb34c28f22e8b96e1ab97ce403110664 -> 
  custom:audio-decoder-ogg-vorbis: bf7c407c2cedff20999df2af8eb42d56 -> 
  custom:audio-encoder-webm-vorbis: bf7c407c2cedff20999df2af8eb42d56 -> 
========================================================================
Received Prepare
Caller must complete domain reload
Begin MonoManager ReloadAssembly
- Loaded All Assemblies, in  0.510 seconds
Native extension for UWP target not found
Native extension for WindowsStandalone target not found
Native extension for WebGL target not found
[Package Manager] Server::EnsureServerProcessIsRunning -- launch failed, reason: Unity was launched with the -noUpm command-line argument
[Package Manager] UpmClient::Send -- Unable to send message (not connected to UPM process).
[Package Manager] Cannot connect to Unity Package Manager local server
Mono: successfully reloaded assembly
- Finished resetting the current domain, in  1.171 seconds
Domain Reload Profiling: 1675ms
	BeginReloadAssembly (157ms)
		ExecutionOrderSort (0ms)
		DisableScriptedObjects (10ms)
		BackupInstance (0ms)
		ReleaseScriptingObjects (0ms)
		CreateAndSetChildDomain (30ms)
	RebuildCommonClasses (30ms)
	RebuildNativeTypeToScriptingClass (10ms)
	initialDomainReloadingComplete (32ms)
	LoadAllAssembliesAndSetupDomain (274ms)
		LoadAssemblies (342ms)
		RebuildTransferFunctionScriptingTraits (0ms)
		AnalyzeDomain (16ms)
			TypeCache.Refresh (7ms)
				TypeCache.ScanAssembly (0ms)
			ScanForSourceGeneratedMonoScriptInfo (0ms)
			ResolveRequiredComponents (7ms)
	FinalizeReload (1172ms)
		ReleaseScriptCaches (0ms)
		RebuildScriptCaches (0ms)
		SetupLoadedEditorAssemblies (470ms)
			LogAssemblyErrors (0ms)
			InitializePlatformSupportModulesInManaged (11ms)
			SetLoadedEditorAssemblies (3ms)
			RefreshPlugins (0ms)
			BeforeProcessingInitializeOnLoad (86ms)
			ProcessInitializeOnLoadAttributes (326ms)
			ProcessInitializeOnLoadMethodAttributes (32ms)
			AfterProcessingInitializeOnLoad (11ms)
			EditorAssembliesLoaded (0ms)
		ExecutionOrderSort2 (0ms)
		AwakeInstancesAfterBackupRestoration (13ms)
Refreshing native plugins compatible for Editor in 6.98 ms, found 4 plugins.
Preloading 0 native plugins for Editor in 0.00 ms.
Unloading 4419 Unused Serialized files (Serialized files now loaded: 0)
Unloading 21 unused Assets / (112.5 KB). Loaded Objects now: 5006.
Memory consumption went from 164.7 MB to 164.6 MB.
Total: 2.882700 ms (FindLiveObjects: 0.320800 ms CreateObjectMapping: 0.255700 ms MarkObjects: 2.255000 ms  DeleteObjects: 0.050300 ms)

Prepare: number of updated asset objects reloaded= 0
AssetImportParameters requested are different than current active one (requested -> active):
  custom:container-demuxer-ogg: 62fdf1f143b41e24485cea50d1cbac27 -> 
  custom:video-decoder-ogg-theora: a1e56fd34408186e4bbccfd4996cb3dc -> 
  custom:framework-win-MediaFoundation: 216162199b28c13a410421893ffa2e32 -> 
  custom:CustomObjectIndexerAttribute: 9a22284fe3817be447336de3de66b15e -> 
  custom:container-demuxer-webm: 4f35f7cbe854078d1ac9338744f61a02 -> 
  custom:container-muxer-webm: aa71ff27fc2769a1b78a27578f13a17b -> 
  custom:video-decoder-webm-vp8: 9c59270c3fd7afecdb556c50c9e8de78 -> 
  custom:SearchIndexIgnoredProperties: e643bd26f0fe6173181afceb89e7c659 -> 
  custom:AudioImporter_EditorPlatform: d09bf68614088b80899f8185d706f6e7 -> 
  custom:video-encoder-webm-vp8: eb34c28f22e8b96e1ab97ce403110664 -> 
  custom:audio-decoder-ogg-vorbis: bf7c407c2cedff20999df2af8eb42d56 -> 
  custom:audio-encoder-webm-vorbis: bf7c407c2cedff20999df2af8eb42d56 -> 
========================================================================
Received Prepare
Caller must complete domain reload
Begin MonoManager ReloadAssembly
- Loaded All Assemblies, in  1.033 seconds
Native extension for UWP target not found
Native extension for WindowsStandalone target not found
Native extension for WebGL target not found
[Package Manager] Server::EnsureServerProcessIsRunning -- launch failed, reason: Unity was launched with the -noUpm command-line argument
[Package Manager] UpmClient::Send -- Unable to send message (not connected to UPM process).
[Package Manager] Cannot connect to Unity Package Manager local server
Mono: successfully reloaded assembly
- Finished resetting the current domain, in  1.070 seconds
Domain Reload Profiling: 2098ms
	BeginReloadAssembly (153ms)
		ExecutionOrderSort (0ms)
		DisableScriptedObjects (10ms)
		BackupInstance (0ms)
		ReleaseScriptingObjects (0ms)
		CreateAndSetChildDomain (27ms)
	RebuildCommonClasses (31ms)
	RebuildNativeTypeToScriptingClass (10ms)
	initialDomainReloadingComplete (32ms)
	LoadAllAssembliesAndSetupDomain (801ms)
		LoadAssemblies (857ms)
		RebuildTransferFunctionScriptingTraits (0ms)
		AnalyzeDomain (28ms)
			TypeCache.Refresh (10ms)
				TypeCache.ScanAssembly (1ms)
			ScanForSourceGeneratedMonoScriptInfo (9ms)
			ResolveRequiredComponents (7ms)
	FinalizeReload (1071ms)
		ReleaseScriptCaches (0ms)
		RebuildScriptCaches (0ms)
		SetupLoadedEditorAssemblies (431ms)
			LogAssemblyErrors (0ms)
			InitializePlatformSupportModulesInManaged (10ms)
			SetLoadedEditorAssemblies (3ms)
			RefreshPlugins (0ms)
			BeforeProcessingInitializeOnLoad (84ms)
			ProcessInitializeOnLoadAttributes (294ms)
			ProcessInitializeOnLoadMethodAttributes (28ms)
			AfterProcessingInitializeOnLoad (10ms)
			EditorAssembliesLoaded (0ms)
		ExecutionOrderSort2 (0ms)
		AwakeInstancesAfterBackupRestoration (11ms)
Refreshing native plugins compatible for Editor in 6.69 ms, found 4 plugins.
Preloading 0 native plugins for Editor in 0.00 ms.
Unloading 4419 Unused Serialized files (Serialized files now loaded: 0)
Unloading 21 unused Assets / (112.5 KB). Loaded Objects now: 5022.
Memory consumption went from 164.7 MB to 164.6 MB.
Total: 3.501200 ms (FindLiveObjects: 0.299300 ms CreateObjectMapping: 0.256700 ms MarkObjects: 2.878800 ms  DeleteObjects: 0.065500 ms)

Prepare: number of updated asset objects reloaded= 0
AssetImportParameters requested are different than current active one (requested -> active):
  custom:container-demuxer-ogg: 62fdf1f143b41e24485cea50d1cbac27 -> 
  custom:video-decoder-ogg-theora: a1e56fd34408186e4bbccfd4996cb3dc -> 
  custom:framework-win-MediaFoundation: 216162199b28c13a410421893ffa2e32 -> 
  custom:CustomObjectIndexerAttribute: 9a22284fe3817be447336de3de66b15e -> 
  custom:container-demuxer-webm: 4f35f7cbe854078d1ac9338744f61a02 -> 
  custom:container-muxer-webm: aa71ff27fc2769a1b78a27578f13a17b -> 
  custom:video-decoder-webm-vp8: 9c59270c3fd7afecdb556c50c9e8de78 -> 
  custom:SearchIndexIgnoredProperties: e643bd26f0fe6173181afceb89e7c659 -> 
  custom:AudioImporter_EditorPlatform: d09bf68614088b80899f8185d706f6e7 -> 
  custom:video-encoder-webm-vp8: eb34c28f22e8b96e1ab97ce403110664 -> 
  custom:audio-decoder-ogg-vorbis: bf7c407c2cedff20999df2af8eb42d56 -> 
  custom:audio-encoder-webm-vorbis: bf7c407c2cedff20999df2af8eb42d56 -> 
========================================================================
Received Prepare
Caller must complete domain reload
Begin MonoManager ReloadAssembly
- Loaded All Assemblies, in  0.530 seconds
Native extension for UWP target not found
Native extension for WindowsStandalone target not found
Native extension for WebGL target not found
[Package Manager] Server::EnsureServerProcessIsRunning -- launch failed, reason: Unity was launched with the -noUpm command-line argument
[Package Manager] UpmClient::Send -- Unable to send message (not connected to UPM process).
[Package Manager] Cannot connect to Unity Package Manager local server
Mono: successfully reloaded assembly
- Finished resetting the current domain, in  1.081 seconds
Domain Reload Profiling: 1604ms
	BeginReloadAssembly (153ms)
		ExecutionOrderSort (0ms)
		DisableScriptedObjects (11ms)
		BackupInstance (0ms)
		ReleaseScriptingObjects (0ms)
		CreateAndSetChildDomain (29ms)
	RebuildCommonClasses (30ms)
	RebuildNativeTypeToScriptingClass (10ms)
	initialDomainReloadingComplete (32ms)
	LoadAllAssembliesAndSetupDomain (298ms)
		LoadAssemblies (349ms)
		RebuildTransferFunctionScriptingTraits (0ms)
		AnalyzeDomain (30ms)
			TypeCache.Refresh (10ms)
				TypeCache.ScanAssembly (1ms)
			ScanForSourceGeneratedMonoScriptInfo (10ms)
			ResolveRequiredComponents (8ms)
	FinalizeReload (1081ms)
		ReleaseScriptCaches (0ms)
		RebuildScriptCaches (0ms)
		SetupLoadedEditorAssemblies (431ms)
			LogAssemblyErrors (0ms)
			InitializePlatformSupportModulesInManaged (11ms)
			SetLoadedEditorAssemblies (3ms)
			RefreshPlugins (0ms)
			BeforeProcessingInitializeOnLoad (80ms)
			ProcessInitializeOnLoadAttributes (297ms)
			ProcessInitializeOnLoadMethodAttributes (29ms)
			AfterProcessingInitializeOnLoad (11ms)
			EditorAssembliesLoaded (0ms)
		ExecutionOrderSort2 (0ms)
		AwakeInstancesAfterBackupRestoration (12ms)
Refreshing native plugins compatible for Editor in 6.46 ms, found 4 plugins.
Preloading 0 native plugins for Editor in 0.00 ms.
Unloading 4419 Unused Serialized files (Serialized files now loaded: 0)
Unloading 21 unused Assets / (112.5 KB). Loaded Objects now: 5038.
Memory consumption went from 164.7 MB to 164.6 MB.
Total: 3.188200 ms (FindLiveObjects: 0.301200 ms CreateObjectMapping: 0.288300 ms MarkObjects: 2.547700 ms  DeleteObjects: 0.050300 ms)

Prepare: number of updated asset objects reloaded= 0
AssetImportParameters requested are different than current active one (requested -> active):
  custom:container-demuxer-ogg: 62fdf1f143b41e24485cea50d1cbac27 -> 
  custom:video-decoder-ogg-theora: a1e56fd34408186e4bbccfd4996cb3dc -> 
  custom:framework-win-MediaFoundation: 216162199b28c13a410421893ffa2e32 -> 
  custom:CustomObjectIndexerAttribute: 9a22284fe3817be447336de3de66b15e -> 
  custom:container-demuxer-webm: 4f35f7cbe854078d1ac9338744f61a02 -> 
  custom:container-muxer-webm: aa71ff27fc2769a1b78a27578f13a17b -> 
  custom:video-decoder-webm-vp8: 9c59270c3fd7afecdb556c50c9e8de78 -> 
  custom:SearchIndexIgnoredProperties: e643bd26f0fe6173181afceb89e7c659 -> 
  custom:AudioImporter_EditorPlatform: d09bf68614088b80899f8185d706f6e7 -> 
  custom:video-encoder-webm-vp8: eb34c28f22e8b96e1ab97ce403110664 -> 
  custom:audio-decoder-ogg-vorbis: bf7c407c2cedff20999df2af8eb42d56 -> 
  custom:audio-encoder-webm-vorbis: bf7c407c2cedff20999df2af8eb42d56 -> 
========================================================================
Received Prepare
Caller must complete domain reload
Begin MonoManager ReloadAssembly
- Loaded All Assemblies, in  0.507 seconds
Native extension for UWP target not found
Native extension for WindowsStandalone target not found
Native extension for WebGL target not found
[Package Manager] Server::EnsureServerProcessIsRunning -- launch failed, reason: Unity was launched with the -noUpm command-line argument
[Package Manager] UpmClient::Send -- Unable to send message (not connected to UPM process).
[Package Manager] Cannot connect to Unity Package Manager local server
Mono: successfully reloaded assembly
- Finished resetting the current domain, in  1.176 seconds
Domain Reload Profiling: 1677ms
	BeginReloadAssembly (156ms)
		ExecutionOrderSort (0ms)
		DisableScriptedObjects (10ms)
		BackupInstance (0ms)
		ReleaseScriptingObjects (0ms)
		CreateAndSetChildDomain (30ms)
	RebuildCommonClasses (31ms)
	RebuildNativeTypeToScriptingClass (11ms)
	initialDomainReloadingComplete (34ms)
	LoadAllAssembliesAndSetupDomain (270ms)
		LoadAssemblies (339ms)
		RebuildTransferFunctionScriptingTraits (0ms)
		AnalyzeDomain (15ms)
			TypeCache.Refresh (6ms)
				TypeCache.ScanAssembly (0ms)
			ScanForSourceGeneratedMonoScriptInfo (0ms)
			ResolveRequiredComponents (7ms)
	FinalizeReload (1176ms)
		ReleaseScriptCaches (0ms)
		RebuildScriptCaches (0ms)
		SetupLoadedEditorAssemblies (481ms)
			LogAssemblyErrors (0ms)
			InitializePlatformSupportModulesInManaged (12ms)
			SetLoadedEditorAssemblies (3ms)
			RefreshPlugins (0ms)
			BeforeProcessingInitializeOnLoad (89ms)
			ProcessInitializeOnLoadAttributes (331ms)
			ProcessInitializeOnLoadMethodAttributes (34ms)
			AfterProcessingInitializeOnLoad (12ms)
			EditorAssembliesLoaded (0ms)
		ExecutionOrderSort2 (0ms)
		AwakeInstancesAfterBackupRestoration (14ms)
Refreshing native plugins compatible for Editor in 7.03 ms, found 4 plugins.
Preloading 0 native plugins for Editor in 0.00 ms.
Unloading 4419 Unused Serialized files (Serialized files now loaded: 0)
Unloading 21 unused Assets / (112.5 KB). Loaded Objects now: 5054.
Memory consumption went from 164.7 MB to 164.6 MB.
Total: 2.809000 ms (FindLiveObjects: 0.323600 ms CreateObjectMapping: 0.299500 ms MarkObjects: 2.134900 ms  DeleteObjects: 0.050300 ms)

Prepare: number of updated asset objects reloaded= 0
AssetImportParameters requested are different than current active one (requested -> active):
  custom:container-demuxer-ogg: 62fdf1f143b41e24485cea50d1cbac27 -> 
  custom:video-decoder-ogg-theora: a1e56fd34408186e4bbccfd4996cb3dc -> 
  custom:framework-win-MediaFoundation: 216162199b28c13a410421893ffa2e32 -> 
  custom:CustomObjectIndexerAttribute: 9a22284fe3817be447336de3de66b15e -> 
  custom:container-demuxer-webm: 4f35f7cbe854078d1ac9338744f61a02 -> 
  custom:container-muxer-webm: aa71ff27fc2769a1b78a27578f13a17b -> 
  custom:video-decoder-webm-vp8: 9c59270c3fd7afecdb556c50c9e8de78 -> 
  custom:SearchIndexIgnoredProperties: e643bd26f0fe6173181afceb89e7c659 -> 
  custom:AudioImporter_EditorPlatform: d09bf68614088b80899f8185d706f6e7 -> 
  custom:video-encoder-webm-vp8: eb34c28f22e8b96e1ab97ce403110664 -> 
  custom:audio-decoder-ogg-vorbis: bf7c407c2cedff20999df2af8eb42d56 -> 
  custom:audio-encoder-webm-vorbis: bf7c407c2cedff20999df2af8eb42d56 -> 
========================================================================
Received Prepare
Caller must complete domain reload
Begin MonoManager ReloadAssembly
- Loaded All Assemblies, in  0.602 seconds
Native extension for UWP target not found
Native extension for WindowsStandalone target not found
Native extension for WebGL target not found
[Package Manager] Server::EnsureServerProcessIsRunning -- launch failed, reason: Unity was launched with the -noUpm command-line argument
[Package Manager] UpmClient::Send -- Unable to send message (not connected to UPM process).
[Package Manager] Cannot connect to Unity Package Manager local server
Mono: successfully reloaded assembly
- Finished resetting the current domain, in  1.094 seconds
Domain Reload Profiling: 1690ms
	BeginReloadAssembly (176ms)
		ExecutionOrderSort (0ms)
		DisableScriptedObjects (10ms)
		BackupInstance (0ms)
		ReleaseScriptingObjects (0ms)
		CreateAndSetChildDomain (31ms)
	RebuildCommonClasses (35ms)
	RebuildNativeTypeToScriptingClass (11ms)
	initialDomainReloadingComplete (34ms)
	LoadAllAssembliesAndSetupDomain (339ms)
		LoadAssemblies (412ms)
		RebuildTransferFunctionScriptingTraits (0ms)
		AnalyzeDomain (28ms)
			TypeCache.Refresh (10ms)
				TypeCache.ScanAssembly (1ms)
			ScanForSourceGeneratedMonoScriptInfo (9ms)
			ResolveRequiredComponents (8ms)
	FinalizeReload (1094ms)
		ReleaseScriptCaches (0ms)
		RebuildScriptCaches (0ms)
		SetupLoadedEditorAssemblies (451ms)
			LogAssemblyErrors (0ms)
			InitializePlatformSupportModulesInManaged (12ms)
			SetLoadedEditorAssemblies (3ms)
			RefreshPlugins (0ms)
			BeforeProcessingInitializeOnLoad (82ms)
			ProcessInitializeOnLoadAttributes (313ms)
			ProcessInitializeOnLoadMethodAttributes (29ms)
			AfterProcessingInitializeOnLoad (11ms)
			EditorAssembliesLoaded (0ms)
		ExecutionOrderSort2 (0ms)
		AwakeInstancesAfterBackupRestoration (13ms)
Refreshing native plugins compatible for Editor in 7.10 ms, found 4 plugins.
Preloading 0 native plugins for Editor in 0.00 ms.
Unloading 4419 Unused Serialized files (Serialized files now loaded: 0)
Unloading 21 unused Assets / (112.5 KB). Loaded Objects now: 5070.
Memory consumption went from 164.8 MB to 164.7 MB.
Total: 3.041600 ms (FindLiveObjects: 0.336900 ms CreateObjectMapping: 0.355200 ms MarkObjects: 2.286400 ms  DeleteObjects: 0.061400 ms)

Prepare: number of updated asset objects reloaded= 0
AssetImportParameters requested are different than current active one (requested -> active):
  custom:container-demuxer-ogg: 62fdf1f143b41e24485cea50d1cbac27 -> 
  custom:video-decoder-ogg-theora: a1e56fd34408186e4bbccfd4996cb3dc -> 
  custom:framework-win-MediaFoundation: 216162199b28c13a410421893ffa2e32 -> 
  custom:CustomObjectIndexerAttribute: 9a22284fe3817be447336de3de66b15e -> 
  custom:container-demuxer-webm: 4f35f7cbe854078d1ac9338744f61a02 -> 
  custom:container-muxer-webm: aa71ff27fc2769a1b78a27578f13a17b -> 
  custom:video-decoder-webm-vp8: 9c59270c3fd7afecdb556c50c9e8de78 -> 
  custom:SearchIndexIgnoredProperties: e643bd26f0fe6173181afceb89e7c659 -> 
  custom:AudioImporter_EditorPlatform: d09bf68614088b80899f8185d706f6e7 -> 
  custom:video-encoder-webm-vp8: eb34c28f22e8b96e1ab97ce403110664 -> 
  custom:audio-decoder-ogg-vorbis: bf7c407c2cedff20999df2af8eb42d56 -> 
  custom:audio-encoder-webm-vorbis: bf7c407c2cedff20999df2af8eb42d56 -> 
  custom:scripting/precompiled-assembly-types:Assembly-CSharp: e0af528a61192c81321e1cba3aedb597 -> 7f09a2d1daacde8fa4828121b9130ead
========================================================================
Received Prepare
Caller must complete domain reload
Begin MonoManager ReloadAssembly
- Loaded All Assemblies, in  1.051 seconds
Native extension for UWP target not found
Native extension for WindowsStandalone target not found
Native extension for WebGL target not found
[Package Manager] Server::EnsureServerProcessIsRunning -- launch failed, reason: Unity was launched with the -noUpm command-line argument
[Package Manager] UpmClient::Send -- Unable to send message (not connected to UPM process).
[Package Manager] Cannot connect to Unity Package Manager local server
Mono: successfully reloaded assembly
- Finished resetting the current domain, in  1.091 seconds
Domain Reload Profiling: 2136ms
	BeginReloadAssembly (164ms)
		ExecutionOrderSort (0ms)
		DisableScriptedObjects (11ms)
		BackupInstance (0ms)
		ReleaseScriptingObjects (0ms)
		CreateAndSetChildDomain (29ms)
	RebuildCommonClasses (31ms)
	RebuildNativeTypeToScriptingClass (10ms)
	initialDomainReloadingComplete (33ms)
	LoadAllAssembliesAndSetupDomain (806ms)
		LoadAssemblies (868ms)
		RebuildTransferFunctionScriptingTraits (0ms)
		AnalyzeDomain (29ms)
			TypeCache.Refresh (11ms)
				TypeCache.ScanAssembly (1ms)
			ScanForSourceGeneratedMonoScriptInfo (9ms)
			ResolveRequiredComponents (7ms)
	FinalizeReload (1092ms)
		ReleaseScriptCaches (0ms)
		RebuildScriptCaches (0ms)
		SetupLoadedEditorAssemblies (441ms)
			LogAssemblyErrors (0ms)
			InitializePlatformSupportModulesInManaged (11ms)
			SetLoadedEditorAssemblies (3ms)
			RefreshPlugins (0ms)
			BeforeProcessingInitializeOnLoad (85ms)
			ProcessInitializeOnLoadAttributes (302ms)
			ProcessInitializeOnLoadMethodAttributes (29ms)
			AfterProcessingInitializeOnLoad (11ms)
			EditorAssembliesLoaded (0ms)
		ExecutionOrderSort2 (0ms)
		AwakeInstancesAfterBackupRestoration (14ms)
Refreshing native plugins compatible for Editor in 6.73 ms, found 4 plugins.
Preloading 0 native plugins for Editor in 0.00 ms.
Unloading 4419 Unused Serialized files (Serialized files now loaded: 0)
Unloading 21 unused Assets / (112.6 KB). Loaded Objects now: 5086.
Memory consumption went from 164.8 MB to 164.7 MB.
Total: 2.979100 ms (FindLiveObjects: 0.311200 ms CreateObjectMapping: 0.282600 ms MarkObjects: 2.316200 ms  DeleteObjects: 0.068000 ms)

Prepare: number of updated asset objects reloaded= 0
AssetImportParameters requested are different than current active one (requested -> active):
  custom:container-demuxer-ogg: 62fdf1f143b41e24485cea50d1cbac27 -> 
  custom:video-decoder-ogg-theora: a1e56fd34408186e4bbccfd4996cb3dc -> 
  custom:framework-win-MediaFoundation: 216162199b28c13a410421893ffa2e32 -> 
  custom:CustomObjectIndexerAttribute: 9a22284fe3817be447336de3de66b15e -> 
  custom:container-demuxer-webm: 4f35f7cbe854078d1ac9338744f61a02 -> 
  custom:container-muxer-webm: aa71ff27fc2769a1b78a27578f13a17b -> 
  custom:video-decoder-webm-vp8: 9c59270c3fd7afecdb556c50c9e8de78 -> 
  custom:SearchIndexIgnoredProperties: e643bd26f0fe6173181afceb89e7c659 -> 
  custom:AudioImporter_EditorPlatform: d09bf68614088b80899f8185d706f6e7 -> 
  custom:video-encoder-webm-vp8: eb34c28f22e8b96e1ab97ce403110664 -> 
  custom:audio-decoder-ogg-vorbis: bf7c407c2cedff20999df2af8eb42d56 -> 
  custom:audio-encoder-webm-vorbis: bf7c407c2cedff20999df2af8eb42d56 -> 
  custom:scripting/precompiled-assembly-types:Assembly-CSharp: e0af528a61192c81321e1cba3aedb597 -> 7f09a2d1daacde8fa4828121b9130ead
========================================================================
Received Prepare
Caller must complete domain reload
Begin MonoManager ReloadAssembly
- Loaded All Assemblies, in  1.080 seconds
Native extension for UWP target not found
Native extension for WindowsStandalone target not found
Native extension for WebGL target not found
[Package Manager] Server::EnsureServerProcessIsRunning -- launch failed, reason: Unity was launched with the -noUpm command-line argument
[Package Manager] UpmClient::Send -- Unable to send message (not connected to UPM process).
[Package Manager] Cannot connect to Unity Package Manager local server
Mono: successfully reloaded assembly
- Finished resetting the current domain, in  1.083 seconds
Domain Reload Profiling: 2156ms
	BeginReloadAssembly (166ms)
		ExecutionOrderSort (0ms)
		DisableScriptedObjects (10ms)
		BackupInstance (0ms)
		ReleaseScriptingObjects (0ms)
		CreateAndSetChildDomain (31ms)
	RebuildCommonClasses (35ms)
	RebuildNativeTypeToScriptingClass (11ms)
	initialDomainReloadingComplete (34ms)
	LoadAllAssembliesAndSetupDomain (826ms)
		LoadAssemblies (884ms)
		RebuildTransferFunctionScriptingTraits (0ms)
		AnalyzeDomain (33ms)
			TypeCache.Refresh (14ms)
				TypeCache.ScanAssembly (1ms)
			ScanForSourceGeneratedMonoScriptInfo (10ms)
			ResolveRequiredComponents (8ms)
	FinalizeReload (1083ms)
		ReleaseScriptCaches (0ms)
		RebuildScriptCaches (0ms)
		SetupLoadedEditorAssemblies (443ms)
			LogAssemblyErrors (0ms)
			InitializePlatformSupportModulesInManaged (10ms)
			SetLoadedEditorAssemblies (3ms)
			RefreshPlugins (0ms)
			BeforeProcessingInitializeOnLoad (82ms)
			ProcessInitializeOnLoadAttributes (306ms)
			ProcessInitializeOnLoadMethodAttributes (30ms)
			AfterProcessingInitializeOnLoad (11ms)
			EditorAssembliesLoaded (0ms)
		ExecutionOrderSort2 (0ms)
		AwakeInstancesAfterBackupRestoration (11ms)
Refreshing native plugins compatible for Editor in 6.97 ms, found 4 plugins.
Preloading 0 native plugins for Editor in 0.00 ms.
Unloading 4419 Unused Serialized files (Serialized files now loaded: 0)
Unloading 21 unused Assets / (112.7 KB). Loaded Objects now: 5102.
Memory consumption went from 164.8 MB to 164.7 MB.
Total: 3.152300 ms (FindLiveObjects: 0.341800 ms CreateObjectMapping: 0.287300 ms MarkObjects: 2.404200 ms  DeleteObjects: 0.117900 ms)

Prepare: number of updated asset objects reloaded= 0
AssetImportParameters requested are different than current active one (requested -> active):
  custom:container-demuxer-ogg: 62fdf1f143b41e24485cea50d1cbac27 -> 
  custom:video-decoder-ogg-theora: a1e56fd34408186e4bbccfd4996cb3dc -> 
  custom:framework-win-MediaFoundation: 216162199b28c13a410421893ffa2e32 -> 
  custom:CustomObjectIndexerAttribute: 9a22284fe3817be447336de3de66b15e -> 
  custom:container-demuxer-webm: 4f35f7cbe854078d1ac9338744f61a02 -> 
  custom:container-muxer-webm: aa71ff27fc2769a1b78a27578f13a17b -> 
  custom:video-decoder-webm-vp8: 9c59270c3fd7afecdb556c50c9e8de78 -> 
  custom:SearchIndexIgnoredProperties: e643bd26f0fe6173181afceb89e7c659 -> 
  custom:AudioImporter_EditorPlatform: d09bf68614088b80899f8185d706f6e7 -> 
  custom:video-encoder-webm-vp8: eb34c28f22e8b96e1ab97ce403110664 -> 
  custom:audio-decoder-ogg-vorbis: bf7c407c2cedff20999df2af8eb42d56 -> 
  custom:audio-encoder-webm-vorbis: bf7c407c2cedff20999df2af8eb42d56 -> 
  custom:scripting/precompiled-assembly-types:Assembly-CSharp: e0af528a61192c81321e1cba3aedb597 -> 7f09a2d1daacde8fa4828121b9130ead
========================================================================
Received Prepare
Caller must complete domain reload
Begin MonoManager ReloadAssembly
- Loaded All Assemblies, in  1.056 seconds
Native extension for UWP target not found
Native extension for WindowsStandalone target not found
Native extension for WebGL target not found
[Package Manager] Server::EnsureServerProcessIsRunning -- launch failed, reason: Unity was launched with the -noUpm command-line argument
[Package Manager] UpmClient::Send -- Unable to send message (not connected to UPM process).
[Package Manager] Cannot connect to Unity Package Manager local server
Mono: successfully reloaded assembly
- Finished resetting the current domain, in  1.224 seconds
Domain Reload Profiling: 2274ms
	BeginReloadAssembly (155ms)
		ExecutionOrderSort (0ms)
		DisableScriptedObjects (11ms)
		BackupInstance (0ms)
		ReleaseScriptingObjects (0ms)
		CreateAndSetChildDomain (30ms)
	RebuildCommonClasses (31ms)
	RebuildNativeTypeToScriptingClass (10ms)
	initialDomainReloadingComplete (34ms)
	LoadAllAssembliesAndSetupDomain (819ms)
		LoadAssemblies (373ms)
		RebuildTransferFunctionScriptingTraits (0ms)
		AnalyzeDomain (529ms)
			TypeCache.Refresh (11ms)
				TypeCache.ScanAssembly (1ms)
			ScanForSourceGeneratedMonoScriptInfo (501ms)
			ResolveRequiredComponents (15ms)
	FinalizeReload (1225ms)
		ReleaseScriptCaches (0ms)
		RebuildScriptCaches (0ms)
		SetupLoadedEditorAssemblies (468ms)
			LogAssemblyErrors (0ms)
			InitializePlatformSupportModulesInManaged (12ms)
			SetLoadedEditorAssemblies (3ms)
			RefreshPlugins (0ms)
			BeforeProcessingInitializeOnLoad (91ms)
			ProcessInitializeOnLoadAttributes (319ms)
			ProcessInitializeOnLoadMethodAttributes (31ms)
			AfterProcessingInitializeOnLoad (11ms)
			EditorAssembliesLoaded (0ms)
		ExecutionOrderSort2 (0ms)
		AwakeInstancesAfterBackupRestoration (13ms)
Refreshing native plugins compatible for Editor in 6.72 ms, found 4 plugins.
Preloading 0 native plugins for Editor in 0.00 ms.
Unloading 4419 Unused Serialized files (Serialized files now loaded: 0)
Unloading 21 unused Assets / (112.6 KB). Loaded Objects now: 5118.
Memory consumption went from 164.8 MB to 164.7 MB.
Total: 3.022000 ms (FindLiveObjects: 0.330800 ms CreateObjectMapping: 0.322800 ms MarkObjects: 2.312400 ms  DeleteObjects: 0.054800 ms)

Prepare: number of updated asset objects reloaded= 0
AssetImportParameters requested are different than current active one (requested -> active):
  custom:container-demuxer-ogg: 62fdf1f143b41e24485cea50d1cbac27 -> 
  custom:video-decoder-ogg-theora: a1e56fd34408186e4bbccfd4996cb3dc -> 
  custom:framework-win-MediaFoundation: 216162199b28c13a410421893ffa2e32 -> 
  custom:CustomObjectIndexerAttribute: 9a22284fe3817be447336de3de66b15e -> 
  custom:container-demuxer-webm: 4f35f7cbe854078d1ac9338744f61a02 -> 
  custom:container-muxer-webm: aa71ff27fc2769a1b78a27578f13a17b -> 
  custom:video-decoder-webm-vp8: 9c59270c3fd7afecdb556c50c9e8de78 -> 
  custom:SearchIndexIgnoredProperties: e643bd26f0fe6173181afceb89e7c659 -> 
  custom:AudioImporter_EditorPlatform: d09bf68614088b80899f8185d706f6e7 -> 
  custom:video-encoder-webm-vp8: eb34c28f22e8b96e1ab97ce403110664 -> 
  custom:audio-decoder-ogg-vorbis: bf7c407c2cedff20999df2af8eb42d56 -> 
  custom:audio-encoder-webm-vorbis: bf7c407c2cedff20999df2af8eb42d56 -> 
  custom:scripting/precompiled-assembly-types:Assembly-CSharp: e0af528a61192c81321e1cba3aedb597 -> 7f09a2d1daacde8fa4828121b9130ead
========================================================================
Received Prepare
Caller must complete domain reload
Begin MonoManager ReloadAssembly
- Loaded All Assemblies, in  0.552 seconds
Native extension for UWP target not found
Native extension for WindowsStandalone target not found
Native extension for WebGL target not found
[Package Manager] Server::EnsureServerProcessIsRunning -- launch failed, reason: Unity was launched with the -noUpm command-line argument
[Package Manager] UpmClient::Send -- Unable to send message (not connected to UPM process).
[Package Manager] Cannot connect to Unity Package Manager local server
Mono: successfully reloaded assembly
- Finished resetting the current domain, in  1.718 seconds
Domain Reload Profiling: 2264ms
	BeginReloadAssembly (163ms)
		ExecutionOrderSort (0ms)
		DisableScriptedObjects (12ms)
		BackupInstance (0ms)
		ReleaseScriptingObjects (0ms)
		CreateAndSetChildDomain (32ms)
	RebuildCommonClasses (31ms)
	RebuildNativeTypeToScriptingClass (11ms)
	initialDomainReloadingComplete (34ms)
	LoadAllAssembliesAndSetupDomain (308ms)
		LoadAssemblies (355ms)
		RebuildTransferFunctionScriptingTraits (0ms)
		AnalyzeDomain (38ms)
			TypeCache.Refresh (15ms)
				TypeCache.ScanAssembly (1ms)
			ScanForSourceGeneratedMonoScriptInfo (12ms)
			ResolveRequiredComponents (9ms)
	FinalizeReload (1719ms)
		ReleaseScriptCaches (0ms)
		RebuildScriptCaches (0ms)
		SetupLoadedEditorAssemblies (516ms)
			LogAssemblyErrors (0ms)
			InitializePlatformSupportModulesInManaged (10ms)
			SetLoadedEditorAssemblies (3ms)
			RefreshPlugins (0ms)
			BeforeProcessingInitializeOnLoad (81ms)
			ProcessInitializeOnLoadAttributes (381ms)
			ProcessInitializeOnLoadMethodAttributes (29ms)
			AfterProcessingInitializeOnLoad (11ms)
			EditorAssembliesLoaded (0ms)
		ExecutionOrderSort2 (0ms)
		AwakeInstancesAfterBackupRestoration (14ms)
Refreshing native plugins compatible for Editor in 6.82 ms, found 4 plugins.
Preloading 0 native plugins for Editor in 0.00 ms.
Unloading 4419 Unused Serialized files (Serialized files now loaded: 0)
Unloading 21 unused Assets / (112.7 KB). Loaded Objects now: 5134.
Memory consumption went from 164.7 MB to 164.6 MB.
Total: 3.554700 ms (FindLiveObjects: 0.330100 ms CreateObjectMapping: 0.271000 ms MarkObjects: 2.873700 ms  DeleteObjects: 0.078800 ms)

Prepare: number of updated asset objects reloaded= 0
AssetImportParameters requested are different than current active one (requested -> active):
  custom:container-demuxer-ogg: 62fdf1f143b41e24485cea50d1cbac27 -> 
  custom:video-decoder-ogg-theora: a1e56fd34408186e4bbccfd4996cb3dc -> 
  custom:framework-win-MediaFoundation: 216162199b28c13a410421893ffa2e32 -> 
  custom:CustomObjectIndexerAttribute: 9a22284fe3817be447336de3de66b15e -> 
  custom:container-demuxer-webm: 4f35f7cbe854078d1ac9338744f61a02 -> 
  custom:container-muxer-webm: aa71ff27fc2769a1b78a27578f13a17b -> 
  custom:video-decoder-webm-vp8: 9c59270c3fd7afecdb556c50c9e8de78 -> 
  custom:SearchIndexIgnoredProperties: e643bd26f0fe6173181afceb89e7c659 -> 
  custom:AudioImporter_EditorPlatform: d09bf68614088b80899f8185d706f6e7 -> 
  custom:video-encoder-webm-vp8: eb34c28f22e8b96e1ab97ce403110664 -> 
  custom:audio-decoder-ogg-vorbis: bf7c407c2cedff20999df2af8eb42d56 -> 
  custom:audio-encoder-webm-vorbis: bf7c407c2cedff20999df2af8eb42d56 -> 
  custom:scripting/precompiled-assembly-types:Assembly-CSharp: e0af528a61192c81321e1cba3aedb597 -> 7f09a2d1daacde8fa4828121b9130ead
========================================================================
Received Import Request.
  Time since last request: 1770630.808704 seconds.
  path: Assets/_Prefabs/UI_Gameplay/CoinCounter.prefab
  artifactKey: Guid(5b510721c9f4aac49a1e811b9f259a92) Importer(815301076,1909f56bfc062723c751e8b465ee728b)
Start importing Assets/_Prefabs/UI_Gameplay/CoinCounter.prefab using Guid(5b510721c9f4aac49a1e811b9f259a92) Importer(815301076,1909f56bfc062723c751e8b465ee728b) [PhysX] Initialized MultithreadedTaskDispatcher with 8 workers.
 -> (artifact id: '1ed38ad99abcd9c610767d22cb924fe8') in 0.002919 seconds
Number of updated asset objects reloaded before import = 0
Number of asset objects unloaded after import = 0
========================================================================
Received Import Request.
  Time since last request: 172.015690 seconds.
  path: Assets/_Assets/kenney_ui-pack/PNG/Red/Double/arrow_basic_e.png
  artifactKey: Guid(662486a973186ca4682e18aa3b76eaec) Importer(815301076,1909f56bfc062723c751e8b465ee728b)
Start importing Assets/_Assets/kenney_ui-pack/PNG/Red/Double/arrow_basic_e.png using Guid(662486a973186ca4682e18aa3b76eaec) Importer(815301076,1909f56bfc062723c751e8b465ee728b) [PhysX] Initialized MultithreadedTaskDispatcher with 8 workers.
[PhysX] Initialized MultithreadedTaskDispatcher with 8 workers.
 -> (artifact id: '15260169411d3101013ddb53b57c8d20') in 0.191495 seconds
Number of updated asset objects reloaded before import = 0
Number of asset objects unloaded after import = 3
========================================================================
Received Import Request.
  Time since last request: 0.208483 seconds.
  path: Assets/_Assets/kenney_ui-pack/PNG/Green/Double/arrow_basic_e_small.png
  artifactKey: Guid(01bbf935c0d6e1c46ac69342c7f9bf6d) Importer(815301076,1909f56bfc062723c751e8b465ee728b)
Start importing Assets/_Assets/kenney_ui-pack/PNG/Green/Double/arrow_basic_e_small.png using Guid(01bbf935c0d6e1c46ac69342c7f9bf6d) Importer(815301076,1909f56bfc062723c751e8b465ee728b) [PhysX] Initialized MultithreadedTaskDispatcher with 8 workers.
[PhysX] Initialized MultithreadedTaskDispatcher with 8 workers.
 -> (artifact id: '20c1b07c15f2e035d53f567c09d25a3e') in 0.009825 seconds
Number of updated asset objects reloaded before import = 0
Number of asset objects unloaded after import = 3
========================================================================
Received Import Request.
  Time since last request: 0.000016 seconds.
  path: Assets/_Assets/kenney_ui-pack/PNG/Red/Default/arrow_basic_n.png
  artifactKey: Guid(cbe5147a320b0204b85adcc3f015ef79) Importer(815301076,1909f56bfc062723c751e8b465ee728b)
Start importing Assets/_Assets/kenney_ui-pack/PNG/Red/Default/arrow_basic_n.png using Guid(cbe5147a320b0204b85adcc3f015ef79) Importer(815301076,1909f56bfc062723c751e8b465ee728b) [PhysX] Initialized MultithreadedTaskDispatcher with 8 workers.
[PhysX] Initialized MultithreadedTaskDispatcher with 8 workers.
 -> (artifact id: 'f1384722856327344ca3d84c69329697') in 0.009584 seconds
Number of updated asset objects reloaded before import = 0
Number of asset objects unloaded after import = 3
========================================================================
Received Import Request.
  Time since last request: 0.000014 seconds.
  path: Assets/_Assets/kenney_ui-pack/PNG/Green/Double/arrow_basic_n.png
  artifactKey: Guid(e0cfcc75ce5e7d444a0bdbfe0a5a8de6) Importer(815301076,1909f56bfc062723c751e8b465ee728b)
Start importing Assets/_Assets/kenney_ui-pack/PNG/Green/Double/arrow_basic_n.png using Guid(e0cfcc75ce5e7d444a0bdbfe0a5a8de6) Importer(815301076,1909f56bfc062723c751e8b465ee728b) [PhysX] Initialized MultithreadedTaskDispatcher with 8 workers.
[PhysX] Initialized MultithreadedTaskDispatcher with 8 workers.
 -> (artifact id: '3476ac78ad2e02237e8807ccf4591d18') in 0.008256 seconds
Number of updated asset objects reloaded before import = 0
Number of asset objects unloaded after import = 3
========================================================================
Received Import Request.
  Time since last request: 0.000019 seconds.
  path: Assets/_Assets/kenney_ui-pack/PNG/Yellow/Double/arrow_basic_e_small.png
  artifactKey: Guid(70c80ab5eb005a94e9c33e051f658eb2) Importer(815301076,1909f56bfc062723c751e8b465ee728b)
Start importing Assets/_Assets/kenney_ui-pack/PNG/Yellow/Double/arrow_basic_e_small.png using Guid(70c80ab5eb005a94e9c33e051f658eb2) Importer(815301076,1909f56bfc062723c751e8b465ee728b) [PhysX] Initialized MultithreadedTaskDispatcher with 8 workers.
[PhysX] Initialized MultithreadedTaskDispatcher with 8 workers.
 -> (artifact id: 'fb642fcf30e8b3e1d7de5df4bccf6fde') in 0.009920 seconds
Number of updated asset objects reloaded before import = 0
Number of asset objects unloaded after import = 3
========================================================================
Received Import Request.
  Time since last request: 0.000015 seconds.
  path: Assets/_Assets/kenney_ui-pack/PNG/Yellow/Double/arrow_basic_n.png
  artifactKey: Guid(c435151320dc72f4081d462784084ed2) Importer(815301076,1909f56bfc062723c751e8b465ee728b)
Start importing Assets/_Assets/kenney_ui-pack/PNG/Yellow/Double/arrow_basic_n.png using Guid(c435151320dc72f4081d462784084ed2) Importer(815301076,1909f56bfc062723c751e8b465ee728b) [PhysX] Initialized MultithreadedTaskDispatcher with 8 workers.
[PhysX] Initialized MultithreadedTaskDispatcher with 8 workers.
 -> (artifact id: '46127d858a08ab6b64d8126e3e614479') in 0.010527 seconds
Number of updated asset objects reloaded before import = 0
Number of asset objects unloaded after import = 3
========================================================================
Received Import Request.
  Time since last request: 0.000019 seconds.
  path: Assets/_Assets/kenney_ui-pack/PNG/Blue/Double/arrow_basic_n_small.png
  artifactKey: Guid(2271650c4b7b6b04caa9bad1edd58b0f) Importer(815301076,1909f56bfc062723c751e8b465ee728b)
Start importing Assets/_Assets/kenney_ui-pack/PNG/Blue/Double/arrow_basic_n_small.png using Guid(2271650c4b7b6b04caa9bad1edd58b0f) Importer(815301076,1909f56bfc062723c751e8b465ee728b) [PhysX] Initialized MultithreadedTaskDispatcher with 8 workers.
[PhysX] Initialized MultithreadedTaskDispatcher with 8 workers.
 -> (artifact id: '22de32d56bf44f663f9fcd47ebc59f90') in 0.012610 seconds
Number of updated asset objects reloaded before import = 0
Number of asset objects unloaded after import = 3
========================================================================
Received Import Request.
  Time since last request: 0.000100 seconds.
  path: Assets/_Assets/kenney_ui-pack/PNG/Red/Default/arrow_basic_s.png
  artifactKey: Guid(ebddedabe5e75aa4cba2ede15a583ed6) Importer(815301076,1909f56bfc062723c751e8b465ee728b)
Start importing Assets/_Assets/kenney_ui-pack/PNG/Red/Default/arrow_basic_s.png using Guid(ebddedabe5e75aa4cba2ede15a583ed6) Importer(815301076,1909f56bfc062723c751e8b465ee728b) [PhysX] Initialized MultithreadedTaskDispatcher with 8 workers.
[PhysX] Initialized MultithreadedTaskDispatcher with 8 workers.
 -> (artifact id: '5115992ef4538f6f904b65999908bbc7') in 0.010950 seconds
Number of updated asset objects reloaded before import = 0
Number of asset objects unloaded after import = 3
========================================================================
Received Import Request.
  Time since last request: 0.000022 seconds.
  path: Assets/_Assets/kenney_ui-pack/PNG/Grey/Double/arrow_basic_n.png
  artifactKey: Guid(2903659a57e22ef44b72e4eb279eabfd) Importer(815301076,1909f56bfc062723c751e8b465ee728b)
Start importing Assets/_Assets/kenney_ui-pack/PNG/Grey/Double/arrow_basic_n.png using Guid(2903659a57e22ef44b72e4eb279eabfd) Importer(815301076,1909f56bfc062723c751e8b465ee728b) [PhysX] Initialized MultithreadedTaskDispatcher with 8 workers.
[PhysX] Initialized MultithreadedTaskDispatcher with 8 workers.
 -> (artifact id: '2cc2aaac10ee2a1e450b6fca25463741') in 0.008569 seconds
Number of updated asset objects reloaded before import = 0
Number of asset objects unloaded after import = 3
========================================================================
Received Import Request.
  Time since last request: 0.000023 seconds.
  path: Assets/_Assets/kenney_ui-pack/PNG/Red/Double/arrow_basic_s.png
  artifactKey: Guid(6fdf2dd304c654842a3d45594bfcc36f) Importer(815301076,1909f56bfc062723c751e8b465ee728b)
Start importing Assets/_Assets/kenney_ui-pack/PNG/Red/Double/arrow_basic_s.png using Guid(6fdf2dd304c654842a3d45594bfcc36f) Importer(815301076,1909f56bfc062723c751e8b465ee728b) [PhysX] Initialized MultithreadedTaskDispatcher with 8 workers.
[PhysX] Initialized MultithreadedTaskDispatcher with 8 workers.
 -> (artifact id: '10690c153a16f99644f8d078577df063') in 0.008355 seconds
Number of updated asset objects reloaded before import = 0
Number of asset objects unloaded after import = 3
========================================================================
Received Import Request.
  Time since last request: 0.000015 seconds.
  path: Assets/_Assets/kenney_ui-pack/PNG/Green/Double/arrow_basic_w.png
  artifactKey: Guid(acc8d0d7d18743c47be51bea09db79a4) Importer(815301076,1909f56bfc062723c751e8b465ee728b)
Start importing Assets/_Assets/kenney_ui-pack/PNG/Green/Double/arrow_basic_w.png using Guid(acc8d0d7d18743c47be51bea09db79a4) Importer(815301076,1909f56bfc062723c751e8b465ee728b) [PhysX] Initialized MultithreadedTaskDispatcher with 8 workers.
[PhysX] Initialized MultithreadedTaskDispatcher with 8 workers.
 -> (artifact id: 'e9594db8811020c2365640c20c35209f') in 0.009210 seconds
Number of updated asset objects reloaded before import = 0
Number of asset objects unloaded after import = 3
========================================================================
Received Import Request.
  Time since last request: 0.000019 seconds.
  path: Assets/_Assets/kenney_ui-pack/PNG/Red/Double/arrow_basic_e_small.png
  artifactKey: Guid(c4770241e150e81439e5119be866c8bc) Importer(815301076,1909f56bfc062723c751e8b465ee728b)
Start importing Assets/_Assets/kenney_ui-pack/PNG/Red/Double/arrow_basic_e_small.png using Guid(c4770241e150e81439e5119be866c8bc) Importer(815301076,1909f56bfc062723c751e8b465ee728b) [PhysX] Initialized MultithreadedTaskDispatcher with 8 workers.
[PhysX] Initialized MultithreadedTaskDispatcher with 8 workers.
 -> (artifact id: 'e733ac6df084e76dd71b10cb111335f9') in 0.007594 seconds
Number of updated asset objects reloaded before import = 0
Number of asset objects unloaded after import = 3
========================================================================
Received Import Request.
  Time since last request: 0.000015 seconds.
  path: Assets/_Assets/kenney_ui-pack/PNG/Blue/Double/arrow_basic_n.png
  artifactKey: Guid(d42b187a05e4d6446951002eae8d5147) Importer(815301076,1909f56bfc062723c751e8b465ee728b)
Start importing Assets/_Assets/kenney_ui-pack/PNG/Blue/Double/arrow_basic_n.png using Guid(d42b187a05e4d6446951002eae8d5147) Importer(815301076,1909f56bfc062723c751e8b465ee728b) [PhysX] Initialized MultithreadedTaskDispatcher with 8 workers.
[PhysX] Initialized MultithreadedTaskDispatcher with 8 workers.
 -> (artifact id: '84fe691dd2c723c5e88a0b384797493b') in 0.007633 seconds
Number of updated asset objects reloaded before import = 0
Number of asset objects unloaded after import = 3
========================================================================
Received Import Request.
  Time since last request: 0.000013 seconds.
  path: Assets/_Assets/kenney_ui-pack/PNG/Blue/Default/arrow_basic_n_small.png
  artifactKey: Guid(2150a1e5d54e02247a6fa20debf3905e) Importer(815301076,1909f56bfc062723c751e8b465ee728b)
Start importing Assets/_Assets/kenney_ui-pack/PNG/Blue/Default/arrow_basic_n_small.png using Guid(2150a1e5d54e02247a6fa20debf3905e) Importer(815301076,1909f56bfc062723c751e8b465ee728b) [PhysX] Initialized MultithreadedTaskDispatcher with 8 workers.
[PhysX] Initialized MultithreadedTaskDispatcher with 8 workers.
 -> (artifact id: '7cce22d0cc8b1c95838612e5fe2817fd') in 0.008321 seconds
Number of updated asset objects reloaded before import = 0
Number of asset objects unloaded after import = 3
========================================================================
Received Import Request.
  Time since last request: 0.000014 seconds.
  path: Assets/_Assets/kenney_ui-pack/PNG/Grey/Default/arrow_basic_w.png
  artifactKey: Guid(d2def7263b00e784094af2b175b48395) Importer(815301076,1909f56bfc062723c751e8b465ee728b)
Start importing Assets/_Assets/kenney_ui-pack/PNG/Grey/Default/arrow_basic_w.png using Guid(d2def7263b00e784094af2b175b48395) Importer(815301076,1909f56bfc062723c751e8b465ee728b) [PhysX] Initialized MultithreadedTaskDispatcher with 8 workers.
[PhysX] Initialized MultithreadedTaskDispatcher with 8 workers.
 -> (artifact id: 'de48002cbb1f7ccbf08ae7162f0a7e19') in 0.006580 seconds
Number of updated asset objects reloaded before import = 0
Number of asset objects unloaded after import = 3
========================================================================
Received Import Request.
  Time since last request: 0.000013 seconds.
  path: Assets/_Assets/kenney_ui-pack/PNG/Red/Default/arrow_basic_w_small.png
  artifactKey: Guid(76d53a903c391d745aa4f8c337ccafda) Importer(815301076,1909f56bfc062723c751e8b465ee728b)
Start importing Assets/_Assets/kenney_ui-pack/PNG/Red/Default/arrow_basic_w_small.png using Guid(76d53a903c391d745aa4f8c337ccafda) Importer(815301076,1909f56bfc062723c751e8b465ee728b) [PhysX] Initialized MultithreadedTaskDispatcher with 8 workers.
[PhysX] Initialized MultithreadedTaskDispatcher with 8 workers.
 -> (artifact id: '07905838b1933ab3d9b3bb8f40dad371') in 0.006963 seconds
Number of updated asset objects reloaded before import = 0
Number of asset objects unloaded after import = 3
========================================================================
Received Import Request.
  Time since last request: 0.000042 seconds.
  path: Assets/_Assets/kenney_ui-pack/PNG/Grey/Double/arrow_basic_w_small.png
  artifactKey: Guid(d9337b8ab80045a498b49967e349efce) Importer(815301076,1909f56bfc062723c751e8b465ee728b)
Start importing Assets/_Assets/kenney_ui-pack/PNG/Grey/Double/arrow_basic_w_small.png using Guid(d9337b8ab80045a498b49967e349efce) Importer(815301076,1909f56bfc062723c751e8b465ee728b) [PhysX] Initialized MultithreadedTaskDispatcher with 8 workers.
[PhysX] Initialized MultithreadedTaskDispatcher with 8 workers.
 -> (artifact id: 'bd9299f84f7fbfecd8ab9b4aed62b684') in 0.007592 seconds
Number of updated asset objects reloaded before import = 0
Number of asset objects unloaded after import = 3
========================================================================
Received Import Request.
  Time since last request: 0.000015 seconds.
  path: Assets/_Assets/kenney_ui-pack/PNG/Blue/Default/arrow_basic_w_small.png
  artifactKey: Guid(23f495f42ea7a904fa5a2d7c98a9bca7) Importer(815301076,1909f56bfc062723c751e8b465ee728b)
Start importing Assets/_Assets/kenney_ui-pack/PNG/Blue/Default/arrow_basic_w_small.png using Guid(23f495f42ea7a904fa5a2d7c98a9bca7) Importer(815301076,1909f56bfc062723c751e8b465ee728b) [PhysX] Initialized MultithreadedTaskDispatcher with 8 workers.
[PhysX] Initialized MultithreadedTaskDispatcher with 8 workers.
 -> (artifact id: '2169f57a2b5ae46d67c4dd72b287a870') in 0.009019 seconds
Number of updated asset objects reloaded before import = 0
Number of asset objects unloaded after import = 3
========================================================================
Received Import Request.
  Time since last request: 0.000016 seconds.
  path: Assets/_Assets/kenney_ui-pack/PNG/Green/Default/arrow_basic_s.png
  artifactKey: Guid(2ebd7dcd387b7eb41ada774a7a4c7fb8) Importer(815301076,1909f56bfc062723c751e8b465ee728b)
Start importing Assets/_Assets/kenney_ui-pack/PNG/Green/Default/arrow_basic_s.png using Guid(2ebd7dcd387b7eb41ada774a7a4c7fb8) Importer(815301076,1909f56bfc062723c751e8b465ee728b) [PhysX] Initialized MultithreadedTaskDispatcher with 8 workers.
[PhysX] Initialized MultithreadedTaskDispatcher with 8 workers.
 -> (artifact id: '3d7c5252ce0bb2916aad12648d2059e5') in 0.008143 seconds
Number of updated asset objects reloaded before import = 0
Number of asset objects unloaded after import = 3
========================================================================
Received Import Request.
  Time since last request: 0.000018 seconds.
  path: Assets/_Assets/kenney_ui-pack/PNG/Blue/Default/arrow_basic_e_small.png
  artifactKey: Guid(d2a95205f279aef40a96372e3eb65201) Importer(815301076,1909f56bfc062723c751e8b465ee728b)
Start importing Assets/_Assets/kenney_ui-pack/PNG/Blue/Default/arrow_basic_e_small.png using Guid(d2a95205f279aef40a96372e3eb65201) Importer(815301076,1909f56bfc062723c751e8b465ee728b) [PhysX] Initialized MultithreadedTaskDispatcher with 8 workers.
[PhysX] Initialized MultithreadedTaskDispatcher with 8 workers.
 -> (artifact id: 'd00b213cf1765d47723b8ddeb263a156') in 0.011053 seconds
Number of updated asset objects reloaded before import = 0
Number of asset objects unloaded after import = 3
========================================================================
Received Import Request.
  Time since last request: 0.000020 seconds.
  path: Assets/_Assets/kenney_ui-pack/PNG/Yellow/Double/arrow_basic_s_small.png
  artifactKey: Guid(53d57b844a36ee542a777aece6d05826) Importer(815301076,1909f56bfc062723c751e8b465ee728b)
Start importing Assets/_Assets/kenney_ui-pack/PNG/Yellow/Double/arrow_basic_s_small.png using Guid(53d57b844a36ee542a777aece6d05826) Importer(815301076,1909f56bfc062723c751e8b465ee728b) [PhysX] Initialized MultithreadedTaskDispatcher with 8 workers.
[PhysX] Initialized MultithreadedTaskDispatcher with 8 workers.
 -> (artifact id: '32ba927a3d87515f4caab2274d6c5283') in 0.011436 seconds
Number of updated asset objects reloaded before import = 0
Number of asset objects unloaded after import = 3
========================================================================
Received Import Request.
  Time since last request: 0.000019 seconds.
  path: Assets/_Assets/kenney_ui-pack/PNG/Yellow/Double/arrow_basic_w_small.png
  artifactKey: Guid(160f184fcd265fe48a2a1762474cbb66) Importer(815301076,1909f56bfc062723c751e8b465ee728b)
Start importing Assets/_Assets/kenney_ui-pack/PNG/Yellow/Double/arrow_basic_w_small.png using Guid(160f184fcd265fe48a2a1762474cbb66) Importer(815301076,1909f56bfc062723c751e8b465ee728b) [PhysX] Initialized MultithreadedTaskDispatcher with 8 workers.
[PhysX] Initialized MultithreadedTaskDispatcher with 8 workers.
 -> (artifact id: '7372f8d928d5437e9a1a1bdad2377b60') in 0.009397 seconds
Number of updated asset objects reloaded before import = 0
Number of asset objects unloaded after import = 3
========================================================================
Received Import Request.
  Time since last request: 0.000023 seconds.
  path: Assets/_Assets/kenney_ui-pack/PNG/Grey/Default/arrow_basic_e_small.png
  artifactKey: Guid(f818e86229a74c94a99a474bcc6304de) Importer(815301076,1909f56bfc062723c751e8b465ee728b)
Start importing Assets/_Assets/kenney_ui-pack/PNG/Grey/Default/arrow_basic_e_small.png using Guid(f818e86229a74c94a99a474bcc6304de) Importer(815301076,1909f56bfc062723c751e8b465ee728b) [PhysX] Initialized MultithreadedTaskDispatcher with 8 workers.
[PhysX] Initialized MultithreadedTaskDispatcher with 8 workers.
 -> (artifact id: 'f670ac440da9f25bb07a220c8091335b') in 0.010671 seconds
Number of updated asset objects reloaded before import = 0
Number of asset objects unloaded after import = 3
========================================================================
Received Import Request.
  Time since last request: 0.000012 seconds.
  path: Assets/_Assets/kenney_ui-pack/PNG/Blue/Default/arrow_basic_s.png
  artifactKey: Guid(189b9a8f3642ed74790eb8895852e0c3) Importer(815301076,1909f56bfc062723c751e8b465ee728b)
Start importing Assets/_Assets/kenney_ui-pack/PNG/Blue/Default/arrow_basic_s.png using Guid(189b9a8f3642ed74790eb8895852e0c3) Importer(815301076,1909f56bfc062723c751e8b465ee728b) [PhysX] Initialized MultithreadedTaskDispatcher with 8 workers.
[PhysX] Initialized MultithreadedTaskDispatcher with 8 workers.
 -> (artifact id: '11536047239f87c84211be494209819f') in 0.008646 seconds
Number of updated asset objects reloaded before import = 0
Number of asset objects unloaded after import = 3
========================================================================
Received Import Request.
  Time since last request: 0.000014 seconds.
  path: Assets/_Assets/kenney_ui-pack/PNG/Yellow/Double/arrow_basic_w.png
  artifactKey: Guid(3e656c3246808c4459283e3fb6b3eccc) Importer(815301076,1909f56bfc062723c751e8b465ee728b)
Start importing Assets/_Assets/kenney_ui-pack/PNG/Yellow/Double/arrow_basic_w.png using Guid(3e656c3246808c4459283e3fb6b3eccc) Importer(815301076,1909f56bfc062723c751e8b465ee728b) [PhysX] Initialized MultithreadedTaskDispatcher with 8 workers.
[PhysX] Initialized MultithreadedTaskDispatcher with 8 workers.
 -> (artifact id: 'eab3d531b9268e275a2ce2ffeac5e55c') in 0.008465 seconds
Number of updated asset objects reloaded before import = 0
Number of asset objects unloaded after import = 3
========================================================================
Received Import Request.
  Time since last request: 0.000013 seconds.
  path: Assets/_Assets/kenney_ui-pack/PNG/Red/Default/arrow_basic_s_small.png
  artifactKey: Guid(74ece585e102ee94e8facc9dae598388) Importer(815301076,1909f56bfc062723c751e8b465ee728b)
Start importing Assets/_Assets/kenney_ui-pack/PNG/Red/Default/arrow_basic_s_small.png using Guid(74ece585e102ee94e8facc9dae598388) Importer(815301076,1909f56bfc062723c751e8b465ee728b) [PhysX] Initialized MultithreadedTaskDispatcher with 8 workers.
[PhysX] Initialized MultithreadedTaskDispatcher with 8 workers.
 -> (artifact id: 'dd0d76490fa3feb18e6e09eac656fa9c') in 0.013262 seconds
Number of updated asset objects reloaded before import = 0
Number of asset objects unloaded after import = 3
========================================================================
Received Import Request.
  Time since last request: 0.000016 seconds.
  path: Assets/_Assets/kenney_ui-pack/PNG/Grey/Double/arrow_basic_w.png
  artifactKey: Guid(4a578a508e49d4c4889d05acd0450069) Importer(815301076,1909f56bfc062723c751e8b465ee728b)
Start importing Assets/_Assets/kenney_ui-pack/PNG/Grey/Double/arrow_basic_w.png using Guid(4a578a508e49d4c4889d05acd0450069) Importer(815301076,1909f56bfc062723c751e8b465ee728b) [PhysX] Initialized MultithreadedTaskDispatcher with 8 workers.
[PhysX] Initialized MultithreadedTaskDispatcher with 8 workers.
 -> (artifact id: '40bb9b1e6b69880980032cefebd207a0') in 0.012361 seconds
Number of updated asset objects reloaded before import = 0
Number of asset objects unloaded after import = 3
========================================================================
Received Import Request.
  Time since last request: 0.000016 seconds.
  path: Assets/_Assets/kenney_ui-pack/PNG/Yellow/Default/arrow_basic_n_small.png
  artifactKey: Guid(99bf03fbc93688645a816755da800e96) Importer(815301076,1909f56bfc062723c751e8b465ee728b)
Start importing Assets/_Assets/kenney_ui-pack/PNG/Yellow/Default/arrow_basic_n_small.png using Guid(99bf03fbc93688645a816755da800e96) Importer(815301076,1909f56bfc062723c751e8b465ee728b) [PhysX] Initialized MultithreadedTaskDispatcher with 8 workers.
[PhysX] Initialized MultithreadedTaskDispatcher with 8 workers.
 -> (artifact id: '6c6962ac80b35dd92a6494d243be6bbb') in 0.009754 seconds
Number of updated asset objects reloaded before import = 0
Number of asset objects unloaded after import = 3
========================================================================
Received Import Request.
  Time since last request: 0.000013 seconds.
  path: Assets/_Assets/kenney_ui-pack/PNG/Yellow/Default/arrow_basic_s_small.png
  artifactKey: Guid(05988935880c5f54bbb7bb5f20f010ed) Importer(815301076,1909f56bfc062723c751e8b465ee728b)
Start importing Assets/_Assets/kenney_ui-pack/PNG/Yellow/Default/arrow_basic_s_small.png using Guid(05988935880c5f54bbb7bb5f20f010ed) Importer(815301076,1909f56bfc062723c751e8b465ee728b) [PhysX] Initialized MultithreadedTaskDispatcher with 8 workers.
[PhysX] Initialized MultithreadedTaskDispatcher with 8 workers.
 -> (artifact id: '7297d3fd7c4d319931391a0862045c9c') in 0.011030 seconds
Number of updated asset objects reloaded before import = 0
Number of asset objects unloaded after import = 3
========================================================================
Received Import Request.
  Time since last request: 0.000026 seconds.
  path: Assets/_Assets/kenney_ui-pack/PNG/Green/Default/arrow_basic_n.png
  artifactKey: Guid(71326e4c260ee864996c443ff4920e51) Importer(815301076,1909f56bfc062723c751e8b465ee728b)
Start importing Assets/_Assets/kenney_ui-pack/PNG/Green/Default/arrow_basic_n.png using Guid(71326e4c260ee864996c443ff4920e51) Importer(815301076,1909f56bfc062723c751e8b465ee728b) [PhysX] Initialized MultithreadedTaskDispatcher with 8 workers.
[PhysX] Initialized MultithreadedTaskDispatcher with 8 workers.
 -> (artifact id: '91979c7332f2e795c9bd71d38f86a2b2') in 0.008785 seconds
Number of updated asset objects reloaded before import = 0
Number of asset objects unloaded after import = 3
========================================================================
Received Import Request.
  Time since last request: 0.000019 seconds.
  path: Assets/_Assets/kenney_ui-pack/PNG/Green/Default/arrow_basic_s_small.png
  artifactKey: Guid(984f3903530b9ec44aff1d453021d9e6) Importer(815301076,1909f56bfc062723c751e8b465ee728b)
Start importing Assets/_Assets/kenney_ui-pack/PNG/Green/Default/arrow_basic_s_small.png using Guid(984f3903530b9ec44aff1d453021d9e6) Importer(815301076,1909f56bfc062723c751e8b465ee728b) [PhysX] Initialized MultithreadedTaskDispatcher with 8 workers.
[PhysX] Initialized MultithreadedTaskDispatcher with 8 workers.
 -> (artifact id: '3aab6a04c01a9c6f4db5b7fcaf42f435') in 0.009210 seconds
Number of updated asset objects reloaded before import = 0
Number of asset objects unloaded after import = 3
========================================================================
Received Import Request.
  Time since last request: 0.000031 seconds.
  path: Assets/_Assets/kenney_ui-pack/PNG/Grey/Double/arrow_basic_e_small.png
  artifactKey: Guid(875958bb6e0201c4e9ac236aba289c67) Importer(815301076,1909f56bfc062723c751e8b465ee728b)
Start importing Assets/_Assets/kenney_ui-pack/PNG/Grey/Double/arrow_basic_e_small.png using Guid(875958bb6e0201c4e9ac236aba289c67) Importer(815301076,1909f56bfc062723c751e8b465ee728b) [PhysX] Initialized MultithreadedTaskDispatcher with 8 workers.
[PhysX] Initialized MultithreadedTaskDispatcher with 8 workers.
 -> (artifact id: '7aa8e15a4a90fee054c6029d9c22ccda') in 0.010047 seconds
Number of updated asset objects reloaded before import = 0
Number of asset objects unloaded after import = 3
========================================================================
Received Import Request.
  Time since last request: 0.000016 seconds.
  path: Assets/_Assets/kenney_ui-pack/PNG/Blue/Double/arrow_basic_w.png
  artifactKey: Guid(8824f2665f9f6c841801a25e29a4ef64) Importer(815301076,1909f56bfc062723c751e8b465ee728b)
Start importing Assets/_Assets/kenney_ui-pack/PNG/Blue/Double/arrow_basic_w.png using Guid(8824f2665f9f6c841801a25e29a4ef64) Importer(815301076,1909f56bfc062723c751e8b465ee728b) [PhysX] Initialized MultithreadedTaskDispatcher with 8 workers.
[PhysX] Initialized MultithreadedTaskDispatcher with 8 workers.
 -> (artifact id: 'a9a917f7017789fe1b20334fc8b5e87a') in 0.010167 seconds
Number of updated asset objects reloaded before import = 0
Number of asset objects unloaded after import = 3
========================================================================
Received Import Request.
  Time since last request: 0.000015 seconds.
  path: Assets/_Assets/kenney_ui-pack/PNG/Grey/Double/arrow_basic_s.png
  artifactKey: Guid(ec99ac5a707e837468e79fa86b51d05f) Importer(815301076,1909f56bfc062723c751e8b465ee728b)
Start importing Assets/_Assets/kenney_ui-pack/PNG/Grey/Double/arrow_basic_s.png using Guid(ec99ac5a707e837468e79fa86b51d05f) Importer(815301076,1909f56bfc062723c751e8b465ee728b) [PhysX] Initialized MultithreadedTaskDispatcher with 8 workers.
[PhysX] Initialized MultithreadedTaskDispatcher with 8 workers.
 -> (artifact id: 'a6f1d7b6c8b16e216e442bef1a9cd892') in 0.010089 seconds
Number of updated asset objects reloaded before import = 0
Number of asset objects unloaded after import = 3
========================================================================
Received Import Request.
  Time since last request: 0.000018 seconds.
  path: Assets/_Assets/kenney_ui-pack/PNG/Blue/Double/arrow_basic_s_small.png
  artifactKey: Guid(c2607e0732a99d4429cf72bbfa6a5397) Importer(815301076,1909f56bfc062723c751e8b465ee728b)
Start importing Assets/_Assets/kenney_ui-pack/PNG/Blue/Double/arrow_basic_s_small.png using Guid(c2607e0732a99d4429cf72bbfa6a5397) Importer(815301076,1909f56bfc062723c751e8b465ee728b) [PhysX] Initialized MultithreadedTaskDispatcher with 8 workers.
[PhysX] Initialized MultithreadedTaskDispatcher with 8 workers.
 -> (artifact id: 'c06546a7e1827ff30f349f305f75c537') in 0.008519 seconds
Number of updated asset objects reloaded before import = 0
Number of asset objects unloaded after import = 3
========================================================================
Received Import Request.
  Time since last request: 0.000019 seconds.
  path: Assets/_Assets/kenney_ui-pack/PNG/Blue/Default/arrow_basic_n.png
  artifactKey: Guid(b3fe0470dabeab94382a95645155e29a) Importer(815301076,1909f56bfc062723c751e8b465ee728b)
Start importing Assets/_Assets/kenney_ui-pack/PNG/Blue/Default/arrow_basic_n.png using Guid(b3fe0470dabeab94382a95645155e29a) Importer(815301076,1909f56bfc062723c751e8b465ee728b) [PhysX] Initialized MultithreadedTaskDispatcher with 8 workers.
[PhysX] Initialized MultithreadedTaskDispatcher with 8 workers.
 -> (artifact id: '9cf83c7e614340de4bb37ac6cc6a4798') in 0.008468 seconds
Number of updated asset objects reloaded before import = 0
Number of asset objects unloaded after import = 3
========================================================================
Received Import Request.
  Time since last request: 0.000018 seconds.
  path: Assets/_Assets/kenney_ui-pack/PNG/Green/Default/arrow_basic_n_small.png
  artifactKey: Guid(403c8529077b53c4baa4625750a73b0f) Importer(815301076,1909f56bfc062723c751e8b465ee728b)
Start importing Assets/_Assets/kenney_ui-pack/PNG/Green/Default/arrow_basic_n_small.png using Guid(403c8529077b53c4baa4625750a73b0f) Importer(815301076,1909f56bfc062723c751e8b465ee728b) [PhysX] Initialized MultithreadedTaskDispatcher with 8 workers.
[PhysX] Initialized MultithreadedTaskDispatcher with 8 workers.
 -> (artifact id: 'b2609ad1dd1730c966ffaf407d4ecde9') in 0.010035 seconds
Number of updated asset objects reloaded before import = 0
Number of asset objects unloaded after import = 3
========================================================================
Received Import Request.
  Time since last request: 0.039021 seconds.
  path: Assets/_Assets/kenney_ui-pack/PNG/Red/Default/arrow_decorative_e.png
  artifactKey: Guid(c35a3a0c3f033884fb57a6dc483fe1e8) Importer(815301076,1909f56bfc062723c751e8b465ee728b)
Start importing Assets/_Assets/kenney_ui-pack/PNG/Red/Default/arrow_decorative_e.png using Guid(c35a3a0c3f033884fb57a6dc483fe1e8) Importer(815301076,1909f56bfc062723c751e8b465ee728b) [PhysX] Initialized MultithreadedTaskDispatcher with 8 workers.
[PhysX] Initialized MultithreadedTaskDispatcher with 8 workers.
 -> (artifact id: '617e5a89f145c09a8eea4de5ca246e97') in 0.009371 seconds
Number of updated asset objects reloaded before import = 0
Number of asset objects unloaded after import = 3
========================================================================
Received Import Request.
  Time since last request: 0.000020 seconds.
  path: Assets/_Assets/kenney_ui-pack/PNG/Grey/Default/arrow_decorative_e.png
  artifactKey: Guid(13915976144d4bd40badc02ec8213c78) Importer(815301076,1909f56bfc062723c751e8b465ee728b)
Start importing Assets/_Assets/kenney_ui-pack/PNG/Grey/Default/arrow_decorative_e.png using Guid(13915976144d4bd40badc02ec8213c78) Importer(815301076,1909f56bfc062723c751e8b465ee728b) [PhysX] Initialized MultithreadedTaskDispatcher with 8 workers.
[PhysX] Initialized MultithreadedTaskDispatcher with 8 workers.
 -> (artifact id: '89ee1d3f02f278b06c4367f82d9db399') in 0.010679 seconds
Number of updated asset objects reloaded before import = 0
Number of asset objects unloaded after import = 3
========================================================================
Received Import Request.
  Time since last request: 0.000017 seconds.
  path: Assets/_Assets/kenney_ui-pack/PNG/Green/Default/arrow_decorative_e.png
  artifactKey: Guid(b53325b541f121b44a2df8e5b2ac330a) Importer(815301076,1909f56bfc062723c751e8b465ee728b)
Start importing Assets/_Assets/kenney_ui-pack/PNG/Green/Default/arrow_decorative_e.png using Guid(b53325b541f121b44a2df8e5b2ac330a) Importer(815301076,1909f56bfc062723c751e8b465ee728b) [PhysX] Initialized MultithreadedTaskDispatcher with 8 workers.
[PhysX] Initialized MultithreadedTaskDispatcher with 8 workers.
 -> (artifact id: '1056530a2c2848b0cf5afe587eb9eff4') in 0.009853 seconds
Number of updated asset objects reloaded before import = 0
Number of asset objects unloaded after import = 3
========================================================================
Received Import Request.
  Time since last request: 0.000016 seconds.
  path: Assets/_Assets/kenney_ui-pack/PNG/Yellow/Default/arrow_decorative_e.png
  artifactKey: Guid(f6451726e8ac0f84ca92f5353005c225) Importer(815301076,1909f56bfc062723c751e8b465ee728b)
Start importing Assets/_Assets/kenney_ui-pack/PNG/Yellow/Default/arrow_decorative_e.png using Guid(f6451726e8ac0f84ca92f5353005c225) Importer(815301076,1909f56bfc062723c751e8b465ee728b) [PhysX] Initialized MultithreadedTaskDispatcher with 8 workers.
[PhysX] Initialized MultithreadedTaskDispatcher with 8 workers.
 -> (artifact id: '9420646bc8a63edc5cfb46f2a34b4c5a') in 0.007389 seconds
Number of updated asset objects reloaded before import = 0
Number of asset objects unloaded after import = 3
========================================================================
Received Import Request.
  Time since last request: 0.000015 seconds.
  path: Assets/_Assets/kenney_ui-pack/PNG/Grey/Double/arrow_decorative_e.png
  artifactKey: Guid(29e312b334d805a4fa348330eade88cc) Importer(815301076,1909f56bfc062723c751e8b465ee728b)
Start importing Assets/_Assets/kenney_ui-pack/PNG/Grey/Double/arrow_decorative_e.png using Guid(29e312b334d805a4fa348330eade88cc) Importer(815301076,1909f56bfc062723c751e8b465ee728b) [PhysX] Initialized MultithreadedTaskDispatcher with 8 workers.
[PhysX] Initialized MultithreadedTaskDispatcher with 8 workers.
 -> (artifact id: 'ecbb99496e0acf4f0f3d1394f0896e81') in 0.007393 seconds
Number of updated asset objects reloaded before import = 0
Number of asset objects unloaded after import = 3
========================================================================
Received Import Request.
  Time since last request: 0.000018 seconds.
  path: Assets/_Assets/kenney_ui-pack/PNG/Green/Double/arrow_decorative_n.png
  artifactKey: Guid(a94e739fb350b0244aaf3ac966497b7c) Importer(815301076,1909f56bfc062723c751e8b465ee728b)
Start importing Assets/_Assets/kenney_ui-pack/PNG/Green/Double/arrow_decorative_n.png using Guid(a94e739fb350b0244aaf3ac966497b7c) Importer(815301076,1909f56bfc062723c751e8b465ee728b) [PhysX] Initialized MultithreadedTaskDispatcher with 8 workers.
[PhysX] Initialized MultithreadedTaskDispatcher with 8 workers.
 -> (artifact id: '505eb38f56214bd4000f16731b2a2e55') in 0.006991 seconds
Number of updated asset objects reloaded before import = 0
Number of asset objects unloaded after import = 3
========================================================================
Received Import Request.
  Time since last request: 0.000017 seconds.
  path: Assets/_Assets/kenney_ui-pack/PNG/Blue/Double/arrow_decorative_n_small.png
  artifactKey: Guid(9b170d557515e1448b4b10e0d4570465) Importer(815301076,1909f56bfc062723c751e8b465ee728b)
Start importing Assets/_Assets/kenney_ui-pack/PNG/Blue/Double/arrow_decorative_n_small.png using Guid(9b170d557515e1448b4b10e0d4570465) Importer(815301076,1909f56bfc062723c751e8b465ee728b) [PhysX] Initialized MultithreadedTaskDispatcher with 8 workers.
[PhysX] Initialized MultithreadedTaskDispatcher with 8 workers.
 -> (artifact id: '6b12d63365006f25dcb180de07926e9c') in 0.007522 seconds
Number of updated asset objects reloaded before import = 0
Number of asset objects unloaded after import = 3
========================================================================
Received Import Request.
  Time since last request: 0.000023 seconds.
  path: Assets/_Assets/kenney_ui-pack/PNG/Blue/Default/arrow_decorative_s.png
  artifactKey: Guid(8117e191af6046e45b4b31c7b582cf9b) Importer(815301076,1909f56bfc062723c751e8b465ee728b)
Start importing Assets/_Assets/kenney_ui-pack/PNG/Blue/Default/arrow_decorative_s.png using Guid(8117e191af6046e45b4b31c7b582cf9b) Importer(815301076,1909f56bfc062723c751e8b465ee728b) [PhysX] Initialized MultithreadedTaskDispatcher with 8 workers.
[PhysX] Initialized MultithreadedTaskDispatcher with 8 workers.
 -> (artifact id: '3326aec32c6d4bc32b0dd7e5ecc34318') in 0.007032 seconds
Number of updated asset objects reloaded before import = 0
Number of asset objects unloaded after import = 3
========================================================================
Received Import Request.
  Time since last request: 0.000015 seconds.
  path: Assets/_Assets/kenney_ui-pack/PNG/Grey/Default/arrow_decorative_s.png
  artifactKey: Guid(4d9a59cd998b2a24ba772638d634ffab) Importer(815301076,1909f56bfc062723c751e8b465ee728b)
Start importing Assets/_Assets/kenney_ui-pack/PNG/Grey/Default/arrow_decorative_s.png using Guid(4d9a59cd998b2a24ba772638d634ffab) Importer(815301076,1909f56bfc062723c751e8b465ee728b) [PhysX] Initialized MultithreadedTaskDispatcher with 8 workers.
[PhysX] Initialized MultithreadedTaskDispatcher with 8 workers.
 -> (artifact id: '925de2979f4283731f3fce9846973174') in 0.007701 seconds
Number of updated asset objects reloaded before import = 0
Number of asset objects unloaded after import = 3
========================================================================
Received Import Request.
  Time since last request: 0.000040 seconds.
  path: Assets/_Assets/kenney_ui-pack/PNG/Blue/Default/arrow_decorative_s_small.png
  artifactKey: Guid(4138ba5c186c8284ca0adb68038cedf1) Importer(815301076,1909f56bfc062723c751e8b465ee728b)
Start importing Assets/_Assets/kenney_ui-pack/PNG/Blue/Default/arrow_decorative_s_small.png using Guid(4138ba5c186c8284ca0adb68038cedf1) Importer(815301076,1909f56bfc062723c751e8b465ee728b) [PhysX] Initialized MultithreadedTaskDispatcher with 8 workers.
[PhysX] Initialized MultithreadedTaskDispatcher with 8 workers.
 -> (artifact id: 'd867b643e2fd650557f5bb740452f763') in 0.008295 seconds
Number of updated asset objects reloaded before import = 0
Number of asset objects unloaded after import = 3
========================================================================
Received Import Request.
  Time since last request: 0.000017 seconds.
  path: Assets/_Assets/kenney_ui-pack/PNG/Yellow/Default/arrow_decorative_n_small.png
  artifactKey: Guid(44d9ec8f0d488204e87d5bb755d93036) Importer(815301076,1909f56bfc062723c751e8b465ee728b)
Start importing Assets/_Assets/kenney_ui-pack/PNG/Yellow/Default/arrow_decorative_n_small.png using Guid(44d9ec8f0d488204e87d5bb755d93036) Importer(815301076,1909f56bfc062723c751e8b465ee728b) [PhysX] Initialized MultithreadedTaskDispatcher with 8 workers.
[PhysX] Initialized MultithreadedTaskDispatcher with 8 workers.
 -> (artifact id: 'af40ed262db51a9d7e26fdb630759a7f') in 0.006706 seconds
Number of updated asset objects reloaded before import = 0
Number of asset objects unloaded after import = 3
========================================================================
Received Import Request.
  Time since last request: 0.000015 seconds.
  path: Assets/_Assets/kenney_ui-pack/PNG/Blue/Double/arrow_decorative_s_small.png
  artifactKey: Guid(ddbf9d1cfeab4a244b846bf6e5d1dc49) Importer(815301076,1909f56bfc062723c751e8b465ee728b)
Start importing Assets/_Assets/kenney_ui-pack/PNG/Blue/Double/arrow_decorative_s_small.png using Guid(ddbf9d1cfeab4a244b846bf6e5d1dc49) Importer(815301076,1909f56bfc062723c751e8b465ee728b) [PhysX] Initialized MultithreadedTaskDispatcher with 8 workers.
[PhysX] Initialized MultithreadedTaskDispatcher with 8 workers.
 -> (artifact id: '1343daa765cfa2151100795fc852a021') in 0.007621 seconds
Number of updated asset objects reloaded before import = 0
Number of asset objects unloaded after import = 3
========================================================================
Received Import Request.
  Time since last request: 0.000017 seconds.
  path: Assets/_Assets/kenney_ui-pack/PNG/Blue/Double/arrow_decorative_w.png
  artifactKey: Guid(5e21adcbb40b5ad4089fffe3e3b1939a) Importer(815301076,1909f56bfc062723c751e8b465ee728b)
Start importing Assets/_Assets/kenney_ui-pack/PNG/Blue/Double/arrow_decorative_w.png using Guid(5e21adcbb40b5ad4089fffe3e3b1939a) Importer(815301076,1909f56bfc062723c751e8b465ee728b) [PhysX] Initialized MultithreadedTaskDispatcher with 8 workers.
[PhysX] Initialized MultithreadedTaskDispatcher with 8 workers.
 -> (artifact id: '2cc13c3925675e6060b9620f60eff8e6') in 0.006591 seconds
Number of updated asset objects reloaded before import = 0
Number of asset objects unloaded after import = 3
========================================================================
Received Import Request.
  Time since last request: 0.000021 seconds.
  path: Assets/_Assets/kenney_ui-pack/PNG/Yellow/Double/arrow_decorative_w.png
  artifactKey: Guid(563c442efdb2dac408f4f1c3632d9af8) Importer(815301076,1909f56bfc062723c751e8b465ee728b)
Start importing Assets/_Assets/kenney_ui-pack/PNG/Yellow/Double/arrow_decorative_w.png using Guid(563c442efdb2dac408f4f1c3632d9af8) Importer(815301076,1909f56bfc062723c751e8b465ee728b) [PhysX] Initialized MultithreadedTaskDispatcher with 8 workers.
[PhysX] Initialized MultithreadedTaskDispatcher with 8 workers.
 -> (artifact id: 'efbefaed3467cdd862e27c4f3b7531ad') in 0.008461 seconds
Number of updated asset objects reloaded before import = 0
Number of asset objects unloaded after import = 3
========================================================================
Received Import Request.
  Time since last request: 0.000019 seconds.
  path: Assets/_Assets/kenney_ui-pack/PNG/Grey/Default/arrow_decorative_w_small.png
  artifactKey: Guid(02e379d2136e0e945a6fbfd452dd5e96) Importer(815301076,1909f56bfc062723c751e8b465ee728b)
Start importing Assets/_Assets/kenney_ui-pack/PNG/Grey/Default/arrow_decorative_w_small.png using Guid(02e379d2136e0e945a6fbfd452dd5e96) Importer(815301076,1909f56bfc062723c751e8b465ee728b) [PhysX] Initialized MultithreadedTaskDispatcher with 8 workers.
[PhysX] Initialized MultithreadedTaskDispatcher with 8 workers.
 -> (artifact id: 'd0d36d0ca52394bf6cfeef412f98f11c') in 0.011542 seconds
Number of updated asset objects reloaded before import = 0
Number of asset objects unloaded after import = 3
========================================================================
Received Import Request.
  Time since last request: 0.000022 seconds.
  path: Assets/_Assets/kenney_ui-pack/PNG/Red/Double/arrow_decorative_w.png
  artifactKey: Guid(666a5cd5ee1bf5c44a612736c01990e7) Importer(815301076,1909f56bfc062723c751e8b465ee728b)
Start importing Assets/_Assets/kenney_ui-pack/PNG/Red/Double/arrow_decorative_w.png using Guid(666a5cd5ee1bf5c44a612736c01990e7) Importer(815301076,1909f56bfc062723c751e8b465ee728b) [PhysX] Initialized MultithreadedTaskDispatcher with 8 workers.
[PhysX] Initialized MultithreadedTaskDispatcher with 8 workers.
 -> (artifact id: '7fba138a1e8eda937f65ce31ac990bac') in 0.008151 seconds
Number of updated asset objects reloaded before import = 0
Number of asset objects unloaded after import = 3
========================================================================
Received Import Request.
  Time since last request: 0.000018 seconds.
  path: Assets/_Assets/kenney_ui-pack/PNG/Green/Double/arrow_decorative_w.png
  artifactKey: Guid(812e41a978c90cb42afbbcf08532cb4c) Importer(815301076,1909f56bfc062723c751e8b465ee728b)
Start importing Assets/_Assets/kenney_ui-pack/PNG/Green/Double/arrow_decorative_w.png using Guid(812e41a978c90cb42afbbcf08532cb4c) Importer(815301076,1909f56bfc062723c751e8b465ee728b) [PhysX] Initialized MultithreadedTaskDispatcher with 8 workers.
[PhysX] Initialized MultithreadedTaskDispatcher with 8 workers.
 -> (artifact id: '29d28cb471a9081955d16b33224a79ef') in 0.010038 seconds
Number of updated asset objects reloaded before import = 0
Number of asset objects unloaded after import = 3
========================================================================
Received Import Request.
  Time since last request: 0.000020 seconds.
  path: Assets/_Assets/kenney_ui-pack/PNG/Red/Double/arrow_decorative_s_small.png
  artifactKey: Guid(d550713130a3df947a04b66ee747aa97) Importer(815301076,1909f56bfc062723c751e8b465ee728b)
Start importing Assets/_Assets/kenney_ui-pack/PNG/Red/Double/arrow_decorative_s_small.png using Guid(d550713130a3df947a04b66ee747aa97) Importer(815301076,1909f56bfc062723c751e8b465ee728b) [PhysX] Initialized MultithreadedTaskDispatcher with 8 workers.
[PhysX] Initialized MultithreadedTaskDispatcher with 8 workers.
 -> (artifact id: 'ab796fbdab4f4ced4a63cacb276c9b25') in 0.007720 seconds
Number of updated asset objects reloaded before import = 0
Number of asset objects unloaded after import = 3
========================================================================
Received Import Request.
  Time since last request: 0.000020 seconds.
  path: Assets/_Assets/kenney_ui-pack/PNG/Red/Double/arrow_decorative_n.png
  artifactKey: Guid(78da9ee55fb105942aedbd9b73e03246) Importer(815301076,1909f56bfc062723c751e8b465ee728b)
Start importing Assets/_Assets/kenney_ui-pack/PNG/Red/Double/arrow_decorative_n.png using Guid(78da9ee55fb105942aedbd9b73e03246) Importer(815301076,1909f56bfc062723c751e8b465ee728b) [PhysX] Initialized MultithreadedTaskDispatcher with 8 workers.
[PhysX] Initialized MultithreadedTaskDispatcher with 8 workers.
 -> (artifact id: '50401c7eeadfcb5bd7865ec2e832943c') in 0.007740 seconds
Number of updated asset objects reloaded before import = 0
Number of asset objects unloaded after import = 3
========================================================================
Received Import Request.
  Time since last request: 0.000017 seconds.
  path: Assets/_Assets/kenney_ui-pack/PNG/Red/Default/arrow_decorative_e_small.png
  artifactKey: Guid(6e9a68c1bcf20b6428da5ff5f3fcd42b) Importer(815301076,1909f56bfc062723c751e8b465ee728b)
Start importing Assets/_Assets/kenney_ui-pack/PNG/Red/Default/arrow_decorative_e_small.png using Guid(6e9a68c1bcf20b6428da5ff5f3fcd42b) Importer(815301076,1909f56bfc062723c751e8b465ee728b) [PhysX] Initialized MultithreadedTaskDispatcher with 8 workers.
[PhysX] Initialized MultithreadedTaskDispatcher with 8 workers.
 -> (artifact id: 'f22675f3b0351f4a8de05c79d8105923') in 0.007949 seconds
Number of updated asset objects reloaded before import = 0
Number of asset objects unloaded after import = 3
========================================================================
Received Import Request.
  Time since last request: 0.000016 seconds.
  path: Assets/_Assets/kenney_ui-pack/PNG/Yellow/Double/arrow_decorative_n_small.png
  artifactKey: Guid(0590002395b342647b1aa92a373d09f4) Importer(815301076,1909f56bfc062723c751e8b465ee728b)
Start importing Assets/_Assets/kenney_ui-pack/PNG/Yellow/Double/arrow_decorative_n_small.png using Guid(0590002395b342647b1aa92a373d09f4) Importer(815301076,1909f56bfc062723c751e8b465ee728b) [PhysX] Initialized MultithreadedTaskDispatcher with 8 workers.
[PhysX] Initialized MultithreadedTaskDispatcher with 8 workers.
 -> (artifact id: '4e48d4a6504b7cf053e72a707dddd8bc') in 0.010576 seconds
Number of updated asset objects reloaded before import = 0
Number of asset objects unloaded after import = 3
========================================================================
Received Import Request.
  Time since last request: 0.000014 seconds.
  path: Assets/_Assets/kenney_ui-pack/PNG/Grey/Double/arrow_decorative_w.png
  artifactKey: Guid(b40aec1039eaff5439604539ac8b823b) Importer(815301076,1909f56bfc062723c751e8b465ee728b)
Start importing Assets/_Assets/kenney_ui-pack/PNG/Grey/Double/arrow_decorative_w.png using Guid(b40aec1039eaff5439604539ac8b823b) Importer(815301076,1909f56bfc062723c751e8b465ee728b) [PhysX] Initialized MultithreadedTaskDispatcher with 8 workers.
[PhysX] Initialized MultithreadedTaskDispatcher with 8 workers.
 -> (artifact id: '027ba1d6b0ed4ac269d9a9312cbfeb41') in 0.009473 seconds
Number of updated asset objects reloaded before import = 0
Number of asset objects unloaded after import = 3
========================================================================
Received Import Request.
  Time since last request: 0.000018 seconds.
  path: Assets/_Assets/kenney_ui-pack/PNG/Yellow/Default/arrow_decorative_s_small.png
  artifactKey: Guid(9a62b9b93b89b55449a95f1ad57f3719) Importer(815301076,1909f56bfc062723c751e8b465ee728b)
Start importing Assets/_Assets/kenney_ui-pack/PNG/Yellow/Default/arrow_decorative_s_small.png using Guid(9a62b9b93b89b55449a95f1ad57f3719) Importer(815301076,1909f56bfc062723c751e8b465ee728b) [PhysX] Initialized MultithreadedTaskDispatcher with 8 workers.
[PhysX] Initialized MultithreadedTaskDispatcher with 8 workers.
 -> (artifact id: '87dee60d49ab85e2ba1a687a1ca2416b') in 0.009081 seconds
Number of updated asset objects reloaded before import = 0
Number of asset objects unloaded after import = 3
========================================================================
Received Import Request.
  Time since last request: 0.000025 seconds.
  path: Assets/_Assets/kenney_ui-pack/PNG/Yellow/Double/arrow_decorative_n.png
  artifactKey: Guid(8af79278efdee434d8a0420bbd36919b) Importer(815301076,1909f56bfc062723c751e8b465ee728b)
Start importing Assets/_Assets/kenney_ui-pack/PNG/Yellow/Double/arrow_decorative_n.png using Guid(8af79278efdee434d8a0420bbd36919b) Importer(815301076,1909f56bfc062723c751e8b465ee728b) [PhysX] Initialized MultithreadedTaskDispatcher with 8 workers.
[PhysX] Initialized MultithreadedTaskDispatcher with 8 workers.
 -> (artifact id: '8f5c3d8d2ff9a651218638e8da092641') in 0.013972 seconds
Number of updated asset objects reloaded before import = 0
Number of asset objects unloaded after import = 3
========================================================================
Received Import Request.
  Time since last request: 0.000014 seconds.
  path: Assets/_Assets/kenney_ui-pack/PNG/Grey/Double/arrow_decorative_n_small.png
  artifactKey: Guid(21e45987a6ecc5143b0e7215460613b4) Importer(815301076,1909f56bfc062723c751e8b465ee728b)
Start importing Assets/_Assets/kenney_ui-pack/PNG/Grey/Double/arrow_decorative_n_small.png using Guid(21e45987a6ecc5143b0e7215460613b4) Importer(815301076,1909f56bfc062723c751e8b465ee728b) [PhysX] Initialized MultithreadedTaskDispatcher with 8 workers.
[PhysX] Initialized MultithreadedTaskDispatcher with 8 workers.
 -> (artifact id: 'b12adab89ed252238f1faccd947496c6') in 0.011885 seconds
Number of updated asset objects reloaded before import = 0
Number of asset objects unloaded after import = 3
========================================================================
Received Import Request.
  Time since last request: 0.000017 seconds.
  path: Assets/_Assets/kenney_ui-pack/PNG/Green/Double/arrow_decorative_n_small.png
  artifactKey: Guid(40a53cda7f1085848bee2031d9ee335d) Importer(815301076,1909f56bfc062723c751e8b465ee728b)
Start importing Assets/_Assets/kenney_ui-pack/PNG/Green/Double/arrow_decorative_n_small.png using Guid(40a53cda7f1085848bee2031d9ee335d) Importer(815301076,1909f56bfc062723c751e8b465ee728b) [PhysX] Initialized MultithreadedTaskDispatcher with 8 workers.
[PhysX] Initialized MultithreadedTaskDispatcher with 8 workers.
 -> (artifact id: '085a9a0ddc52f4bcbe11a0c230654e79') in 0.008249 seconds
Number of updated asset objects reloaded before import = 0
Number of asset objects unloaded after import = 3
========================================================================
Received Import Request.
  Time since last request: 0.000016 seconds.
  path: Assets/_Assets/kenney_ui-pack/PNG/Red/Default/arrow_decorative_w.png
  artifactKey: Guid(ac07d4738a170724394c486770aa36ad) Importer(815301076,1909f56bfc062723c751e8b465ee728b)
Start importing Assets/_Assets/kenney_ui-pack/PNG/Red/Default/arrow_decorative_w.png using Guid(ac07d4738a170724394c486770aa36ad) Importer(815301076,1909f56bfc062723c751e8b465ee728b) [PhysX] Initialized MultithreadedTaskDispatcher with 8 workers.
[PhysX] Initialized MultithreadedTaskDispatcher with 8 workers.
 -> (artifact id: 'f3af9905b2cb4ad7392c8c74df5b94da') in 0.007389 seconds
Number of updated asset objects reloaded before import = 0
Number of asset objects unloaded after import = 3
========================================================================
Received Import Request.
  Time since last request: 0.000015 seconds.
  path: Assets/_Assets/kenney_ui-pack/PNG/Yellow/Double/arrow_decorative_s.png
  artifactKey: Guid(7f877714ca6eea8459cc7f2ceb4f6fd9) Importer(815301076,1909f56bfc062723c751e8b465ee728b)
Start importing Assets/_Assets/kenney_ui-pack/PNG/Yellow/Double/arrow_decorative_s.png using Guid(7f877714ca6eea8459cc7f2ceb4f6fd9) Importer(815301076,1909f56bfc062723c751e8b465ee728b) [PhysX] Initialized MultithreadedTaskDispatcher with 8 workers.
[PhysX] Initialized MultithreadedTaskDispatcher with 8 workers.
 -> (artifact id: '96af2f36a37a0826a48d84a6ed0ea5e6') in 0.008288 seconds
Number of updated asset objects reloaded before import = 0
Number of asset objects unloaded after import = 3
========================================================================
Received Import Request.
  Time since last request: 0.000016 seconds.
  path: Assets/_Assets/kenney_ui-pack/PNG/Green/Double/arrow_decorative_s.png
  artifactKey: Guid(57cccf1ca30d6b9438f1bc6b6875f155) Importer(815301076,1909f56bfc062723c751e8b465ee728b)
Start importing Assets/_Assets/kenney_ui-pack/PNG/Green/Double/arrow_decorative_s.png using Guid(57cccf1ca30d6b9438f1bc6b6875f155) Importer(815301076,1909f56bfc062723c751e8b465ee728b) [PhysX] Initialized MultithreadedTaskDispatcher with 8 workers.
[PhysX] Initialized MultithreadedTaskDispatcher with 8 workers.
 -> (artifact id: 'fadb4aa16e8319e3f0e0e86013727936') in 0.008814 seconds
Number of updated asset objects reloaded before import = 0
Number of asset objects unloaded after import = 3
========================================================================
Received Import Request.
  Time since last request: 0.000013 seconds.
  path: Assets/_Assets/kenney_ui-pack/PNG/Red/Default/arrow_decorative_s_small.png
  artifactKey: Guid(220a3e933446222459f931ed6acda4d0) Importer(815301076,1909f56bfc062723c751e8b465ee728b)
Start importing Assets/_Assets/kenney_ui-pack/PNG/Red/Default/arrow_decorative_s_small.png using Guid(220a3e933446222459f931ed6acda4d0) Importer(815301076,1909f56bfc062723c751e8b465ee728b) [PhysX] Initialized MultithreadedTaskDispatcher with 8 workers.
[PhysX] Initialized MultithreadedTaskDispatcher with 8 workers.
 -> (artifact id: '5db94dc036bec384681ae25b529d9c93') in 0.011340 seconds
Number of updated asset objects reloaded before import = 0
Number of asset objects unloaded after import = 3
========================================================================
Received Import Request.
  Time since last request: 0.000013 seconds.
  path: Assets/_Assets/kenney_ui-pack/PNG/Blue/Default/arrow_decorative_n_small.png
  artifactKey: Guid(89de5a8c850f739459d91ec86103c070) Importer(815301076,1909f56bfc062723c751e8b465ee728b)
Start importing Assets/_Assets/kenney_ui-pack/PNG/Blue/Default/arrow_decorative_n_small.png using Guid(89de5a8c850f739459d91ec86103c070) Importer(815301076,1909f56bfc062723c751e8b465ee728b) [PhysX] Initialized MultithreadedTaskDispatcher with 8 workers.
[PhysX] Initialized MultithreadedTaskDispatcher with 8 workers.
 -> (artifact id: '1c4f3e80660a394bd6827aad12a20c3f') in 0.008365 seconds
Number of updated asset objects reloaded before import = 0
Number of asset objects unloaded after import = 3
========================================================================
Received Import Request.
  Time since last request: 0.000015 seconds.
  path: Assets/_Assets/kenney_ui-pack/PNG/Yellow/Double/arrow_decorative_e_small.png
  artifactKey: Guid(adb45bc96a3b1244aaba991a4b54bdb9) Importer(815301076,1909f56bfc062723c751e8b465ee728b)
Start importing Assets/_Assets/kenney_ui-pack/PNG/Yellow/Double/arrow_decorative_e_small.png using Guid(adb45bc96a3b1244aaba991a4b54bdb9) Importer(815301076,1909f56bfc062723c751e8b465ee728b) [PhysX] Initialized MultithreadedTaskDispatcher with 8 workers.
[PhysX] Initialized MultithreadedTaskDispatcher with 8 workers.
 -> (artifact id: 'f53180e666a39ca1cbc3b2d20b60dd05') in 0.008776 seconds
Number of updated asset objects reloaded before import = 0
Number of asset objects unloaded after import = 3
========================================================================
Received Import Request.
  Time since last request: 0.000019 seconds.
  path: Assets/_Assets/kenney_ui-pack/PNG/Blue/Default/arrow_decorative_w.png
  artifactKey: Guid(56a8bb30e696ca84eaeb5cd9248827b5) Importer(815301076,1909f56bfc062723c751e8b465ee728b)
Start importing Assets/_Assets/kenney_ui-pack/PNG/Blue/Default/arrow_decorative_w.png using Guid(56a8bb30e696ca84eaeb5cd9248827b5) Importer(815301076,1909f56bfc062723c751e8b465ee728b) [PhysX] Initialized MultithreadedTaskDispatcher with 8 workers.
[PhysX] Initialized MultithreadedTaskDispatcher with 8 workers.
 -> (artifact id: '3ee28f4abce3df100ad34b5990b4063b') in 0.007587 seconds
Number of updated asset objects reloaded before import = 0
Number of asset objects unloaded after import = 3
========================================================================
Received Import Request.
  Time since last request: 0.000017 seconds.
  path: Assets/_Assets/kenney_ui-pack/PNG/Red/Double/arrow_decorative_e_small.png
  artifactKey: Guid(6975d6db90d0e824d877cbf6664ecb57) Importer(815301076,1909f56bfc062723c751e8b465ee728b)
Start importing Assets/_Assets/kenney_ui-pack/PNG/Red/Double/arrow_decorative_e_small.png using Guid(6975d6db90d0e824d877cbf6664ecb57) Importer(815301076,1909f56bfc062723c751e8b465ee728b) [PhysX] Initialized MultithreadedTaskDispatcher with 8 workers.
[PhysX] Initialized MultithreadedTaskDispatcher with 8 workers.
 -> (artifact id: '61e9a24cadfc9159ebc57b6d04c05899') in 0.010422 seconds
Number of updated asset objects reloaded before import = 0
Number of asset objects unloaded after import = 3
========================================================================
Received Import Request.
  Time since last request: 0.000016 seconds.
  path: Assets/_Assets/kenney_ui-pack/PNG/Blue/Default/arrow_decorative_e.png
  artifactKey: Guid(5a27ec4e92ec7774295e04d6b669a8c6) Importer(815301076,1909f56bfc062723c751e8b465ee728b)
Start importing Assets/_Assets/kenney_ui-pack/PNG/Blue/Default/arrow_decorative_e.png using Guid(5a27ec4e92ec7774295e04d6b669a8c6) Importer(815301076,1909f56bfc062723c751e8b465ee728b) [PhysX] Initialized MultithreadedTaskDispatcher with 8 workers.
[PhysX] Initialized MultithreadedTaskDispatcher with 8 workers.
 -> (artifact id: 'aae3a3cfac9edf683d7ea63eaf9850cd') in 0.008890 seconds
Number of updated asset objects reloaded before import = 0
Number of asset objects unloaded after import = 3
========================================================================
Received Import Request.
  Time since last request: 0.000017 seconds.
  path: Assets/_Assets/kenney_ui-pack/PNG/Yellow/Double/arrow_decorative_s_small.png
  artifactKey: Guid(67e5e9f8c2a896e40aef63e32f0e954c) Importer(815301076,1909f56bfc062723c751e8b465ee728b)
Start importing Assets/_Assets/kenney_ui-pack/PNG/Yellow/Double/arrow_decorative_s_small.png using Guid(67e5e9f8c2a896e40aef63e32f0e954c) Importer(815301076,1909f56bfc062723c751e8b465ee728b) [PhysX] Initialized MultithreadedTaskDispatcher with 8 workers.
[PhysX] Initialized MultithreadedTaskDispatcher with 8 workers.
 -> (artifact id: '07bc84629d9c6d3945f7ae3138a86299') in 0.009700 seconds
Number of updated asset objects reloaded before import = 0
Number of asset objects unloaded after import = 3
========================================================================
Received Import Request.
  Time since last request: 0.072020 seconds.
  path: Assets/_Assets/kenney_ui-pack/PNG/Yellow/Double/arrow_decorative_w_small.png
  artifactKey: Guid(26fcd7231dd8e2448966171776cb06dc) Importer(815301076,1909f56bfc062723c751e8b465ee728b)
Start importing Assets/_Assets/kenney_ui-pack/PNG/Yellow/Double/arrow_decorative_w_small.png using Guid(26fcd7231dd8e2448966171776cb06dc) Importer(815301076,1909f56bfc062723c751e8b465ee728b) [PhysX] Initialized MultithreadedTaskDispatcher with 8 workers.
[PhysX] Initialized MultithreadedTaskDispatcher with 8 workers.
 -> (artifact id: '176697fe50f46a48d42450f3f1496866') in 0.007084 seconds
Number of updated asset objects reloaded before import = 0
Number of asset objects unloaded after import = 3
========================================================================
Received Import Request.
  Time since last request: 0.000013 seconds.
  path: Assets/_Assets/kenney_ui-pack-rpg-expansion/PNG/arrowBlue_left.png
  artifactKey: Guid(5dab247ea72d7364e9bbd475edec0d8b) Importer(815301076,1909f56bfc062723c751e8b465ee728b)
Start importing Assets/_Assets/kenney_ui-pack-rpg-expansion/PNG/arrowBlue_left.png using Guid(5dab247ea72d7364e9bbd475edec0d8b) Importer(815301076,1909f56bfc062723c751e8b465ee728b) [PhysX] Initialized MultithreadedTaskDispatcher with 8 workers.
[PhysX] Initialized MultithreadedTaskDispatcher with 8 workers.
 -> (artifact id: 'db13d9788eabb189dda8649eab76bc62') in 0.019404 seconds
Number of updated asset objects reloaded before import = 0
Number of asset objects unloaded after import = 3
========================================================================
Received Import Request.
  Time since last request: 0.000016 seconds.
  path: Assets/_Assets/kenney_ui-pack-rpg-expansion/PNG/arrowBrown_left.png
  artifactKey: Guid(931aafa378c88264fa16345d6a98f5b1) Importer(815301076,1909f56bfc062723c751e8b465ee728b)
Start importing Assets/_Assets/kenney_ui-pack-rpg-expansion/PNG/arrowBrown_left.png using Guid(931aafa378c88264fa16345d6a98f5b1) Importer(815301076,1909f56bfc062723c751e8b465ee728b) [PhysX] Initialized MultithreadedTaskDispatcher with 8 workers.
[PhysX] Initialized MultithreadedTaskDispatcher with 8 workers.
 -> (artifact id: 'e9d60f0cbbb90b7ba240948ca3e36de1') in 0.008255 seconds
Number of updated asset objects reloaded before import = 0
Number of asset objects unloaded after import = 3
========================================================================
Received Import Request.
  Time since last request: 0.000014 seconds.
  path: Assets/_Assets/kenney_ui-pack/PNG/Green/Double/arrow_decorative_w_small.png
  artifactKey: Guid(fa9514fc7a63a724297eb885182db936) Importer(815301076,1909f56bfc062723c751e8b465ee728b)
Start importing Assets/_Assets/kenney_ui-pack/PNG/Green/Double/arrow_decorative_w_small.png using Guid(fa9514fc7a63a724297eb885182db936) Importer(815301076,1909f56bfc062723c751e8b465ee728b) [PhysX] Initialized MultithreadedTaskDispatcher with 8 workers.
[PhysX] Initialized MultithreadedTaskDispatcher with 8 workers.
 -> (artifact id: '171306a67df2b3ff3c82be46a4c62c51') in 0.008072 seconds
Number of updated asset objects reloaded before import = 0
Number of asset objects unloaded after import = 3
========================================================================
Received Import Request.
  Time since last request: 0.000017 seconds.
  path: Assets/_Assets/kenney_ui-pack-rpg-expansion/PNG/arrowSilver_right.png
  artifactKey: Guid(b423af6fdf06aa244acdcae4538d95be) Importer(815301076,1909f56bfc062723c751e8b465ee728b)
Start importing Assets/_Assets/kenney_ui-pack-rpg-expansion/PNG/arrowSilver_right.png using Guid(b423af6fdf06aa244acdcae4538d95be) Importer(815301076,1909f56bfc062723c751e8b465ee728b) [PhysX] Initialized MultithreadedTaskDispatcher with 8 workers.
[PhysX] Initialized MultithreadedTaskDispatcher with 8 workers.
 -> (artifact id: 'b8a601657098bf25bd84d1f93812f2d2') in 0.009024 seconds
Number of updated asset objects reloaded before import = 0
Number of asset objects unloaded after import = 3
========================================================================
Received Import Request.
  Time since last request: 0.000016 seconds.
  path: Assets/_Assets/kenney_ui-pack-rpg-expansion/PNG/arrowBeige_left.png
  artifactKey: Guid(6ac5b50e6f562a64d955167ec105637e) Importer(815301076,1909f56bfc062723c751e8b465ee728b)
Start importing Assets/_Assets/kenney_ui-pack-rpg-expansion/PNG/arrowBeige_left.png using Guid(6ac5b50e6f562a64d955167ec105637e) Importer(815301076,1909f56bfc062723c751e8b465ee728b) [PhysX] Initialized MultithreadedTaskDispatcher with 8 workers.
[PhysX] Initialized MultithreadedTaskDispatcher with 8 workers.
 -> (artifact id: '7097369f68980b82d2219c2261e7a8c9') in 0.008252 seconds
Number of updated asset objects reloaded before import = 0
Number of asset objects unloaded after import = 3
========================================================================
Received Import Request.
  Time since last request: 0.000014 seconds.
  path: Assets/_Assets/kenney_ui-pack/PNG/Green/Default/arrow_decorative_w_small.png
  artifactKey: Guid(1cdb7bb877c5a844f89ae119129e3eec) Importer(815301076,1909f56bfc062723c751e8b465ee728b)
Start importing Assets/_Assets/kenney_ui-pack/PNG/Green/Default/arrow_decorative_w_small.png using Guid(1cdb7bb877c5a844f89ae119129e3eec) Importer(815301076,1909f56bfc062723c751e8b465ee728b) [PhysX] Initialized MultithreadedTaskDispatcher with 8 workers.
[PhysX] Initialized MultithreadedTaskDispatcher with 8 workers.
 -> (artifact id: 'f48a596178c50e7985d3a00f125e5d75') in 0.008513 seconds
Number of updated asset objects reloaded before import = 0
Number of asset objects unloaded after import = 3
========================================================================
Received Import Request.
  Time since last request: 0.000015 seconds.
  path: Assets/_Assets/kenney_ui-pack-adventure/PNG/Double/banner_modern.png
  artifactKey: Guid(8b7fbf7e03be0e442b8c7025e52aa960) Importer(815301076,1909f56bfc062723c751e8b465ee728b)
Start importing Assets/_Assets/kenney_ui-pack-adventure/PNG/Double/banner_modern.png using Guid(8b7fbf7e03be0e442b8c7025e52aa960) Importer(815301076,1909f56bfc062723c751e8b465ee728b) [PhysX] Initialized MultithreadedTaskDispatcher with 8 workers.
[PhysX] Initialized MultithreadedTaskDispatcher with 8 workers.
 -> (artifact id: '57f7c1902756ff3d5fb8e6cd15b36eb7') in 0.007645 seconds
Number of updated asset objects reloaded before import = 0
Number of asset objects unloaded after import = 3
========================================================================
Received Import Request.
  Time since last request: 0.000017 seconds.
  path: Assets/_Assets/kenney_ui-pack-rpg-expansion/PNG/barGreen_horizontalMid.png
  artifactKey: Guid(2b1d93365a6a1b14c8dc5bdc1de3554e) Importer(815301076,1909f56bfc062723c751e8b465ee728b)
Start importing Assets/_Assets/kenney_ui-pack-rpg-expansion/PNG/barGreen_horizontalMid.png using Guid(2b1d93365a6a1b14c8dc5bdc1de3554e) Importer(815301076,1909f56bfc062723c751e8b465ee728b) [PhysX] Initialized MultithreadedTaskDispatcher with 8 workers.
[PhysX] Initialized MultithreadedTaskDispatcher with 8 workers.
 -> (artifact id: '528a562a464ccfdda7b0ca01305942e9') in 0.006998 seconds
Number of updated asset objects reloaded before import = 0
Number of asset objects unloaded after import = 3
========================================================================
Received Import Request.
  Time since last request: 0.000015 seconds.
  path: Assets/_Assets/kenney_ui-pack-rpg-expansion/PNG/barRed_verticalBottom.png
  artifactKey: Guid(bc87d225caaa7424c9eca53abebf2ef5) Importer(815301076,1909f56bfc062723c751e8b465ee728b)
Start importing Assets/_Assets/kenney_ui-pack-rpg-expansion/PNG/barRed_verticalBottom.png using Guid(bc87d225caaa7424c9eca53abebf2ef5) Importer(815301076,1909f56bfc062723c751e8b465ee728b) [PhysX] Initialized MultithreadedTaskDispatcher with 8 workers.
[PhysX] Initialized MultithreadedTaskDispatcher with 8 workers.
 -> (artifact id: 'e6b3e72cf643c1021e86037b4a0d6aed') in 0.008573 seconds
Number of updated asset objects reloaded before import = 0
Number of asset objects unloaded after import = 3
========================================================================
Received Import Request.
  Time since last request: 0.000015 seconds.
  path: Assets/_Assets/kenney_ui-pack-rpg-expansion/PNG/barYellow_horizontalRight.png
  artifactKey: Guid(341870111700e9b43a86e95fa57f0237) Importer(815301076,1909f56bfc062723c751e8b465ee728b)
Start importing Assets/_Assets/kenney_ui-pack-rpg-expansion/PNG/barYellow_horizontalRight.png using Guid(341870111700e9b43a86e95fa57f0237) Importer(815301076,1909f56bfc062723c751e8b465ee728b) [PhysX] Initialized MultithreadedTaskDispatcher with 8 workers.
[PhysX] Initialized MultithreadedTaskDispatcher with 8 workers.
 -> (artifact id: '17a4b12a133216880be3059948b3fbc1') in 0.010006 seconds
Number of updated asset objects reloaded before import = 0
Number of asset objects unloaded after import = 3
========================================================================
Received Import Request.
  Time since last request: 0.000014 seconds.
  path: Assets/_Assets/kenney_ui-pack-rpg-expansion/PNG/barBlue_verticalTop.png
  artifactKey: Guid(c118c0d2d7fe6d5468b2a473f8c01f86) Importer(815301076,1909f56bfc062723c751e8b465ee728b)
Start importing Assets/_Assets/kenney_ui-pack-rpg-expansion/PNG/barBlue_verticalTop.png using Guid(c118c0d2d7fe6d5468b2a473f8c01f86) Importer(815301076,1909f56bfc062723c751e8b465ee728b) [PhysX] Initialized MultithreadedTaskDispatcher with 8 workers.
[PhysX] Initialized MultithreadedTaskDispatcher with 8 workers.
 -> (artifact id: '03aaca5a22e34cd121342cf92af1cac1') in 0.008221 seconds
Number of updated asset objects reloaded before import = 0
Number of asset objects unloaded after import = 3
========================================================================
Received Import Request.
  Time since last request: 0.000016 seconds.
  path: Assets/_Assets/kenney_ui-pack-rpg-expansion/PNG/barBlue_verticalBottom.png
  artifactKey: Guid(44a9f4c7779bf7d4786f773ad80fe314) Importer(815301076,1909f56bfc062723c751e8b465ee728b)
Start importing Assets/_Assets/kenney_ui-pack-rpg-expansion/PNG/barBlue_verticalBottom.png using Guid(44a9f4c7779bf7d4786f773ad80fe314) Importer(815301076,1909f56bfc062723c751e8b465ee728b) [PhysX] Initialized MultithreadedTaskDispatcher with 8 workers.
[PhysX] Initialized MultithreadedTaskDispatcher with 8 workers.
 -> (artifact id: 'd61202696d0d6f92bd66bd2e81f3ae70') in 0.008115 seconds
Number of updated asset objects reloaded before import = 0
Number of asset objects unloaded after import = 3
========================================================================
Received Import Request.
  Time since last request: 0.000018 seconds.
  path: Assets/_Assets/kenney_ui-pack-rpg-expansion/PNG/barBack_horizontalLeft.png
  artifactKey: Guid(a8da7360af5b86f499dcd16d1a5710c4) Importer(815301076,1909f56bfc062723c751e8b465ee728b)
Start importing Assets/_Assets/kenney_ui-pack-rpg-expansion/PNG/barBack_horizontalLeft.png using Guid(a8da7360af5b86f499dcd16d1a5710c4) Importer(815301076,1909f56bfc062723c751e8b465ee728b) [PhysX] Initialized MultithreadedTaskDispatcher with 8 workers.
[PhysX] Initialized MultithreadedTaskDispatcher with 8 workers.
 -> (artifact id: '69aeba93dba5b24be8d7b5eba98ec5a5') in 0.007949 seconds
Number of updated asset objects reloaded before import = 0
Number of asset objects unloaded after import = 3
========================================================================
Received Import Request.
  Time since last request: 0.000016 seconds.
  path: Assets/_Assets/kenney_ui-pack-adventure/PNG/Default/button_grey_close.png
  artifactKey: Guid(2fa33c7c331a7e64389626623b02aa24) Importer(815301076,1909f56bfc062723c751e8b465ee728b)
Start importing Assets/_Assets/kenney_ui-pack-adventure/PNG/Default/button_grey_close.png using Guid(2fa33c7c331a7e64389626623b02aa24) Importer(815301076,1909f56bfc062723c751e8b465ee728b) [PhysX] Initialized MultithreadedTaskDispatcher with 8 workers.
[PhysX] Initialized MultithreadedTaskDispatcher with 8 workers.
 -> (artifact id: '14c359b16589540bdda8f9eac034cace') in 0.007377 seconds
Number of updated asset objects reloaded before import = 0
Number of asset objects unloaded after import = 3
========================================================================
Received Import Request.
  Time since last request: 0.000017 seconds.
  path: Assets/_Assets/kenney_ui-pack/PNG/Red/Default/button_rectangle_border.png
  artifactKey: Guid(ca4949416e0a8b542aa9ec472f0e447c) Importer(815301076,1909f56bfc062723c751e8b465ee728b)
Start importing Assets/_Assets/kenney_ui-pack/PNG/Red/Default/button_rectangle_border.png using Guid(ca4949416e0a8b542aa9ec472f0e447c) Importer(815301076,1909f56bfc062723c751e8b465ee728b) [PhysX] Initialized MultithreadedTaskDispatcher with 8 workers.
[PhysX] Initialized MultithreadedTaskDispatcher with 8 workers.
 -> (artifact id: 'f685b2b8f8f671ec6a4538fc77242ec7') in 0.009009 seconds
Number of updated asset objects reloaded before import = 0
Number of asset objects unloaded after import = 3
========================================================================
Received Import Request.
  Time since last request: 0.000018 seconds.
  path: Assets/_Assets/kenney_ui-pack/PNG/Yellow/Default/button_rectangle_border.png
  artifactKey: Guid(a0a22b202ff84aa48ac2479d1c8e42ea) Importer(815301076,1909f56bfc062723c751e8b465ee728b)
Start importing Assets/_Assets/kenney_ui-pack/PNG/Yellow/Default/button_rectangle_border.png using Guid(a0a22b202ff84aa48ac2479d1c8e42ea) Importer(815301076,1909f56bfc062723c751e8b465ee728b) [PhysX] Initialized MultithreadedTaskDispatcher with 8 workers.
[PhysX] Initialized MultithreadedTaskDispatcher with 8 workers.
 -> (artifact id: '1070a308e4b70669c84850f5ddc53df3') in 0.007457 seconds
Number of updated asset objects reloaded before import = 0
Number of asset objects unloaded after import = 3
========================================================================
Received Import Request.
  Time since last request: 0.000016 seconds.
  path: Assets/_Assets/kenney_ui-pack-adventure/PNG/Double/button_brown_close.png
  artifactKey: Guid(5acf6290c0d364b4fa72a6a47aef2dd8) Importer(815301076,1909f56bfc062723c751e8b465ee728b)
Start importing Assets/_Assets/kenney_ui-pack-adventure/PNG/Double/button_brown_close.png using Guid(5acf6290c0d364b4fa72a6a47aef2dd8) Importer(815301076,1909f56bfc062723c751e8b465ee728b) [PhysX] Initialized MultithreadedTaskDispatcher with 8 workers.
[PhysX] Initialized MultithreadedTaskDispatcher with 8 workers.
 -> (artifact id: 'b90da351e4831b51f3bce312df172527') in 0.008585 seconds
Number of updated asset objects reloaded before import = 0
Number of asset objects unloaded after import = 3
========================================================================
Received Import Request.
  Time since last request: 0.000086 seconds.
  path: Assets/_Assets/kenney_ui-pack-rpg-expansion/PNG/barRed_verticalMid.png
  artifactKey: Guid(c39e7112a73b6864bad3c189d108debd) Importer(815301076,1909f56bfc062723c751e8b465ee728b)
Start importing Assets/_Assets/kenney_ui-pack-rpg-expansion/PNG/barRed_verticalMid.png using Guid(c39e7112a73b6864bad3c189d108debd) Importer(815301076,1909f56bfc062723c751e8b465ee728b) [PhysX] Initialized MultithreadedTaskDispatcher with 8 workers.
[PhysX] Initialized MultithreadedTaskDispatcher with 8 workers.
 -> (artifact id: 'beda0bdffd0c16dc0f83af660fba4911') in 0.009844 seconds
Number of updated asset objects reloaded before import = 0
Number of asset objects unloaded after import = 3
========================================================================
Received Import Request.
  Time since last request: 0.000016 seconds.
  path: Assets/_Assets/kenney_ui-pack-adventure/PNG/Double/button_grey_close.png
  artifactKey: Guid(14353908bfcecfd4da060918ccbb6d6c) Importer(815301076,1909f56bfc062723c751e8b465ee728b)
Start importing Assets/_Assets/kenney_ui-pack-adventure/PNG/Double/button_grey_close.png using Guid(14353908bfcecfd4da060918ccbb6d6c) Importer(815301076,1909f56bfc062723c751e8b465ee728b) [PhysX] Initialized MultithreadedTaskDispatcher with 8 workers.
[PhysX] Initialized MultithreadedTaskDispatcher with 8 workers.
 -> (artifact id: '0aa526a356045c105beb29ef7a514dac') in 0.008161 seconds
Number of updated asset objects reloaded before import = 0
Number of asset objects unloaded after import = 3
========================================================================
Received Import Request.
  Time since last request: 0.000017 seconds.
  path: Assets/_Assets/kenney_ui-pack-rpg-expansion/PNG/barYellow_verticalTop.png
  artifactKey: Guid(116f9dfd5d649bf4dbab5ef0429bdf72) Importer(815301076,1909f56bfc062723c751e8b465ee728b)
Start importing Assets/_Assets/kenney_ui-pack-rpg-expansion/PNG/barYellow_verticalTop.png using Guid(116f9dfd5d649bf4dbab5ef0429bdf72) Importer(815301076,1909f56bfc062723c751e8b465ee728b) [PhysX] Initialized MultithreadedTaskDispatcher with 8 workers.
[PhysX] Initialized MultithreadedTaskDispatcher with 8 workers.
 -> (artifact id: '2475ab00b6159fa4ac6d312b9f650550') in 0.008565 seconds
Number of updated asset objects reloaded before import = 0
Number of asset objects unloaded after import = 3
========================================================================
Received Import Request.
  Time since last request: 0.000016 seconds.
  path: Assets/_Assets/kenney_ui-pack/PNG/Blue/Default/button_rectangle_depth_border.png
  artifactKey: Guid(c5b936e53613a7044af48b064116eb67) Importer(815301076,1909f56bfc062723c751e8b465ee728b)
Start importing Assets/_Assets/kenney_ui-pack/PNG/Blue/Default/button_rectangle_depth_border.png using Guid(c5b936e53613a7044af48b064116eb67) Importer(815301076,1909f56bfc062723c751e8b465ee728b) [PhysX] Initialized MultithreadedTaskDispatcher with 8 workers.
[PhysX] Initialized MultithreadedTaskDispatcher with 8 workers.
 -> (artifact id: '662190476b5234122c66c477895664bd') in 0.008310 seconds
Number of updated asset objects reloaded before import = 0
Number of asset objects unloaded after import = 3
========================================================================
Received Import Request.
  Time since last request: 0.000017 seconds.
  path: Assets/_Assets/kenney_ui-pack-adventure/PNG/Double/banner_hanging.png
  artifactKey: Guid(5f2cc95215caebd45be7e9e71b3b9348) Importer(815301076,1909f56bfc062723c751e8b465ee728b)
Start importing Assets/_Assets/kenney_ui-pack-adventure/PNG/Double/banner_hanging.png using Guid(5f2cc95215caebd45be7e9e71b3b9348) Importer(815301076,1909f56bfc062723c751e8b465ee728b) [PhysX] Initialized MultithreadedTaskDispatcher with 8 workers.
[PhysX] Initialized MultithreadedTaskDispatcher with 8 workers.
 -> (artifact id: '0d432168b40f46562867fcb064f640a2') in 0.009075 seconds
Number of updated asset objects reloaded before import = 0
Number of asset objects unloaded after import = 3
========================================================================
Received Import Request.
  Time since last request: 0.000023 seconds.
  path: Assets/_Assets/kenney_ui-pack-rpg-expansion/PNG/barGreen_horizontalRight.png
  artifactKey: Guid(9acec23cecad0bf45828e89ef7f494f4) Importer(815301076,1909f56bfc062723c751e8b465ee728b)
Start importing Assets/_Assets/kenney_ui-pack-rpg-expansion/PNG/barGreen_horizontalRight.png using Guid(9acec23cecad0bf45828e89ef7f494f4) Importer(815301076,1909f56bfc062723c751e8b465ee728b) [PhysX] Initialized MultithreadedTaskDispatcher with 8 workers.
[PhysX] Initialized MultithreadedTaskDispatcher with 8 workers.
 -> (artifact id: 'ef683603fd3b36d48efb7e0425de8d14') in 0.010249 seconds
Number of updated asset objects reloaded before import = 0
Number of asset objects unloaded after import = 3
========================================================================
Received Import Request.
  Time since last request: 0.000020 seconds.
  path: Assets/_Assets/kenney_ui-pack-rpg-expansion/PNG/barGreen_verticalTop.png
  artifactKey: Guid(ad71cef221dc2154c9befc47dcb48101) Importer(815301076,1909f56bfc062723c751e8b465ee728b)
Start importing Assets/_Assets/kenney_ui-pack-rpg-expansion/PNG/barGreen_verticalTop.png using Guid(ad71cef221dc2154c9befc47dcb48101) Importer(815301076,1909f56bfc062723c751e8b465ee728b) [PhysX] Initialized MultithreadedTaskDispatcher with 8 workers.
[PhysX] Initialized MultithreadedTaskDispatcher with 8 workers.
 -> (artifact id: '3f1244d0f75f5bef78dcd48135d6d1a1') in 0.008105 seconds
Number of updated asset objects reloaded before import = 0
Number of asset objects unloaded after import = 3
========================================================================
Received Import Request.
  Time since last request: 0.000017 seconds.
  path: Assets/_Assets/kenney_ui-pack-rpg-expansion/PNG/barRed_horizontalLeft.png
  artifactKey: Guid(c929df9ab84a79a48b44a098e5d0ccef) Importer(815301076,1909f56bfc062723c751e8b465ee728b)
Start importing Assets/_Assets/kenney_ui-pack-rpg-expansion/PNG/barRed_horizontalLeft.png using Guid(c929df9ab84a79a48b44a098e5d0ccef) Importer(815301076,1909f56bfc062723c751e8b465ee728b) [PhysX] Initialized MultithreadedTaskDispatcher with 8 workers.
[PhysX] Initialized MultithreadedTaskDispatcher with 8 workers.
 -> (artifact id: '9b7a359e234df1c02dfb39461580d6ca') in 0.007882 seconds
Number of updated asset objects reloaded before import = 0
Number of asset objects unloaded after import = 3
========================================================================
Received Import Request.
  Time since last request: 0.000017 seconds.
  path: Assets/_Assets/kenney_ui-pack-adventure/PNG/Default/banner_hanging.png
  artifactKey: Guid(7099693b1b4f7ae4ca9f52a049944ff3) Importer(815301076,1909f56bfc062723c751e8b465ee728b)
Start importing Assets/_Assets/kenney_ui-pack-adventure/PNG/Default/banner_hanging.png using Guid(7099693b1b4f7ae4ca9f52a049944ff3) Importer(815301076,1909f56bfc062723c751e8b465ee728b) [PhysX] Initialized MultithreadedTaskDispatcher with 8 workers.
[PhysX] Initialized MultithreadedTaskDispatcher with 8 workers.
 -> (artifact id: '854690e5a433f18a1edde8b0eee6e602') in 0.010017 seconds
Number of updated asset objects reloaded before import = 0
Number of asset objects unloaded after import = 3
========================================================================
Received Import Request.
  Time since last request: 0.000017 seconds.
  path: Assets/_Assets/kenney_ui-pack/PNG/Grey/Default/button_rectangle_border.png
  artifactKey: Guid(596421b417be64b4a907ec024d1e0e9b) Importer(815301076,1909f56bfc062723c751e8b465ee728b)
Start importing Assets/_Assets/kenney_ui-pack/PNG/Grey/Default/button_rectangle_border.png using Guid(596421b417be64b4a907ec024d1e0e9b) Importer(815301076,1909f56bfc062723c751e8b465ee728b) [PhysX] Initialized MultithreadedTaskDispatcher with 8 workers.
[PhysX] Initialized MultithreadedTaskDispatcher with 8 workers.
 -> (artifact id: '346b0e508e23fa159cd5c6e797a9a90e') in 0.007379 seconds
Number of updated asset objects reloaded before import = 0
Number of asset objects unloaded after import = 3
========================================================================
Received Import Request.
  Time since last request: 0.000020 seconds.
  path: Assets/_Assets/kenney_ui-pack-rpg-expansion/PNG/barGreen_horizontalLeft.png
  artifactKey: Guid(d47acc8e9c42b9a4a9f2350c2e55dadf) Importer(815301076,1909f56bfc062723c751e8b465ee728b)
Start importing Assets/_Assets/kenney_ui-pack-rpg-expansion/PNG/barGreen_horizontalLeft.png using Guid(d47acc8e9c42b9a4a9f2350c2e55dadf) Importer(815301076,1909f56bfc062723c751e8b465ee728b) [PhysX] Initialized MultithreadedTaskDispatcher with 8 workers.
[PhysX] Initialized MultithreadedTaskDispatcher with 8 workers.
 -> (artifact id: 'f842c57ff755dfff04957a48fe0f406c') in 0.008870 seconds
Number of updated asset objects reloaded before import = 0
Number of asset objects unloaded after import = 3
========================================================================
Received Import Request.
  Time since last request: 0.000016 seconds.
  path: Assets/_Assets/kenney_ui-pack/PNG/Yellow/Double/button_rectangle_border.png
  artifactKey: Guid(e781d5ab8b3eb6a40a56107d0788cdc8) Importer(815301076,1909f56bfc062723c751e8b465ee728b)
Start importing Assets/_Assets/kenney_ui-pack/PNG/Yellow/Double/button_rectangle_border.png using Guid(e781d5ab8b3eb6a40a56107d0788cdc8) Importer(815301076,1909f56bfc062723c751e8b465ee728b) [PhysX] Initialized MultithreadedTaskDispatcher with 8 workers.
[PhysX] Initialized MultithreadedTaskDispatcher with 8 workers.
 -> (artifact id: '013dfdb007e21b92bff3952dfdf330cd') in 0.010201 seconds
Number of updated asset objects reloaded before import = 0
Number of asset objects unloaded after import = 3
========================================================================
Received Import Request.
  Time since last request: 0.000016 seconds.
  path: Assets/_Assets/kenney_ui-pack/PNG/Red/Double/button_rectangle_depth_border.png
  artifactKey: Guid(bacca24e5d9d19549b78593f8a1d22cb) Importer(815301076,1909f56bfc062723c751e8b465ee728b)
Start importing Assets/_Assets/kenney_ui-pack/PNG/Red/Double/button_rectangle_depth_border.png using Guid(bacca24e5d9d19549b78593f8a1d22cb) Importer(815301076,1909f56bfc062723c751e8b465ee728b) [PhysX] Initialized MultithreadedTaskDispatcher with 8 workers.
[PhysX] Initialized MultithreadedTaskDispatcher with 8 workers.
 -> (artifact id: '37d942b5b35789679a16cfdf11d411a3') in 0.009909 seconds
Number of updated asset objects reloaded before import = 0
Number of asset objects unloaded after import = 3
========================================================================
Received Import Request.
  Time since last request: 0.000018 seconds.
  path: Assets/_Assets/kenney_ui-pack/PNG/Green/Default/button_rectangle_border.png
  artifactKey: Guid(a7153f5bb2b852345b5aafc3a7042a8c) Importer(815301076,1909f56bfc062723c751e8b465ee728b)
Start importing Assets/_Assets/kenney_ui-pack/PNG/Green/Default/button_rectangle_border.png using Guid(a7153f5bb2b852345b5aafc3a7042a8c) Importer(815301076,1909f56bfc062723c751e8b465ee728b) [PhysX] Initialized MultithreadedTaskDispatcher with 8 workers.
[PhysX] Initialized MultithreadedTaskDispatcher with 8 workers.
 -> (artifact id: 'be08c1540beb3957845a3eafd4eff0c7') in 0.014601 seconds
Number of updated asset objects reloaded before import = 0
Number of asset objects unloaded after import = 3
========================================================================
Received Import Request.
  Time since last request: 0.000186 seconds.
  path: Assets/_Assets/kenney_ui-pack-adventure/PNG/Default/banner_modern.png
  artifactKey: Guid(d7d0e8baa2bf8e9429cc3e1737272630) Importer(815301076,1909f56bfc062723c751e8b465ee728b)
Start importing Assets/_Assets/kenney_ui-pack-adventure/PNG/Default/banner_modern.png using Guid(d7d0e8baa2bf8e9429cc3e1737272630) Importer(815301076,1909f56bfc062723c751e8b465ee728b) [PhysX] Initialized MultithreadedTaskDispatcher with 8 workers.
[PhysX] Initialized MultithreadedTaskDispatcher with 8 workers.
 -> (artifact id: '2f1d4f10983adc28addff58184eaf521') in 0.010915 seconds
Number of updated asset objects reloaded before import = 0
Number of asset objects unloaded after import = 3
========================================================================
Received Import Request.
  Time since last request: 0.000112 seconds.
  path: Assets/_Assets/kenney_ui-pack-adventure/PNG/Default/button_brown_close.png
  artifactKey: Guid(6f00c5eee7e2e4a4e93585fb71a35095) Importer(815301076,1909f56bfc062723c751e8b465ee728b)
Start importing Assets/_Assets/kenney_ui-pack-adventure/PNG/Default/button_brown_close.png using Guid(6f00c5eee7e2e4a4e93585fb71a35095) Importer(815301076,1909f56bfc062723c751e8b465ee728b) [PhysX] Initialized MultithreadedTaskDispatcher with 8 workers.
[PhysX] Initialized MultithreadedTaskDispatcher with 8 workers.
 -> (artifact id: 'e2b03e211efcf3ae93fd0d251157912c') in 0.007794 seconds
Number of updated asset objects reloaded before import = 0
Number of asset objects unloaded after import = 3
========================================================================
Received Import Request.
  Time since last request: 0.000142 seconds.
  path: Assets/_Assets/kenney_ui-pack/PNG/Green/Double/button_rectangle_border.png
  artifactKey: Guid(9d2adab7d4134a24ba7e7ab3461dd8d1) Importer(815301076,1909f56bfc062723c751e8b465ee728b)
Start importing Assets/_Assets/kenney_ui-pack/PNG/Green/Double/button_rectangle_border.png using Guid(9d2adab7d4134a24ba7e7ab3461dd8d1) Importer(815301076,1909f56bfc062723c751e8b465ee728b) [PhysX] Initialized MultithreadedTaskDispatcher with 8 workers.
[PhysX] Initialized MultithreadedTaskDispatcher with 8 workers.
 -> (artifact id: 'd19f26308b3d687c3ae2605e54f44e6a') in 0.011054 seconds
Number of updated asset objects reloaded before import = 0
Number of asset objects unloaded after import = 3
========================================================================
Received Import Request.
  Time since last request: 0.000017 seconds.
  path: Assets/_Assets/kenney_ui-pack-adventure/PNG/Default/banner_classic_curtain.png
  artifactKey: Guid(bb13abc737b0ad0448dc9b3d9e47555d) Importer(815301076,1909f56bfc062723c751e8b465ee728b)
Start importing Assets/_Assets/kenney_ui-pack-adventure/PNG/Default/banner_classic_curtain.png using Guid(bb13abc737b0ad0448dc9b3d9e47555d) Importer(815301076,1909f56bfc062723c751e8b465ee728b) [PhysX] Initialized MultithreadedTaskDispatcher with 8 workers.
[PhysX] Initialized MultithreadedTaskDispatcher with 8 workers.
 -> (artifact id: '96c15da272982dbe69feeede08374e32') in 0.008613 seconds
Number of updated asset objects reloaded before import = 0
Number of asset objects unloaded after import = 3
========================================================================
Received Import Request.
  Time since last request: 0.000013 seconds.
  path: Assets/_Assets/kenney_ui-pack-rpg-expansion/PNG/barBack_verticalBottom.png
  artifactKey: Guid(00b6a9613090d8f448b887326a98ee3b) Importer(815301076,1909f56bfc062723c751e8b465ee728b)
Start importing Assets/_Assets/kenney_ui-pack-rpg-expansion/PNG/barBack_verticalBottom.png using Guid(00b6a9613090d8f448b887326a98ee3b) Importer(815301076,1909f56bfc062723c751e8b465ee728b) [PhysX] Initialized MultithreadedTaskDispatcher with 8 workers.
[PhysX] Initialized MultithreadedTaskDispatcher with 8 workers.
 -> (artifact id: 'ede99480360dc0bf569bc8a678691a8d') in 0.007116 seconds
Number of updated asset objects reloaded before import = 0
Number of asset objects unloaded after import = 3
========================================================================
Received Import Request.
  Time since last request: 0.212169 seconds.
  path: Assets/_Assets/kenney_ui-pack/PNG/Grey/Default/button_rectangle_depth_border.png
  artifactKey: Guid(5faa3eb28d6f38849807c9a94756a564) Importer(815301076,1909f56bfc062723c751e8b465ee728b)
Start importing Assets/_Assets/kenney_ui-pack/PNG/Grey/Default/button_rectangle_depth_border.png using Guid(5faa3eb28d6f38849807c9a94756a564) Importer(815301076,1909f56bfc062723c751e8b465ee728b) [PhysX] Initialized MultithreadedTaskDispatcher with 8 workers.
[PhysX] Initialized MultithreadedTaskDispatcher with 8 workers.
 -> (artifact id: 'bfdbf56dc1f0a89e430160bfc42fc931') in 0.006444 seconds
Number of updated asset objects reloaded before import = 0
Number of asset objects unloaded after import = 3
========================================================================
Received Import Request.
  Time since last request: 0.000012 seconds.
  path: Assets/_Assets/kenney_ui-pack/PNG/Yellow/Double/button_rectangle_depth_flat.png
  artifactKey: Guid(111046a026de90c44a574ab25ea26068) Importer(815301076,1909f56bfc062723c751e8b465ee728b)
Start importing Assets/_Assets/kenney_ui-pack/PNG/Yellow/Double/button_rectangle_depth_flat.png using Guid(111046a026de90c44a574ab25ea26068) Importer(815301076,1909f56bfc062723c751e8b465ee728b) [PhysX] Initialized MultithreadedTaskDispatcher with 8 workers.
[PhysX] Initialized MultithreadedTaskDispatcher with 8 workers.
 -> (artifact id: 'b48c68504135007e34509f85d42398ff') in 0.005991 seconds
Number of updated asset objects reloaded before import = 0
Number of asset objects unloaded after import = 3
========================================================================
Received Import Request.
  Time since last request: 0.000027 seconds.
  path: Assets/_Assets/kenney_ui-pack/PNG/Grey/Default/button_rectangle_depth_flat.png
  artifactKey: Guid(8bdd07160262c2c4597081a1724da754) Importer(815301076,1909f56bfc062723c751e8b465ee728b)
Start importing Assets/_Assets/kenney_ui-pack/PNG/Grey/Default/button_rectangle_depth_flat.png using Guid(8bdd07160262c2c4597081a1724da754) Importer(815301076,1909f56bfc062723c751e8b465ee728b) [PhysX] Initialized MultithreadedTaskDispatcher with 8 workers.
[PhysX] Initialized MultithreadedTaskDispatcher with 8 workers.
 -> (artifact id: '6f38f22559868c168720dba7ea9b8407') in 0.006771 seconds
Number of updated asset objects reloaded before import = 0
Number of asset objects unloaded after import = 3
========================================================================
Received Import Request.
  Time since last request: 0.000012 seconds.
  path: Assets/_Assets/kenney_ui-pack/PNG/Grey/Default/button_rectangle_depth_gloss.png
  artifactKey: Guid(1391e0b968dff884da4b374265ad537b) Importer(815301076,1909f56bfc062723c751e8b465ee728b)
Start importing Assets/_Assets/kenney_ui-pack/PNG/Grey/Default/button_rectangle_depth_gloss.png using Guid(1391e0b968dff884da4b374265ad537b) Importer(815301076,1909f56bfc062723c751e8b465ee728b) [PhysX] Initialized MultithreadedTaskDispatcher with 8 workers.
[PhysX] Initialized MultithreadedTaskDispatcher with 8 workers.
 -> (artifact id: '58c9c50ad3cfd74f942cfdbf6789db26') in 0.006106 seconds
Number of updated asset objects reloaded before import = 0
Number of asset objects unloaded after import = 3
========================================================================
Received Import Request.
  Time since last request: 0.000013 seconds.
  path: Assets/_Assets/kenney_ui-pack/PNG/Red/Double/button_rectangle_depth_flat.png
  artifactKey: Guid(49a16d63e3be5e244ab15fcd6d9f5b42) Importer(815301076,1909f56bfc062723c751e8b465ee728b)
Start importing Assets/_Assets/kenney_ui-pack/PNG/Red/Double/button_rectangle_depth_flat.png using Guid(49a16d63e3be5e244ab15fcd6d9f5b42) Importer(815301076,1909f56bfc062723c751e8b465ee728b) [PhysX] Initialized MultithreadedTaskDispatcher with 8 workers.
[PhysX] Initialized MultithreadedTaskDispatcher with 8 workers.
 -> (artifact id: '5b434ad285883b8abadcc98488f9c789') in 0.006475 seconds
Number of updated asset objects reloaded before import = 0
Number of asset objects unloaded after import = 3
========================================================================
Received Import Request.
  Time since last request: 0.000013 seconds.
  path: Assets/_Assets/kenney_ui-pack/PNG/Blue/Double/button_rectangle_depth_flat.png
  artifactKey: Guid(6f20418bda449424aa5d77b2451e5056) Importer(815301076,1909f56bfc062723c751e8b465ee728b)
Start importing Assets/_Assets/kenney_ui-pack/PNG/Blue/Double/button_rectangle_depth_flat.png using Guid(6f20418bda449424aa5d77b2451e5056) Importer(815301076,1909f56bfc062723c751e8b465ee728b) [PhysX] Initialized MultithreadedTaskDispatcher with 8 workers.
[PhysX] Initialized MultithreadedTaskDispatcher with 8 workers.
 -> (artifact id: '4acd932d5b7c4c1e70452e418462fc7a') in 0.007743 seconds
Number of updated asset objects reloaded before import = 0
Number of asset objects unloaded after import = 3
========================================================================
Received Import Request.
  Time since last request: 0.000015 seconds.
  path: Assets/_Assets/kenney_ui-pack/PNG/Yellow/Default/button_rectangle_depth_border.png
  artifactKey: Guid(58bad1dfb54973649b98fefe8467ca6e) Importer(815301076,1909f56bfc062723c751e8b465ee728b)
Start importing Assets/_Assets/kenney_ui-pack/PNG/Yellow/Default/button_rectangle_depth_border.png using Guid(58bad1dfb54973649b98fefe8467ca6e) Importer(815301076,1909f56bfc062723c751e8b465ee728b) [PhysX] Initialized MultithreadedTaskDispatcher with 8 workers.
[PhysX] Initialized MultithreadedTaskDispatcher with 8 workers.
 -> (artifact id: '36399ea9e748569db31643b5e233d6d5') in 0.008196 seconds
Number of updated asset objects reloaded before import = 0
Number of asset objects unloaded after import = 3
========================================================================
Received Import Request.
  Time since last request: 0.000016 seconds.
  path: Assets/_Assets/kenney_ui-pack/PNG/Grey/Double/button_rectangle_depth_gloss.png
  artifactKey: Guid(55c1df392441b8145b37c8a8995541c8) Importer(815301076,1909f56bfc062723c751e8b465ee728b)
Start importing Assets/_Assets/kenney_ui-pack/PNG/Grey/Double/button_rectangle_depth_gloss.png using Guid(55c1df392441b8145b37c8a8995541c8) Importer(815301076,1909f56bfc062723c751e8b465ee728b) [PhysX] Initialized MultithreadedTaskDispatcher with 8 workers.
[PhysX] Initialized MultithreadedTaskDispatcher with 8 workers.
 -> (artifact id: 'e08df6c5429e327a732e14068c282b3f') in 0.006713 seconds
Number of updated asset objects reloaded before import = 0
Number of asset objects unloaded after import = 3
========================================================================
Received Import Request.
  Time since last request: 0.000025 seconds.
  path: Assets/_Assets/kenney_ui-pack/PNG/Yellow/Double/button_rectangle_depth_border.png
  artifactKey: Guid(43dfba0144b5a4442bca77688334d8df) Importer(815301076,1909f56bfc062723c751e8b465ee728b)
Start importing Assets/_Assets/kenney_ui-pack/PNG/Yellow/Double/button_rectangle_depth_border.png using Guid(43dfba0144b5a4442bca77688334d8df) Importer(815301076,1909f56bfc062723c751e8b465ee728b) [PhysX] Initialized MultithreadedTaskDispatcher with 8 workers.
[PhysX] Initialized MultithreadedTaskDispatcher with 8 workers.
 -> (artifact id: '9dd1a2ce5f2bc2657a099a92f411e1dc') in 0.010893 seconds
Number of updated asset objects reloaded before import = 0
Number of asset objects unloaded after import = 3
========================================================================
Received Import Request.
  Time since last request: 0.047317 seconds.
  path: Assets/_Assets/kenney_ui-pack/PNG/Green/Double/button_rectangle_depth_gloss.png
  artifactKey: Guid(a0681875c97fa0249b6500d6929de6c3) Importer(815301076,1909f56bfc062723c751e8b465ee728b)
Start importing Assets/_Assets/kenney_ui-pack/PNG/Green/Double/button_rectangle_depth_gloss.png using Guid(a0681875c97fa0249b6500d6929de6c3) Importer(815301076,1909f56bfc062723c751e8b465ee728b) [PhysX] Initialized MultithreadedTaskDispatcher with 8 workers.
[PhysX] Initialized MultithreadedTaskDispatcher with 8 workers.
 -> (artifact id: 'f0a6b1194119fd17fb89ceb12f936c66') in 0.008253 seconds
Number of updated asset objects reloaded before import = 0
Number of asset objects unloaded after import = 3
========================================================================
Received Import Request.
  Time since last request: 0.000015 seconds.
  path: Assets/_Assets/kenney_ui-pack/PNG/Red/Double/button_rectangle_depth_gloss.png
  artifactKey: Guid(9e97d32c77bb1114ab606006f8718272) Importer(815301076,1909f56bfc062723c751e8b465ee728b)
Start importing Assets/_Assets/kenney_ui-pack/PNG/Red/Double/button_rectangle_depth_gloss.png using Guid(9e97d32c77bb1114ab606006f8718272) Importer(815301076,1909f56bfc062723c751e8b465ee728b) [PhysX] Initialized MultithreadedTaskDispatcher with 8 workers.
[PhysX] Initialized MultithreadedTaskDispatcher with 8 workers.
 -> (artifact id: '32b76f879250ced3ec3c72d47e395b15') in 0.009005 seconds
Number of updated asset objects reloaded before import = 0
Number of asset objects unloaded after import = 3
========================================================================
Received Import Request.
  Time since last request: 0.000016 seconds.
  path: Assets/_Assets/kenney_ui-pack/PNG/Green/Default/button_rectangle_depth_line.png
  artifactKey: Guid(7acfe54419f562a4d817bbbdb164bc49) Importer(815301076,1909f56bfc062723c751e8b465ee728b)
Start importing Assets/_Assets/kenney_ui-pack/PNG/Green/Default/button_rectangle_depth_line.png using Guid(7acfe54419f562a4d817bbbdb164bc49) Importer(815301076,1909f56bfc062723c751e8b465ee728b) [PhysX] Initialized MultithreadedTaskDispatcher with 8 workers.
[PhysX] Initialized MultithreadedTaskDispatcher with 8 workers.
 -> (artifact id: 'e58fcdf7c6d5e48fd745191fd2e73b79') in 0.007584 seconds
Number of updated asset objects reloaded before import = 0
Number of asset objects unloaded after import = 3
========================================================================
Received Import Request.
  Time since last request: 0.000016 seconds.
  path: Assets/_Assets/kenney_ui-pack/PNG/Red/Double/button_rectangle_depth_line.png
  artifactKey: Guid(acb4c82456186ea44836d891b5dd2b70) Importer(815301076,1909f56bfc062723c751e8b465ee728b)
Start importing Assets/_Assets/kenney_ui-pack/PNG/Red/Double/button_rectangle_depth_line.png using Guid(acb4c82456186ea44836d891b5dd2b70) Importer(815301076,1909f56bfc062723c751e8b465ee728b) [PhysX] Initialized MultithreadedTaskDispatcher with 8 workers.
[PhysX] Initialized MultithreadedTaskDispatcher with 8 workers.
 -> (artifact id: 'd3b479933c6fde945c2d56e5e9a105bb') in 0.010830 seconds
Number of updated asset objects reloaded before import = 0
Number of asset objects unloaded after import = 3
========================================================================
Received Import Request.
  Time since last request: 0.000015 seconds.
  path: Assets/_Assets/kenney_ui-pack/PNG/Yellow/Double/button_rectangle_flat.png
  artifactKey: Guid(87f61b1dbebf48347905e4506911e75b) Importer(815301076,1909f56bfc062723c751e8b465ee728b)
Start importing Assets/_Assets/kenney_ui-pack/PNG/Yellow/Double/button_rectangle_flat.png using Guid(87f61b1dbebf48347905e4506911e75b) Importer(815301076,1909f56bfc062723c751e8b465ee728b) [PhysX] Initialized MultithreadedTaskDispatcher with 8 workers.
[PhysX] Initialized MultithreadedTaskDispatcher with 8 workers.
 -> (artifact id: '125916c3e4704aef3ddad22aaf8b1e09') in 0.008123 seconds
Number of updated asset objects reloaded before import = 0
Number of asset objects unloaded after import = 3
========================================================================
Received Import Request.
  Time since last request: 0.000015 seconds.
  path: Assets/_Assets/kenney_ui-pack/PNG/Yellow/Double/button_rectangle_depth_gradient.png
  artifactKey: Guid(139f39ce917eeb04198a99dbea2a8cce) Importer(815301076,1909f56bfc062723c751e8b465ee728b)
Start importing Assets/_Assets/kenney_ui-pack/PNG/Yellow/Double/button_rectangle_depth_gradient.png using Guid(139f39ce917eeb04198a99dbea2a8cce) Importer(815301076,1909f56bfc062723c751e8b465ee728b) [PhysX] Initialized MultithreadedTaskDispatcher with 8 workers.
[PhysX] Initialized MultithreadedTaskDispatcher with 8 workers.
 -> (artifact id: '7b9a8cb71e6ce1b63e99dfe05100d9ee') in 0.007264 seconds
Number of updated asset objects reloaded before import = 0
Number of asset objects unloaded after import = 3
========================================================================
Received Import Request.
  Time since last request: 0.000016 seconds.
  path: Assets/_Assets/kenney_ui-pack/PNG/Yellow/Double/button_rectangle_depth_gloss.png
  artifactKey: Guid(52e1d7463e7940e4fa448ab5a2b15908) Importer(815301076,1909f56bfc062723c751e8b465ee728b)
Start importing Assets/_Assets/kenney_ui-pack/PNG/Yellow/Double/button_rectangle_depth_gloss.png using Guid(52e1d7463e7940e4fa448ab5a2b15908) Importer(815301076,1909f56bfc062723c751e8b465ee728b) [PhysX] Initialized MultithreadedTaskDispatcher with 8 workers.
[PhysX] Initialized MultithreadedTaskDispatcher with 8 workers.
 -> (artifact id: '18b8e776adaa914978d872d3c0b4c71b') in 0.006642 seconds
Number of updated asset objects reloaded before import = 0
Number of asset objects unloaded after import = 3
========================================================================
Received Import Request.
  Time since last request: 0.000015 seconds.
  path: Assets/_Assets/kenney_ui-pack/PNG/Blue/Default/button_rectangle_depth_gradient.png
  artifactKey: Guid(d83810945b292764d94ac1ba46c1b80d) Importer(815301076,1909f56bfc062723c751e8b465ee728b)
Start importing Assets/_Assets/kenney_ui-pack/PNG/Blue/Default/button_rectangle_depth_gradient.png using Guid(d83810945b292764d94ac1ba46c1b80d) Importer(815301076,1909f56bfc062723c751e8b465ee728b) [PhysX] Initialized MultithreadedTaskDispatcher with 8 workers.
[PhysX] Initialized MultithreadedTaskDispatcher with 8 workers.
 -> (artifact id: '90febc49943cbdab80d1f9f72d36f6f2') in 0.006538 seconds
Number of updated asset objects reloaded before import = 0
Number of asset objects unloaded after import = 3
========================================================================
Received Import Request.
  Time since last request: 0.000015 seconds.
  path: Assets/_Assets/kenney_ui-pack/PNG/Green/Double/button_rectangle_depth_gradient.png
  artifactKey: Guid(f80a206b9460ba04c8ace3823eb4b80c) Importer(815301076,1909f56bfc062723c751e8b465ee728b)
Start importing Assets/_Assets/kenney_ui-pack/PNG/Green/Double/button_rectangle_depth_gradient.png using Guid(f80a206b9460ba04c8ace3823eb4b80c) Importer(815301076,1909f56bfc062723c751e8b465ee728b) [PhysX] Initialized MultithreadedTaskDispatcher with 8 workers.
[PhysX] Initialized MultithreadedTaskDispatcher with 8 workers.
 -> (artifact id: 'd3f2e375d9f87ddb3cdf09fae072daf9') in 0.007769 seconds
Number of updated asset objects reloaded before import = 0
Number of asset objects unloaded after import = 3
========================================================================
Received Import Request.
  Time since last request: 0.000013 seconds.
  path: Assets/_Assets/kenney_ui-pack/PNG/Grey/Double/button_rectangle_depth_line.png
  artifactKey: Guid(59c87c3f71cc59149be7b0ebbca9bfc9) Importer(815301076,1909f56bfc062723c751e8b465ee728b)
Start importing Assets/_Assets/kenney_ui-pack/PNG/Grey/Double/button_rectangle_depth_line.png using Guid(59c87c3f71cc59149be7b0ebbca9bfc9) Importer(815301076,1909f56bfc062723c751e8b465ee728b) [PhysX] Initialized MultithreadedTaskDispatcher with 8 workers.
[PhysX] Initialized MultithreadedTaskDispatcher with 8 workers.
 -> (artifact id: '28ffcd3bcab495c5b100e6004bcb8412') in 0.006367 seconds
Number of updated asset objects reloaded before import = 0
Number of asset objects unloaded after import = 3
========================================================================
Received Import Request.
  Time since last request: 0.000017 seconds.
  path: Assets/_Assets/kenney_ui-pack/PNG/Blue/Double/button_rectangle_depth_line.png
  artifactKey: Guid(36cafe649286273409a84530e79a2abc) Importer(815301076,1909f56bfc062723c751e8b465ee728b)
Start importing Assets/_Assets/kenney_ui-pack/PNG/Blue/Double/button_rectangle_depth_line.png using Guid(36cafe649286273409a84530e79a2abc) Importer(815301076,1909f56bfc062723c751e8b465ee728b) [PhysX] Initialized MultithreadedTaskDispatcher with 8 workers.
[PhysX] Initialized MultithreadedTaskDispatcher with 8 workers.
 -> (artifact id: 'c0a6dbc6aa15e694194fc14b3cf0a43e') in 0.006043 seconds
Number of updated asset objects reloaded before import = 0
Number of asset objects unloaded after import = 3
========================================================================
Received Import Request.
  Time since last request: 0.000013 seconds.
  path: Assets/_Assets/kenney_ui-pack/PNG/Yellow/Default/button_rectangle_flat.png
  artifactKey: Guid(88d5480ede6ca0543bccb7550a603dbd) Importer(815301076,1909f56bfc062723c751e8b465ee728b)
Start importing Assets/_Assets/kenney_ui-pack/PNG/Yellow/Default/button_rectangle_flat.png using Guid(88d5480ede6ca0543bccb7550a603dbd) Importer(815301076,1909f56bfc062723c751e8b465ee728b) [PhysX] Initialized MultithreadedTaskDispatcher with 8 workers.
[PhysX] Initialized MultithreadedTaskDispatcher with 8 workers.
 -> (artifact id: 'd9a0a4af8e9813b23fa450d39c5e130c') in 0.009204 seconds
Number of updated asset objects reloaded before import = 0
Number of asset objects unloaded after import = 3
========================================================================
Received Import Request.
  Time since last request: 0.000017 seconds.
  path: Assets/_Assets/kenney_ui-pack/PNG/Green/Default/button_rectangle_depth_gradient.png
  artifactKey: Guid(302f54921d211d24cb297c6042da6081) Importer(815301076,1909f56bfc062723c751e8b465ee728b)
Start importing Assets/_Assets/kenney_ui-pack/PNG/Green/Default/button_rectangle_depth_gradient.png using Guid(302f54921d211d24cb297c6042da6081) Importer(815301076,1909f56bfc062723c751e8b465ee728b) [PhysX] Initialized MultithreadedTaskDispatcher with 8 workers.
[PhysX] Initialized MultithreadedTaskDispatcher with 8 workers.
 -> (artifact id: 'f81a3a64e24a1486a84b382a0d773eaa') in 0.008223 seconds
Number of updated asset objects reloaded before import = 0
Number of asset objects unloaded after import = 3
========================================================================
Received Import Request.
  Time since last request: 0.000305 seconds.
  path: Assets/_Assets/kenney_ui-pack/PNG/Green/Double/button_rectangle_flat.png
  artifactKey: Guid(209659ada989c0c4e98b541349f5e88f) Importer(815301076,1909f56bfc062723c751e8b465ee728b)
Start importing Assets/_Assets/kenney_ui-pack/PNG/Green/Double/button_rectangle_flat.png using Guid(209659ada989c0c4e98b541349f5e88f) Importer(815301076,1909f56bfc062723c751e8b465ee728b) [PhysX] Initialized MultithreadedTaskDispatcher with 8 workers.
[PhysX] Initialized MultithreadedTaskDispatcher with 8 workers.
 -> (artifact id: 'aec42dfb5162c881aa2d54fff7e62d57') in 0.007302 seconds
Number of updated asset objects reloaded before import = 0
Number of asset objects unloaded after import = 3
========================================================================
Received Import Request.
  Time since last request: 0.000252 seconds.
  path: Assets/_Assets/kenney_ui-pack/PNG/Red/Double/button_rectangle_flat.png
  artifactKey: Guid(d45fead69fff1cd4c9956cbc0114cd0a) Importer(815301076,1909f56bfc062723c751e8b465ee728b)
Start importing Assets/_Assets/kenney_ui-pack/PNG/Red/Double/button_rectangle_flat.png using Guid(d45fead69fff1cd4c9956cbc0114cd0a) Importer(815301076,1909f56bfc062723c751e8b465ee728b) [PhysX] Initialized MultithreadedTaskDispatcher with 8 workers.
[PhysX] Initialized MultithreadedTaskDispatcher with 8 workers.
 -> (artifact id: '930d5fe62e96539510459aafe2aa2131') in 0.009213 seconds
Number of updated asset objects reloaded before import = 0
Number of asset objects unloaded after import = 3
========================================================================
Received Import Request.
  Time since last request: 0.000381 seconds.
  path: Assets/_Assets/kenney_ui-pack/PNG/Grey/Default/button_rectangle_depth_gradient.png
  artifactKey: Guid(f073662c97481fa4d843ee4f621defbd) Importer(815301076,1909f56bfc062723c751e8b465ee728b)
Start importing Assets/_Assets/kenney_ui-pack/PNG/Grey/Default/button_rectangle_depth_gradient.png using Guid(f073662c97481fa4d843ee4f621defbd) Importer(815301076,1909f56bfc062723c751e8b465ee728b) [PhysX] Initialized MultithreadedTaskDispatcher with 8 workers.
[PhysX] Initialized MultithreadedTaskDispatcher with 8 workers.
 -> (artifact id: '00af8b52b07ecaee47ff7dba607cad5a') in 0.009339 seconds
Number of updated asset objects reloaded before import = 0
Number of asset objects unloaded after import = 3
========================================================================
Received Import Request.
  Time since last request: 0.000013 seconds.
  path: Assets/_Assets/kenney_ui-pack/PNG/Green/Double/button_rectangle_depth_line.png
  artifactKey: Guid(15f338ebc9705a54a8be719af370cb3a) Importer(815301076,1909f56bfc062723c751e8b465ee728b)
Start importing Assets/_Assets/kenney_ui-pack/PNG/Green/Double/button_rectangle_depth_line.png using Guid(15f338ebc9705a54a8be719af370cb3a) Importer(815301076,1909f56bfc062723c751e8b465ee728b) [PhysX] Initialized MultithreadedTaskDispatcher with 8 workers.
[PhysX] Initialized MultithreadedTaskDispatcher with 8 workers.
 -> (artifact id: 'ed6727bea5409019e55824fddea28c67') in 0.008505 seconds
Number of updated asset objects reloaded before import = 0
Number of asset objects unloaded after import = 3
========================================================================
Received Import Request.
  Time since last request: 0.000057 seconds.
  path: Assets/_Assets/kenney_ui-pack/PNG/Grey/Default/button_rectangle_flat.png
  artifactKey: Guid(b6b157ad44d73904faf7fc9711bd5045) Importer(815301076,1909f56bfc062723c751e8b465ee728b)
Start importing Assets/_Assets/kenney_ui-pack/PNG/Grey/Default/button_rectangle_flat.png using Guid(b6b157ad44d73904faf7fc9711bd5045) Importer(815301076,1909f56bfc062723c751e8b465ee728b) [PhysX] Initialized MultithreadedTaskDispatcher with 8 workers.
[PhysX] Initialized MultithreadedTaskDispatcher with 8 workers.
 -> (artifact id: 'efd3fbf2b8e8bb16f8cb4225061756a2') in 0.006976 seconds
Number of updated asset objects reloaded before import = 0
Number of asset objects unloaded after import = 3
========================================================================
Received Import Request.
  Time since last request: 4.372690 seconds.
  path: Assets/_Assets/kenney_ui-pack/PNG/Green/Double/button_rectangle_gloss.png
  artifactKey: Guid(53e63a7709e079949aa62b934cf53e0e) Importer(815301076,1909f56bfc062723c751e8b465ee728b)
Start importing Assets/_Assets/kenney_ui-pack/PNG/Green/Double/button_rectangle_gloss.png using Guid(53e63a7709e079949aa62b934cf53e0e) Importer(815301076,1909f56bfc062723c751e8b465ee728b) [PhysX] Initialized MultithreadedTaskDispatcher with 8 workers.
[PhysX] Initialized MultithreadedTaskDispatcher with 8 workers.
 -> (artifact id: 'de3b5025e15e50b6f5869928bec28a64') in 0.006918 seconds
Number of updated asset objects reloaded before import = 0
Number of asset objects unloaded after import = 3
========================================================================
Received Import Request.
  Time since last request: 0.000013 seconds.
  path: Assets/_Assets/kenney_ui-pack/PNG/Blue/Default/button_rectangle_gloss.png
  artifactKey: Guid(37ffd38bcdb1c1f40a8329d4b7cd1f2c) Importer(815301076,1909f56bfc062723c751e8b465ee728b)
Start importing Assets/_Assets/kenney_ui-pack/PNG/Blue/Default/button_rectangle_gloss.png using Guid(37ffd38bcdb1c1f40a8329d4b7cd1f2c) Importer(815301076,1909f56bfc062723c751e8b465ee728b) [PhysX] Initialized MultithreadedTaskDispatcher with 8 workers.
[PhysX] Initialized MultithreadedTaskDispatcher with 8 workers.
 -> (artifact id: 'bd0057a7e7c075308c62dc2eef1d525d') in 0.007964 seconds
Number of updated asset objects reloaded before import = 0
Number of asset objects unloaded after import = 3
========================================================================
Received Import Request.
  Time since last request: 0.000036 seconds.
  path: Assets/_Assets/kenney_ui-pack/PNG/Green/Default/button_rectangle_gradient.png
  artifactKey: Guid(0d51a4014cc454f4fa88534077fe0733) Importer(815301076,1909f56bfc062723c751e8b465ee728b)
Start importing Assets/_Assets/kenney_ui-pack/PNG/Green/Default/button_rectangle_gradient.png using Guid(0d51a4014cc454f4fa88534077fe0733) Importer(815301076,1909f56bfc062723c751e8b465ee728b) [PhysX] Initialized MultithreadedTaskDispatcher with 8 workers.
[PhysX] Initialized MultithreadedTaskDispatcher with 8 workers.
 -> (artifact id: '8dc40fb90f04db9e5305602870d8ba05') in 0.019251 seconds
Number of updated asset objects reloaded before import = 0
Number of asset objects unloaded after import = 3
========================================================================
Received Import Request.
  Time since last request: 0.000014 seconds.
  path: Assets/_Assets/kenney_ui-pack/PNG/Grey/Double/button_rectangle_gloss.png
  artifactKey: Guid(98fc263859e3e8a44a9327c775ed78a3) Importer(815301076,1909f56bfc062723c751e8b465ee728b)
Start importing Assets/_Assets/kenney_ui-pack/PNG/Grey/Double/button_rectangle_gloss.png using Guid(98fc263859e3e8a44a9327c775ed78a3) Importer(815301076,1909f56bfc062723c751e8b465ee728b) [PhysX] Initialized MultithreadedTaskDispatcher with 8 workers.
[PhysX] Initialized MultithreadedTaskDispatcher with 8 workers.
 -> (artifact id: 'e8a0e8d13fdbc81ab14a46953b7ce1ab') in 0.014672 seconds
Number of updated asset objects reloaded before import = 0
Number of asset objects unloaded after import = 3
========================================================================
Received Import Request.
  Time since last request: 0.000025 seconds.
  path: Assets/_Assets/kenney_ui-pack/PNG/Grey/Default/button_rectangle_gloss.png
  artifactKey: Guid(ad6edd8fa10164f4ca10f3d40394086f) Importer(815301076,1909f56bfc062723c751e8b465ee728b)
Start importing Assets/_Assets/kenney_ui-pack/PNG/Grey/Default/button_rectangle_gloss.png using Guid(ad6edd8fa10164f4ca10f3d40394086f) Importer(815301076,1909f56bfc062723c751e8b465ee728b) [PhysX] Initialized MultithreadedTaskDispatcher with 8 workers.
[PhysX] Initialized MultithreadedTaskDispatcher with 8 workers.
 -> (artifact id: '8f72b77371919cc0955de661617fbd1e') in 0.007534 seconds
Number of updated asset objects reloaded before import = 0
Number of asset objects unloaded after import = 3
========================================================================
Received Import Request.
  Time since last request: 0.000021 seconds.
  path: Assets/_Assets/kenney_ui-pack/PNG/Red/Default/button_rectangle_gloss.png
  artifactKey: Guid(36d7d34b54b091143b2ce90f0b53b028) Importer(815301076,1909f56bfc062723c751e8b465ee728b)
Start importing Assets/_Assets/kenney_ui-pack/PNG/Red/Default/button_rectangle_gloss.png using Guid(36d7d34b54b091143b2ce90f0b53b028) Importer(815301076,1909f56bfc062723c751e8b465ee728b) [PhysX] Initialized MultithreadedTaskDispatcher with 8 workers.
[PhysX] Initialized MultithreadedTaskDispatcher with 8 workers.
 -> (artifact id: '4160584bdd4ff0fb3320f346fdc0df62') in 0.012871 seconds
Number of updated asset objects reloaded before import = 0
Number of asset objects unloaded after import = 3
========================================================================
Received Import Request.
  Time since last request: 0.000018 seconds.
  path: Assets/_Assets/kenney_ui-pack/PNG/Green/Double/button_rectangle_gradient.png
  artifactKey: Guid(1e9cea97cddb32d46add51348f0249ee) Importer(815301076,1909f56bfc062723c751e8b465ee728b)
Start importing Assets/_Assets/kenney_ui-pack/PNG/Green/Double/button_rectangle_gradient.png using Guid(1e9cea97cddb32d46add51348f0249ee) Importer(815301076,1909f56bfc062723c751e8b465ee728b) [PhysX] Initialized MultithreadedTaskDispatcher with 8 workers.
[PhysX] Initialized MultithreadedTaskDispatcher with 8 workers.
 -> (artifact id: '0977e8050f44e1109f27b2fa62ebdeff') in 0.008333 seconds
Number of updated asset objects reloaded before import = 0
Number of asset objects unloaded after import = 3
========================================================================
Received Import Request.
  Time since last request: 0.777522 seconds.
  path: Assets/_Assets/kenney_ui-pack/PNG/Grey/Default/button_rectangle_gradient.png
  artifactKey: Guid(34c84d162498dd34eb1e78cc725010c2) Importer(815301076,1909f56bfc062723c751e8b465ee728b)
Start importing Assets/_Assets/kenney_ui-pack/PNG/Grey/Default/button_rectangle_gradient.png using Guid(34c84d162498dd34eb1e78cc725010c2) Importer(815301076,1909f56bfc062723c751e8b465ee728b) [PhysX] Initialized MultithreadedTaskDispatcher with 8 workers.
[PhysX] Initialized MultithreadedTaskDispatcher with 8 workers.
 -> (artifact id: 'b8eeb27a00a74a3338d8957aae2534dc') in 0.007076 seconds
Number of updated asset objects reloaded before import = 0
Number of asset objects unloaded after import = 3
========================================================================
Received Import Request.
  Time since last request: 0.000021 seconds.
  path: Assets/_Assets/kenney_ui-pack/PNG/Green/Double/button_rectangle_line.png
  artifactKey: Guid(b443639dec34eb44c901aa982ecc3e3b) Importer(815301076,1909f56bfc062723c751e8b465ee728b)
Start importing Assets/_Assets/kenney_ui-pack/PNG/Green/Double/button_rectangle_line.png using Guid(b443639dec34eb44c901aa982ecc3e3b) Importer(815301076,1909f56bfc062723c751e8b465ee728b) [PhysX] Initialized MultithreadedTaskDispatcher with 8 workers.
[PhysX] Initialized MultithreadedTaskDispatcher with 8 workers.
 -> (artifact id: 'b3fbb435e727ee870eb9f86baeef284c') in 0.009942 seconds
Number of updated asset objects reloaded before import = 0
Number of asset objects unloaded after import = 3
========================================================================
Received Import Request.
  Time since last request: 0.000022 seconds.
  path: Assets/_Assets/kenney_ui-pack-adventure/PNG/Default/button_red.png
  artifactKey: Guid(2dfecb676bc398d439b23636c5fb2f0a) Importer(815301076,1909f56bfc062723c751e8b465ee728b)
Start importing Assets/_Assets/kenney_ui-pack-adventure/PNG/Default/button_red.png using Guid(2dfecb676bc398d439b23636c5fb2f0a) Importer(815301076,1909f56bfc062723c751e8b465ee728b) [PhysX] Initialized MultithreadedTaskDispatcher with 8 workers.
[PhysX] Initialized MultithreadedTaskDispatcher with 8 workers.
 -> (artifact id: '114986bb5f000ccd14d1d0a1cea9f638') in 0.009669 seconds
Number of updated asset objects reloaded before import = 0
Number of asset objects unloaded after import = 3
========================================================================
Received Import Request.
  Time since last request: 0.000020 seconds.
  path: Assets/_Assets/kenney_ui-pack/PNG/Grey/Double/button_rectangle_line.png
  artifactKey: Guid(e38b3e851d883104cac0545384d7d508) Importer(815301076,1909f56bfc062723c751e8b465ee728b)
Start importing Assets/_Assets/kenney_ui-pack/PNG/Grey/Double/button_rectangle_line.png using Guid(e38b3e851d883104cac0545384d7d508) Importer(815301076,1909f56bfc062723c751e8b465ee728b) [PhysX] Initialized MultithreadedTaskDispatcher with 8 workers.
[PhysX] Initialized MultithreadedTaskDispatcher with 8 workers.
 -> (artifact id: '4d28da3974e72b7cbeec30b4fe1131ea') in 0.009902 seconds
Number of updated asset objects reloaded before import = 0
Number of asset objects unloaded after import = 3
========================================================================
Received Import Request.
  Time since last request: 0.420339 seconds.
  path: Assets/_Assets/kenney_ui-pack/PNG/Yellow/Default/button_round_border.png
  artifactKey: Guid(cd7261c399f261b42a14f86afb064220) Importer(815301076,1909f56bfc062723c751e8b465ee728b)
Start importing Assets/_Assets/kenney_ui-pack/PNG/Yellow/Default/button_round_border.png using Guid(cd7261c399f261b42a14f86afb064220) Importer(815301076,1909f56bfc062723c751e8b465ee728b) [PhysX] Initialized MultithreadedTaskDispatcher with 8 workers.
[PhysX] Initialized MultithreadedTaskDispatcher with 8 workers.
 -> (artifact id: '9f60d54044d7428daf2de7351b4a2579') in 0.008252 seconds
Number of updated asset objects reloaded before import = 0
Number of asset objects unloaded after import = 3
========================================================================
Received Import Request.
  Time since last request: 0.000020 seconds.
  path: Assets/_Assets/kenney_ui-pack/PNG/Green/Double/button_round_border.png
  artifactKey: Guid(f7e3dd9055e1aa24cbc301e986bfd348) Importer(815301076,1909f56bfc062723c751e8b465ee728b)
Start importing Assets/_Assets/kenney_ui-pack/PNG/Green/Double/button_round_border.png using Guid(f7e3dd9055e1aa24cbc301e986bfd348) Importer(815301076,1909f56bfc062723c751e8b465ee728b) [PhysX] Initialized MultithreadedTaskDispatcher with 8 workers.
[PhysX] Initialized MultithreadedTaskDispatcher with 8 workers.
 -> (artifact id: '5c020c75ac8331d59336916a19595e05') in 0.012541 seconds
Number of updated asset objects reloaded before import = 0
Number of asset objects unloaded after import = 3
========================================================================
Received Import Request.
  Time since last request: 0.000021 seconds.
  path: Assets/_Assets/kenney_ui-pack/PNG/Blue/Double/button_round_depth_border.png
  artifactKey: Guid(ebe79b1d58618ee409978239635c3fd1) Importer(815301076,1909f56bfc062723c751e8b465ee728b)
Start importing Assets/_Assets/kenney_ui-pack/PNG/Blue/Double/button_round_depth_border.png using Guid(ebe79b1d58618ee409978239635c3fd1) Importer(815301076,1909f56bfc062723c751e8b465ee728b) [PhysX] Initialized MultithreadedTaskDispatcher with 8 workers.
[PhysX] Initialized MultithreadedTaskDispatcher with 8 workers.
 -> (artifact id: 'bb095528f317893fbf41327f550c229d') in 0.014931 seconds
Number of updated asset objects reloaded before import = 0
Number of asset objects unloaded after import = 3
========================================================================
Received Import Request.
  Time since last request: 0.000016 seconds.
  path: Assets/_Assets/kenney_ui-pack/PNG/Grey/Double/button_round_border.png
  artifactKey: Guid(908926666605bd643a63e0f0e6e1390f) Importer(815301076,1909f56bfc062723c751e8b465ee728b)
Start importing Assets/_Assets/kenney_ui-pack/PNG/Grey/Double/button_round_border.png using Guid(908926666605bd643a63e0f0e6e1390f) Importer(815301076,1909f56bfc062723c751e8b465ee728b) [PhysX] Initialized MultithreadedTaskDispatcher with 8 workers.
[PhysX] Initialized MultithreadedTaskDispatcher with 8 workers.
 -> (artifact id: '4a093457acd1ca337e02b8e9bad99f5e') in 0.012325 seconds
Number of updated asset objects reloaded before import = 0
Number of asset objects unloaded after import = 3
========================================================================
Received Import Request.
  Time since last request: 0.014882 seconds.
  path: Assets/_Assets/kenney_ui-pack/PNG/Blue/Default/button_round_depth_border.png
  artifactKey: Guid(db96c00ba6df59c4c8306a25353389d7) Importer(815301076,1909f56bfc062723c751e8b465ee728b)
Start importing Assets/_Assets/kenney_ui-pack/PNG/Blue/Default/button_round_depth_border.png using Guid(db96c00ba6df59c4c8306a25353389d7) Importer(815301076,1909f56bfc062723c751e8b465ee728b) [PhysX] Initialized MultithreadedTaskDispatcher with 8 workers.
[PhysX] Initialized MultithreadedTaskDispatcher with 8 workers.
 -> (artifact id: 'dcc6583531218e1fa52a70bcb017c455') in 0.008305 seconds
Number of updated asset objects reloaded before import = 0
Number of asset objects unloaded after import = 3
========================================================================
Received Import Request.
  Time since last request: 0.000014 seconds.
  path: Assets/_Assets/kenney_ui-pack/PNG/Blue/Double/button_round_depth_flat.png
  artifactKey: Guid(ed5bb90171e3b7a46ad2187e585090ba) Importer(815301076,1909f56bfc062723c751e8b465ee728b)
Start importing Assets/_Assets/kenney_ui-pack/PNG/Blue/Double/button_round_depth_flat.png using Guid(ed5bb90171e3b7a46ad2187e585090ba) Importer(815301076,1909f56bfc062723c751e8b465ee728b) [PhysX] Initialized MultithreadedTaskDispatcher with 8 workers.
[PhysX] Initialized MultithreadedTaskDispatcher with 8 workers.
 -> (artifact id: 'baa365c01ff31ed16cc9bc4d6f65d35c') in 0.013041 seconds
Number of updated asset objects reloaded before import = 0
Number of asset objects unloaded after import = 3
========================================================================
Received Import Request.
  Time since last request: 0.000222 seconds.
  path: Assets/_Assets/kenney_ui-pack/PNG/Green/Default/button_round_depth_gloss.png
  artifactKey: Guid(2cf2a44748eb61148bf062a81929d4d5) Importer(815301076,1909f56bfc062723c751e8b465ee728b)
Start importing Assets/_Assets/kenney_ui-pack/PNG/Green/Default/button_round_depth_gloss.png using Guid(2cf2a44748eb61148bf062a81929d4d5) Importer(815301076,1909f56bfc062723c751e8b465ee728b) [PhysX] Initialized MultithreadedTaskDispatcher with 8 workers.
[PhysX] Initialized MultithreadedTaskDispatcher with 8 workers.
 -> (artifact id: '9af70c568cdba83aa90bd9d2daf88990') in 0.009440 seconds
Number of updated asset objects reloaded before import = 0
Number of asset objects unloaded after import = 3
========================================================================
Received Import Request.
  Time since last request: 0.000025 seconds.
  path: Assets/_Assets/kenney_ui-pack/PNG/Green/Double/button_round_depth_flat.png
  artifactKey: Guid(908c2421daee79b4ea04941255f054df) Importer(815301076,1909f56bfc062723c751e8b465ee728b)
Start importing Assets/_Assets/kenney_ui-pack/PNG/Green/Double/button_round_depth_flat.png using Guid(908c2421daee79b4ea04941255f054df) Importer(815301076,1909f56bfc062723c751e8b465ee728b) [PhysX] Initialized MultithreadedTaskDispatcher with 8 workers.
[PhysX] Initialized MultithreadedTaskDispatcher with 8 workers.
 -> (artifact id: '23e66bc83af93c5c40915bc447626999') in 0.010976 seconds
Number of updated asset objects reloaded before import = 0
Number of asset objects unloaded after import = 3
========================================================================
Received Import Request.
  Time since last request: 0.533071 seconds.
  path: Assets/_Assets/kenney_ui-pack/PNG/Blue/Double/button_round_depth_gloss.png
  artifactKey: Guid(c86410415b7f8314fa079bdba1df1b3d) Importer(815301076,1909f56bfc062723c751e8b465ee728b)
Start importing Assets/_Assets/kenney_ui-pack/PNG/Blue/Double/button_round_depth_gloss.png using Guid(c86410415b7f8314fa079bdba1df1b3d) Importer(815301076,1909f56bfc062723c751e8b465ee728b) [PhysX] Initialized MultithreadedTaskDispatcher with 8 workers.
[PhysX] Initialized MultithreadedTaskDispatcher with 8 workers.
 -> (artifact id: 'e47c5c9b9669193f0246de82273f5fa7') in 0.008748 seconds
Number of updated asset objects reloaded before import = 0
Number of asset objects unloaded after import = 3
========================================================================
Received Import Request.
  Time since last request: 0.000017 seconds.
  path: Assets/_Assets/kenney_ui-pack/PNG/Grey/Default/button_round_depth_gradient.png
  artifactKey: Guid(e4efa27311c26ea41a9f7b60a5e60377) Importer(815301076,1909f56bfc062723c751e8b465ee728b)
Start importing Assets/_Assets/kenney_ui-pack/PNG/Grey/Default/button_round_depth_gradient.png using Guid(e4efa27311c26ea41a9f7b60a5e60377) Importer(815301076,1909f56bfc062723c751e8b465ee728b) [PhysX] Initialized MultithreadedTaskDispatcher with 8 workers.
[PhysX] Initialized MultithreadedTaskDispatcher with 8 workers.
 -> (artifact id: '6cc97fc564cbfac093f2948bc2f444fc') in 0.008568 seconds
Number of updated asset objects reloaded before import = 0
Number of asset objects unloaded after import = 3
========================================================================
Received Import Request.
  Time since last request: 0.000016 seconds.
  path: Assets/_Assets/kenney_ui-pack/PNG/Green/Double/button_round_depth_line.png
  artifactKey: Guid(f7fc323ba50607e4b8179371905191f2) Importer(815301076,1909f56bfc062723c751e8b465ee728b)
Start importing Assets/_Assets/kenney_ui-pack/PNG/Green/Double/button_round_depth_line.png using Guid(f7fc323ba50607e4b8179371905191f2) Importer(815301076,1909f56bfc062723c751e8b465ee728b) [PhysX] Initialized MultithreadedTaskDispatcher with 8 workers.
[PhysX] Initialized MultithreadedTaskDispatcher with 8 workers.
 -> (artifact id: 'a3f1a4f20e8473d58327730bc537c392') in 0.011504 seconds
Number of updated asset objects reloaded before import = 0
Number of asset objects unloaded after import = 3
========================================================================
Received Import Request.
  Time since last request: 0.000016 seconds.
  path: Assets/_Assets/kenney_ui-pack/PNG/Blue/Default/button_round_depth_gradient.png
  artifactKey: Guid(438884bc9e5a23e428f9e37efefa6458) Importer(815301076,1909f56bfc062723c751e8b465ee728b)
Start importing Assets/_Assets/kenney_ui-pack/PNG/Blue/Default/button_round_depth_gradient.png using Guid(438884bc9e5a23e428f9e37efefa6458) Importer(815301076,1909f56bfc062723c751e8b465ee728b) [PhysX] Initialized MultithreadedTaskDispatcher with 8 workers.
[PhysX] Initialized MultithreadedTaskDispatcher with 8 workers.
 -> (artifact id: 'd005ad823546b01f28c3e81775d2fd77') in 0.011414 seconds
Number of updated asset objects reloaded before import = 0
Number of asset objects unloaded after import = 3
========================================================================
Received Import Request.
  Time since last request: 0.000013 seconds.
  path: Assets/_Assets/kenney_ui-pack/PNG/Green/Default/button_round_depth_line.png
  artifactKey: Guid(1661f384073bf3c4caf22ce8ec650918) Importer(815301076,1909f56bfc062723c751e8b465ee728b)
Start importing Assets/_Assets/kenney_ui-pack/PNG/Green/Default/button_round_depth_line.png using Guid(1661f384073bf3c4caf22ce8ec650918) Importer(815301076,1909f56bfc062723c751e8b465ee728b) [PhysX] Initialized MultithreadedTaskDispatcher with 8 workers.
[PhysX] Initialized MultithreadedTaskDispatcher with 8 workers.
 -> (artifact id: '036ae0129e34071ce7fd498bccdc6726') in 0.008166 seconds
Number of updated asset objects reloaded before import = 0
Number of asset objects unloaded after import = 3
========================================================================
Received Import Request.
  Time since last request: 0.000018 seconds.
  path: Assets/_Assets/kenney_ui-pack/PNG/Red/Double/button_round_flat.png
  artifactKey: Guid(105c00daa9ce2c14ca272c46f7cc721f) Importer(815301076,1909f56bfc062723c751e8b465ee728b)
Start importing Assets/_Assets/kenney_ui-pack/PNG/Red/Double/button_round_flat.png using Guid(105c00daa9ce2c14ca272c46f7cc721f) Importer(815301076,1909f56bfc062723c751e8b465ee728b) [PhysX] Initialized MultithreadedTaskDispatcher with 8 workers.
[PhysX] Initialized MultithreadedTaskDispatcher with 8 workers.
 -> (artifact id: '3c2b23141edfcb4616ea4105c9a6a6b9') in 0.010776 seconds
Number of updated asset objects reloaded before import = 0
Number of asset objects unloaded after import = 3
========================================================================
Received Import Request.
  Time since last request: 0.000019 seconds.
  path: Assets/_Assets/kenney_ui-pack/PNG/Grey/Double/button_round_depth_line.png
  artifactKey: Guid(ee22b87d5e3d71d4db184f35d553101a) Importer(815301076,1909f56bfc062723c751e8b465ee728b)
Start importing Assets/_Assets/kenney_ui-pack/PNG/Grey/Double/button_round_depth_line.png using Guid(ee22b87d5e3d71d4db184f35d553101a) Importer(815301076,1909f56bfc062723c751e8b465ee728b) [PhysX] Initialized MultithreadedTaskDispatcher with 8 workers.
[PhysX] Initialized MultithreadedTaskDispatcher with 8 workers.
 -> (artifact id: '1a6bce674d2962d498742536891a9a6b') in 0.010315 seconds
Number of updated asset objects reloaded before import = 0
Number of asset objects unloaded after import = 3
========================================================================
Received Import Request.
  Time since last request: 0.000024 seconds.
  path: Assets/_Assets/kenney_ui-pack/PNG/Red/Default/button_round_depth_line.png
  artifactKey: Guid(116a02b856b0abd44ae2067aff6a95bd) Importer(815301076,1909f56bfc062723c751e8b465ee728b)
Start importing Assets/_Assets/kenney_ui-pack/PNG/Red/Default/button_round_depth_line.png using Guid(116a02b856b0abd44ae2067aff6a95bd) Importer(815301076,1909f56bfc062723c751e8b465ee728b) [PhysX] Initialized MultithreadedTaskDispatcher with 8 workers.
[PhysX] Initialized MultithreadedTaskDispatcher with 8 workers.
 -> (artifact id: 'bfe8e17a96c1e4ce86e2ab862ebf87dc') in 0.010235 seconds
Number of updated asset objects reloaded before import = 0
Number of asset objects unloaded after import = 3
========================================================================
Received Import Request.
  Time since last request: 0.000014 seconds.
  path: Assets/_Assets/kenney_ui-pack/PNG/Blue/Default/button_round_depth_gloss.png
  artifactKey: Guid(338d7905e6dd80a4186bd3906d7ff28c) Importer(815301076,1909f56bfc062723c751e8b465ee728b)
Start importing Assets/_Assets/kenney_ui-pack/PNG/Blue/Default/button_round_depth_gloss.png using Guid(338d7905e6dd80a4186bd3906d7ff28c) Importer(815301076,1909f56bfc062723c751e8b465ee728b) [PhysX] Initialized MultithreadedTaskDispatcher with 8 workers.
[PhysX] Initialized MultithreadedTaskDispatcher with 8 workers.
 -> (artifact id: 'f97c186b5908b8003968a34e5bf35966') in 0.010189 seconds
Number of updated asset objects reloaded before import = 0
Number of asset objects unloaded after import = 3
========================================================================
Received Import Request.
  Time since last request: 0.594376 seconds.
  path: Assets/_Assets/kenney_ui-pack/PNG/Green/Default/button_round_gloss.png
  artifactKey: Guid(31f8dbc3c70040342adc99519d2ac785) Importer(815301076,1909f56bfc062723c751e8b465ee728b)
Start importing Assets/_Assets/kenney_ui-pack/PNG/Green/Default/button_round_gloss.png using Guid(31f8dbc3c70040342adc99519d2ac785) Importer(815301076,1909f56bfc062723c751e8b465ee728b) [PhysX] Initialized MultithreadedTaskDispatcher with 8 workers.
[PhysX] Initialized MultithreadedTaskDispatcher with 8 workers.
 -> (artifact id: '2b9c6d24a0861d24641e7a04a8fa1e38') in 0.007463 seconds
Number of updated asset objects reloaded before import = 0
Number of asset objects unloaded after import = 3
========================================================================
Received Import Request.
  Time since last request: 0.000015 seconds.
  path: Assets/_Assets/kenney_ui-pack/PNG/Yellow/Double/button_round_gloss.png
  artifactKey: Guid(5960a7c488caf924ab01723116e96fa5) Importer(815301076,1909f56bfc062723c751e8b465ee728b)
Start importing Assets/_Assets/kenney_ui-pack/PNG/Yellow/Double/button_round_gloss.png using Guid(5960a7c488caf924ab01723116e96fa5) Importer(815301076,1909f56bfc062723c751e8b465ee728b) [PhysX] Initialized MultithreadedTaskDispatcher with 8 workers.
[PhysX] Initialized MultithreadedTaskDispatcher with 8 workers.
 -> (artifact id: '0743c0f4c77eb98b7487572717c15e96') in 0.010235 seconds
Number of updated asset objects reloaded before import = 0
Number of asset objects unloaded after import = 3
========================================================================
Received Import Request.
  Time since last request: 0.000013 seconds.
  path: Assets/_Assets/kenney_ui-pack/PNG/Yellow/Default/button_round_gloss.png
  artifactKey: Guid(47d4ae59ad0ad844ab3f2aa4c6a72ded) Importer(815301076,1909f56bfc062723c751e8b465ee728b)
Start importing Assets/_Assets/kenney_ui-pack/PNG/Yellow/Default/button_round_gloss.png using Guid(47d4ae59ad0ad844ab3f2aa4c6a72ded) Importer(815301076,1909f56bfc062723c751e8b465ee728b) [PhysX] Initialized MultithreadedTaskDispatcher with 8 workers.
[PhysX] Initialized MultithreadedTaskDispatcher with 8 workers.
 -> (artifact id: '6aa49c81ead1724f7f1eefdf479548e6') in 0.009863 seconds
Number of updated asset objects reloaded before import = 0
Number of asset objects unloaded after import = 3
========================================================================
Received Import Request.
  Time since last request: 0.000016 seconds.
  path: Assets/_Assets/kenney_ui-pack/PNG/Green/Double/button_round_gradient.png
  artifactKey: Guid(d8d59c85e0450c44c8680ff7571772d2) Importer(815301076,1909f56bfc062723c751e8b465ee728b)
Start importing Assets/_Assets/kenney_ui-pack/PNG/Green/Double/button_round_gradient.png using Guid(d8d59c85e0450c44c8680ff7571772d2) Importer(815301076,1909f56bfc062723c751e8b465ee728b) [PhysX] Initialized MultithreadedTaskDispatcher with 8 workers.
[PhysX] Initialized MultithreadedTaskDispatcher with 8 workers.
 -> (artifact id: '953286686485081a0e821dfbd51f2ef4') in 0.013542 seconds
Number of updated asset objects reloaded before import = 0
Number of asset objects unloaded after import = 3
========================================================================
Received Import Request.
  Time since last request: 0.000016 seconds.
  path: Assets/_Assets/kenney_ui-pack/PNG/Yellow/Double/button_round_gradient.png
  artifactKey: Guid(dc8aafabd79718d41ad94605680eb830) Importer(815301076,1909f56bfc062723c751e8b465ee728b)
Start importing Assets/_Assets/kenney_ui-pack/PNG/Yellow/Double/button_round_gradient.png using Guid(dc8aafabd79718d41ad94605680eb830) Importer(815301076,1909f56bfc062723c751e8b465ee728b) [PhysX] Initialized MultithreadedTaskDispatcher with 8 workers.
[PhysX] Initialized MultithreadedTaskDispatcher with 8 workers.
 -> (artifact id: '19244edd87a46b6efc5dc9dab7537dfd') in 0.010192 seconds
Number of updated asset objects reloaded before import = 0
Number of asset objects unloaded after import = 3
========================================================================
Received Import Request.
  Time since last request: 0.000015 seconds.
  path: Assets/_Assets/kenney_ui-pack/PNG/Green/Default/button_round_line.png
  artifactKey: Guid(d66a49243c2a1cc45b95ffb3459212e9) Importer(815301076,1909f56bfc062723c751e8b465ee728b)
Start importing Assets/_Assets/kenney_ui-pack/PNG/Green/Default/button_round_line.png using Guid(d66a49243c2a1cc45b95ffb3459212e9) Importer(815301076,1909f56bfc062723c751e8b465ee728b) [PhysX] Initialized MultithreadedTaskDispatcher with 8 workers.
[PhysX] Initialized MultithreadedTaskDispatcher with 8 workers.
 -> (artifact id: 'bf437d709df2b7d7be2ddfd7be9f0035') in 0.007772 seconds
Number of updated asset objects reloaded before import = 0
Number of asset objects unloaded after import = 3
========================================================================
Received Import Request.
  Time since last request: 0.000019 seconds.
  path: Assets/_Assets/kenney_ui-pack/PNG/Blue/Default/button_round_line.png
  artifactKey: Guid(ff94a2ba00875114783669f4fdc02005) Importer(815301076,1909f56bfc062723c751e8b465ee728b)
Start importing Assets/_Assets/kenney_ui-pack/PNG/Blue/Default/button_round_line.png using Guid(ff94a2ba00875114783669f4fdc02005) Importer(815301076,1909f56bfc062723c751e8b465ee728b) [PhysX] Initialized MultithreadedTaskDispatcher with 8 workers.
[PhysX] Initialized MultithreadedTaskDispatcher with 8 workers.
 -> (artifact id: '2cdfb7a24264bf12684445cacac16910') in 0.011329 seconds
Number of updated asset objects reloaded before import = 0
Number of asset objects unloaded after import = 3
========================================================================
Received Import Request.
  Time since last request: 0.000015 seconds.
  path: Assets/_Assets/kenney_ui-pack/PNG/Red/Double/button_round_line.png
  artifactKey: Guid(0aeef5c55a710e44cba0c7a2b05c0f71) Importer(815301076,1909f56bfc062723c751e8b465ee728b)
Start importing Assets/_Assets/kenney_ui-pack/PNG/Red/Double/button_round_line.png using Guid(0aeef5c55a710e44cba0c7a2b05c0f71) Importer(815301076,1909f56bfc062723c751e8b465ee728b) [PhysX] Initialized MultithreadedTaskDispatcher with 8 workers.
[PhysX] Initialized MultithreadedTaskDispatcher with 8 workers.
 -> (artifact id: '425256142580b02d357f7559b2f3a4a8') in 0.011857 seconds
Number of updated asset objects reloaded before import = 0
Number of asset objects unloaded after import = 3
========================================================================
Received Import Request.
  Time since last request: 0.000018 seconds.
  path: Assets/_Assets/kenney_ui-pack/PNG/Grey/Default/button_round_line.png
  artifactKey: Guid(c6b465e22850deb408608896d232d416) Importer(815301076,1909f56bfc062723c751e8b465ee728b)
Start importing Assets/_Assets/kenney_ui-pack/PNG/Grey/Default/button_round_line.png using Guid(c6b465e22850deb408608896d232d416) Importer(815301076,1909f56bfc062723c751e8b465ee728b) [PhysX] Initialized MultithreadedTaskDispatcher with 8 workers.
[PhysX] Initialized MultithreadedTaskDispatcher with 8 workers.
 -> (artifact id: '1ba8a52be1cfc2edf089cff71f995cfa') in 0.007886 seconds
Number of updated asset objects reloaded before import = 0
Number of asset objects unloaded after import = 3
========================================================================
Received Import Request.
  Time since last request: 0.030184 seconds.
  path: Assets/_Assets/kenney_ui-pack/PNG/Yellow/Default/button_square_border.png
  artifactKey: Guid(8ea923d855b6e46468dbf780b36ee5a1) Importer(815301076,1909f56bfc062723c751e8b465ee728b)
Start importing Assets/_Assets/kenney_ui-pack/PNG/Yellow/Default/button_square_border.png using Guid(8ea923d855b6e46468dbf780b36ee5a1) Importer(815301076,1909f56bfc062723c751e8b465ee728b) [PhysX] Initialized MultithreadedTaskDispatcher with 8 workers.
[PhysX] Initialized MultithreadedTaskDispatcher with 8 workers.
 -> (artifact id: 'd666d8ba54828f71730276cd1dc9ddd2') in 0.007520 seconds
Number of updated asset objects reloaded before import = 0
Number of asset objects unloaded after import = 3
========================================================================
Received Import Request.
  Time since last request: 0.000018 seconds.
  path: Assets/_Assets/kenney_ui-pack/PNG/Green/Double/button_square_border.png
  artifactKey: Guid(193d31f43b3c2e64eb61de32871b90af) Importer(815301076,1909f56bfc062723c751e8b465ee728b)
Start importing Assets/_Assets/kenney_ui-pack/PNG/Green/Double/button_square_border.png using Guid(193d31f43b3c2e64eb61de32871b90af) Importer(815301076,1909f56bfc062723c751e8b465ee728b) [PhysX] Initialized MultithreadedTaskDispatcher with 8 workers.
[PhysX] Initialized MultithreadedTaskDispatcher with 8 workers.
 -> (artifact id: 'f7f484319e5b1d52dcc17b3b468f59bd') in 0.009130 seconds
Number of updated asset objects reloaded before import = 0
Number of asset objects unloaded after import = 3
========================================================================
Received Import Request.
  Time since last request: 0.000017 seconds.
  path: Assets/_Assets/kenney_ui-pack/PNG/Red/Default/button_square_depth_border.png
  artifactKey: Guid(108822896b66b9f44a93fda67264e46c) Importer(815301076,1909f56bfc062723c751e8b465ee728b)
Start importing Assets/_Assets/kenney_ui-pack/PNG/Red/Default/button_square_depth_border.png using Guid(108822896b66b9f44a93fda67264e46c) Importer(815301076,1909f56bfc062723c751e8b465ee728b) [PhysX] Initialized MultithreadedTaskDispatcher with 8 workers.
[PhysX] Initialized MultithreadedTaskDispatcher with 8 workers.
 -> (artifact id: '6016c9a8ae322120b84ec6c42285c683') in 0.011593 seconds
Number of updated asset objects reloaded before import = 0
Number of asset objects unloaded after import = 3
========================================================================
Received Import Request.
  Time since last request: 0.000016 seconds.
  path: Assets/_Assets/kenney_ui-pack/PNG/Green/Default/button_square_depth_border.png
  artifactKey: Guid(53550efb2cfb0a2438da77143538dd15) Importer(815301076,1909f56bfc062723c751e8b465ee728b)
Start importing Assets/_Assets/kenney_ui-pack/PNG/Green/Default/button_square_depth_border.png using Guid(53550efb2cfb0a2438da77143538dd15) Importer(815301076,1909f56bfc062723c751e8b465ee728b) [PhysX] Initialized MultithreadedTaskDispatcher with 8 workers.
[PhysX] Initialized MultithreadedTaskDispatcher with 8 workers.
 -> (artifact id: '69954f26dd10b3bb3d692c63f1c1c61d') in 0.009447 seconds
Number of updated asset objects reloaded before import = 0
Number of asset objects unloaded after import = 3
========================================================================
Received Import Request.
  Time since last request: 0.279056 seconds.
  path: Assets/_Assets/kenney_ui-pack/PNG/Yellow/Default/button_square_depth_flat.png
  artifactKey: Guid(987c9dd383a96594e90b368a80a268c7) Importer(815301076,1909f56bfc062723c751e8b465ee728b)
Start importing Assets/_Assets/kenney_ui-pack/PNG/Yellow/Default/button_square_depth_flat.png using Guid(987c9dd383a96594e90b368a80a268c7) Importer(815301076,1909f56bfc062723c751e8b465ee728b) [PhysX] Initialized MultithreadedTaskDispatcher with 8 workers.
[PhysX] Initialized MultithreadedTaskDispatcher with 8 workers.
 -> (artifact id: 'c67738eb1584f3d5e83b73ac0484b90b') in 0.007766 seconds
Number of updated asset objects reloaded before import = 0
Number of asset objects unloaded after import = 3
========================================================================
Received Import Request.
  Time since last request: 0.000015 seconds.
  path: Assets/_Assets/kenney_ui-pack/PNG/Blue/Default/button_square_depth_flat.png
  artifactKey: Guid(79b0826364537804ea289d739bbc7f95) Importer(815301076,1909f56bfc062723c751e8b465ee728b)
Start importing Assets/_Assets/kenney_ui-pack/PNG/Blue/Default/button_square_depth_flat.png using Guid(79b0826364537804ea289d739bbc7f95) Importer(815301076,1909f56bfc062723c751e8b465ee728b) [PhysX] Initialized MultithreadedTaskDispatcher with 8 workers.
[PhysX] Initialized MultithreadedTaskDispatcher with 8 workers.
 -> (artifact id: 'c8651f920449eb90c74dd3ac90c99b43') in 0.008661 seconds
Number of updated asset objects reloaded before import = 0
Number of asset objects unloaded after import = 3
========================================================================
Received Import Request.
  Time since last request: 0.000012 seconds.
  path: Assets/_Assets/kenney_ui-pack/PNG/Yellow/Double/button_square_depth_flat.png
  artifactKey: Guid(48ced1794a42d2e4b878d84f76367925) Importer(815301076,1909f56bfc062723c751e8b465ee728b)
Start importing Assets/_Assets/kenney_ui-pack/PNG/Yellow/Double/button_square_depth_flat.png using Guid(48ced1794a42d2e4b878d84f76367925) Importer(815301076,1909f56bfc062723c751e8b465ee728b) [PhysX] Initialized MultithreadedTaskDispatcher with 8 workers.
[PhysX] Initialized MultithreadedTaskDispatcher with 8 workers.
 -> (artifact id: '6f29d8ccb94be1c2bada558f4256753d') in 0.010086 seconds
Number of updated asset objects reloaded before import = 0
Number of asset objects unloaded after import = 3
========================================================================
Received Import Request.
  Time since last request: 0.000240 seconds.
  path: Assets/_Assets/kenney_ui-pack/PNG/Blue/Default/button_square_depth_gloss.png
  artifactKey: Guid(502656a7cc23741409abf4cbe9bcd83d) Importer(815301076,1909f56bfc062723c751e8b465ee728b)
Start importing Assets/_Assets/kenney_ui-pack/PNG/Blue/Default/button_square_depth_gloss.png using Guid(502656a7cc23741409abf4cbe9bcd83d) Importer(815301076,1909f56bfc062723c751e8b465ee728b) [PhysX] Initialized MultithreadedTaskDispatcher with 8 workers.
[PhysX] Initialized MultithreadedTaskDispatcher with 8 workers.
 -> (artifact id: '1a2a72d623f3e422de729f51d6b0a41b') in 0.008713 seconds
Number of updated asset objects reloaded before import = 0
Number of asset objects unloaded after import = 3
========================================================================
Received Import Request.
  Time since last request: 0.048210 seconds.
  path: Assets/_Assets/kenney_ui-pack/PNG/Blue/Double/button_square_depth_gradient.png
  artifactKey: Guid(229ebd15b926aaf4c925e19f2348994a) Importer(815301076,1909f56bfc062723c751e8b465ee728b)
Start importing Assets/_Assets/kenney_ui-pack/PNG/Blue/Double/button_square_depth_gradient.png using Guid(229ebd15b926aaf4c925e19f2348994a) Importer(815301076,1909f56bfc062723c751e8b465ee728b) [PhysX] Initialized MultithreadedTaskDispatcher with 8 workers.
[PhysX] Initialized MultithreadedTaskDispatcher with 8 workers.
 -> (artifact id: '5f5c0869eb7321111846cb4c5f3edc8d') in 0.008787 seconds
Number of updated asset objects reloaded before import = 0
Number of asset objects unloaded after import = 3
========================================================================
Received Import Request.
  Time since last request: 0.000015 seconds.
  path: Assets/_Assets/kenney_ui-pack/PNG/Grey/Double/button_square_depth_gradient.png
  artifactKey: Guid(6e54d4de0730c6b439aa73d18bf99530) Importer(815301076,1909f56bfc062723c751e8b465ee728b)
Start importing Assets/_Assets/kenney_ui-pack/PNG/Grey/Double/button_square_depth_gradient.png using Guid(6e54d4de0730c6b439aa73d18bf99530) Importer(815301076,1909f56bfc062723c751e8b465ee728b) [PhysX] Initialized MultithreadedTaskDispatcher with 8 workers.
[PhysX] Initialized MultithreadedTaskDispatcher with 8 workers.
 -> (artifact id: 'ae9c6acadceb9a87b35c186937da75ea') in 0.008756 seconds
Number of updated asset objects reloaded before import = 0
Number of asset objects unloaded after import = 3
========================================================================
Received Import Request.
  Time since last request: 0.000019 seconds.
  path: Assets/_Assets/kenney_ui-pack/PNG/Yellow/Double/button_square_depth_gradient.png
  artifactKey: Guid(ba8fe9f4b90d9ce4bbae1678691a0030) Importer(815301076,1909f56bfc062723c751e8b465ee728b)
Start importing Assets/_Assets/kenney_ui-pack/PNG/Yellow/Double/button_square_depth_gradient.png using Guid(ba8fe9f4b90d9ce4bbae1678691a0030) Importer(815301076,1909f56bfc062723c751e8b465ee728b) [PhysX] Initialized MultithreadedTaskDispatcher with 8 workers.
[PhysX] Initialized MultithreadedTaskDispatcher with 8 workers.
 -> (artifact id: '7512a8ea672178b64f55731f9dd986e5') in 0.011469 seconds
Number of updated asset objects reloaded before import = 0
Number of asset objects unloaded after import = 3
========================================================================
Received Import Request.
  Time since last request: 0.000019 seconds.
  path: Assets/_Assets/kenney_ui-pack/PNG/Grey/Default/button_square_depth_gradient.png
  artifactKey: Guid(02a9b20f3e53b1d4e8e125d73ba12288) Importer(815301076,1909f56bfc062723c751e8b465ee728b)
Start importing Assets/_Assets/kenney_ui-pack/PNG/Grey/Default/button_square_depth_gradient.png using Guid(02a9b20f3e53b1d4e8e125d73ba12288) Importer(815301076,1909f56bfc062723c751e8b465ee728b) [PhysX] Initialized MultithreadedTaskDispatcher with 8 workers.
[PhysX] Initialized MultithreadedTaskDispatcher with 8 workers.
 -> (artifact id: 'ed2e23668b948f840e6728654800edba') in 0.008262 seconds
Number of updated asset objects reloaded before import = 0
Number of asset objects unloaded after import = 3
========================================================================
Received Import Request.
  Time since last request: 0.007189 seconds.
  path: Assets/_Assets/kenney_ui-pack/PNG/Yellow/Double/button_square_depth_line.png
  artifactKey: Guid(0d07262ae5b02854d870fc852d9ccaf3) Importer(815301076,1909f56bfc062723c751e8b465ee728b)
Start importing Assets/_Assets/kenney_ui-pack/PNG/Yellow/Double/button_square_depth_line.png using Guid(0d07262ae5b02854d870fc852d9ccaf3) Importer(815301076,1909f56bfc062723c751e8b465ee728b) [PhysX] Initialized MultithreadedTaskDispatcher with 8 workers.
[PhysX] Initialized MultithreadedTaskDispatcher with 8 workers.
 -> (artifact id: '995318f3919e0a7cc1f833599f0c6c9f') in 0.008270 seconds
Number of updated asset objects reloaded before import = 0
Number of asset objects unloaded after import = 3
========================================================================
Received Import Request.
  Time since last request: 0.000017 seconds.
  path: Assets/_Assets/kenney_ui-pack/PNG/Red/Default/button_square_depth_line.png
  artifactKey: Guid(e9443f59d66f60f468af0bff4e66895e) Importer(815301076,1909f56bfc062723c751e8b465ee728b)
Start importing Assets/_Assets/kenney_ui-pack/PNG/Red/Default/button_square_depth_line.png using Guid(e9443f59d66f60f468af0bff4e66895e) Importer(815301076,1909f56bfc062723c751e8b465ee728b) [PhysX] Initialized MultithreadedTaskDispatcher with 8 workers.
[PhysX] Initialized MultithreadedTaskDispatcher with 8 workers.
 -> (artifact id: '3fdc4e50a496c2fb54f3b30e97011496') in 0.007950 seconds
Number of updated asset objects reloaded before import = 0
Number of asset objects unloaded after import = 3
========================================================================
Received Import Request.
  Time since last request: 0.000013 seconds.
  path: Assets/_Assets/kenney_ui-pack/PNG/Red/Default/button_square_gloss.png
  artifactKey: Guid(dd6339b22c1a91b458ec3b34b7d3dcab) Importer(815301076,1909f56bfc062723c751e8b465ee728b)
Start importing Assets/_Assets/kenney_ui-pack/PNG/Red/Default/button_square_gloss.png using Guid(dd6339b22c1a91b458ec3b34b7d3dcab) Importer(815301076,1909f56bfc062723c751e8b465ee728b) [PhysX] Initialized MultithreadedTaskDispatcher with 8 workers.
[PhysX] Initialized MultithreadedTaskDispatcher with 8 workers.
 -> (artifact id: '06dc0092ab049a83f07176ca108bdf41') in 0.008715 seconds
Number of updated asset objects reloaded before import = 0
Number of asset objects unloaded after import = 3
========================================================================
Received Import Request.
  Time since last request: 0.000018 seconds.
  path: Assets/_Assets/kenney_ui-pack/PNG/Yellow/Double/button_square_flat.png
  artifactKey: Guid(8ad11cb0be91cb04bb38e81b7b17c58d) Importer(815301076,1909f56bfc062723c751e8b465ee728b)
Start importing Assets/_Assets/kenney_ui-pack/PNG/Yellow/Double/button_square_flat.png using Guid(8ad11cb0be91cb04bb38e81b7b17c58d) Importer(815301076,1909f56bfc062723c751e8b465ee728b) [PhysX] Initialized MultithreadedTaskDispatcher with 8 workers.
[PhysX] Initialized MultithreadedTaskDispatcher with 8 workers.
 -> (artifact id: '36f9ee5c22651cefe7e287dc3986acf7') in 0.009573 seconds
Number of updated asset objects reloaded before import = 0
Number of asset objects unloaded after import = 3
========================================================================
Received Import Request.
  Time since last request: 0.364697 seconds.
  path: Assets/_Assets/kenney_ui-pack/PNG/Grey/Default/button_square_gloss.png
  artifactKey: Guid(158ea21c49313744e9df8dd33b1d105f) Importer(815301076,1909f56bfc062723c751e8b465ee728b)
Start importing Assets/_Assets/kenney_ui-pack/PNG/Grey/Default/button_square_gloss.png using Guid(158ea21c49313744e9df8dd33b1d105f) Importer(815301076,1909f56bfc062723c751e8b465ee728b) [PhysX] Initialized MultithreadedTaskDispatcher with 8 workers.
[PhysX] Initialized MultithreadedTaskDispatcher with 8 workers.
 -> (artifact id: '207608e60a307c113ba872805d835393') in 0.010675 seconds
Number of updated asset objects reloaded before import = 0
Number of asset objects unloaded after import = 3
========================================================================
Received Import Request.
  Time since last request: 0.000029 seconds.
  path: Assets/_Assets/kenney_ui-pack/PNG/Blue/Double/button_square_gradient.png
  artifactKey: Guid(0d427057c409f9f4288cafa54977179a) Importer(815301076,1909f56bfc062723c751e8b465ee728b)
Start importing Assets/_Assets/kenney_ui-pack/PNG/Blue/Double/button_square_gradient.png using Guid(0d427057c409f9f4288cafa54977179a) Importer(815301076,1909f56bfc062723c751e8b465ee728b) [PhysX] Initialized MultithreadedTaskDispatcher with 8 workers.
[PhysX] Initialized MultithreadedTaskDispatcher with 8 workers.
 -> (artifact id: '0e2cf537fde19e3e3aa790aeaf8e90ab') in 0.012581 seconds
Number of updated asset objects reloaded before import = 0
Number of asset objects unloaded after import = 3
========================================================================
Received Import Request.
  Time since last request: 0.000022 seconds.
  path: Assets/_Assets/kenney_ui-pack/PNG/Red/Default/button_square_gradient.png
  artifactKey: Guid(c6e7c45620a0de249a5b12c3275cdec6) Importer(815301076,1909f56bfc062723c751e8b465ee728b)
Start importing Assets/_Assets/kenney_ui-pack/PNG/Red/Default/button_square_gradient.png using Guid(c6e7c45620a0de249a5b12c3275cdec6) Importer(815301076,1909f56bfc062723c751e8b465ee728b) [PhysX] Initialized MultithreadedTaskDispatcher with 8 workers.
[PhysX] Initialized MultithreadedTaskDispatcher with 8 workers.
 -> (artifact id: '2bd634185e16b3067d9addf995be374a') in 0.010531 seconds
Number of updated asset objects reloaded before import = 0
Number of asset objects unloaded after import = 3
========================================================================
Received Import Request.
  Time since last request: 0.000023 seconds.
  path: Assets/_Assets/kenney_ui-pack/PNG/Grey/Double/button_square_gradient.png
  artifactKey: Guid(67e1a827badfe7f4e890904a494cffec) Importer(815301076,1909f56bfc062723c751e8b465ee728b)
Start importing Assets/_Assets/kenney_ui-pack/PNG/Grey/Double/button_square_gradient.png using Guid(67e1a827badfe7f4e890904a494cffec) Importer(815301076,1909f56bfc062723c751e8b465ee728b) [PhysX] Initialized MultithreadedTaskDispatcher with 8 workers.
[PhysX] Initialized MultithreadedTaskDispatcher with 8 workers.
 -> (artifact id: 'fb497e53ea96c4717fe2345acbe34670') in 0.011624 seconds
Number of updated asset objects reloaded before import = 0
Number of asset objects unloaded after import = 3
========================================================================
Received Import Request.
  Time since last request: 0.298124 seconds.
  path: Assets/_Assets/kenney_ui-pack/PNG/Grey/Default/button_square_line.png
  artifactKey: Guid(e4619b54f8cfaca498094117868e9785) Importer(815301076,1909f56bfc062723c751e8b465ee728b)
Start importing Assets/_Assets/kenney_ui-pack/PNG/Grey/Default/button_square_line.png using Guid(e4619b54f8cfaca498094117868e9785) Importer(815301076,1909f56bfc062723c751e8b465ee728b) [PhysX] Initialized MultithreadedTaskDispatcher with 8 workers.
[PhysX] Initialized MultithreadedTaskDispatcher with 8 workers.
 -> (artifact id: '7ab17cb6dd5e4eb50c07a5747106c35d') in 0.009095 seconds
Number of updated asset objects reloaded before import = 0
Number of asset objects unloaded after import = 3
========================================================================
Received Import Request.
  Time since last request: 0.000018 seconds.
  path: Assets/_Assets/kenney_ui-pack/PNG/Blue/Double/button_square_line.png
  artifactKey: Guid(2933f60d3e1a5c14a8e1029c17332d37) Importer(815301076,1909f56bfc062723c751e8b465ee728b)
Start importing Assets/_Assets/kenney_ui-pack/PNG/Blue/Double/button_square_line.png using Guid(2933f60d3e1a5c14a8e1029c17332d37) Importer(815301076,1909f56bfc062723c751e8b465ee728b) [PhysX] Initialized MultithreadedTaskDispatcher with 8 workers.
[PhysX] Initialized MultithreadedTaskDispatcher with 8 workers.
 -> (artifact id: 'e6bac735f28afaec48602ec10b32f716') in 0.020532 seconds
Number of updated asset objects reloaded before import = 0
Number of asset objects unloaded after import = 3
========================================================================
Received Import Request.
  Time since last request: 0.000018 seconds.
  path: Assets/_Assets/kenney_ui-pack/PNG/Blue/Default/button_square_line.png
  artifactKey: Guid(72d199d7b75e7284bab71f189db02c14) Importer(815301076,1909f56bfc062723c751e8b465ee728b)
Start importing Assets/_Assets/kenney_ui-pack/PNG/Blue/Default/button_square_line.png using Guid(72d199d7b75e7284bab71f189db02c14) Importer(815301076,1909f56bfc062723c751e8b465ee728b) [PhysX] Initialized MultithreadedTaskDispatcher with 8 workers.
[PhysX] Initialized MultithreadedTaskDispatcher with 8 workers.
 -> (artifact id: '030271ab874cff8548fa2200b140f1ae') in 0.009323 seconds
Number of updated asset objects reloaded before import = 0
Number of asset objects unloaded after import = 3
========================================================================
Received Import Request.
  Time since last request: 0.000016 seconds.
  path: Assets/_Assets/kenney_ui-pack/PNG/Red/Double/button_square_line.png
  artifactKey: Guid(7cfc6e398ac6b6d47b266246c6598402) Importer(815301076,1909f56bfc062723c751e8b465ee728b)
Start importing Assets/_Assets/kenney_ui-pack/PNG/Red/Double/button_square_line.png using Guid(7cfc6e398ac6b6d47b266246c6598402) Importer(815301076,1909f56bfc062723c751e8b465ee728b) [PhysX] Initialized MultithreadedTaskDispatcher with 8 workers.
[PhysX] Initialized MultithreadedTaskDispatcher with 8 workers.
 -> (artifact id: '3f7cbac09084790a81e479b872736dfe') in 0.009387 seconds
Number of updated asset objects reloaded before import = 0
Number of asset objects unloaded after import = 3
========================================================================
Received Import Request.
  Time since last request: 0.022260 seconds.
  path: Assets/_Assets/kenney_ui-pack-rpg-expansion/PNG/buttonRound_beige.png
  artifactKey: Guid(836c6993a498bfc41bb1eca910dadc79) Importer(815301076,1909f56bfc062723c751e8b465ee728b)
Start importing Assets/_Assets/kenney_ui-pack-rpg-expansion/PNG/buttonRound_beige.png using Guid(836c6993a498bfc41bb1eca910dadc79) Importer(815301076,1909f56bfc062723c751e8b465ee728b) [PhysX] Initialized MultithreadedTaskDispatcher with 8 workers.
[PhysX] Initialized MultithreadedTaskDispatcher with 8 workers.
 -> (artifact id: 'eb7043ab2a2d03d4ece5dfaeecf13aa5') in 0.009283 seconds
Number of updated asset objects reloaded before import = 0
Number of asset objects unloaded after import = 3
========================================================================
Received Import Request.
  Time since last request: 0.000031 seconds.
  path: Assets/_Assets/kenney_ui-pack-rpg-expansion/PNG/buttonSquare_grey.png
  artifactKey: Guid(707d846519bdd384c8e9ed7f129c237a) Importer(815301076,1909f56bfc062723c751e8b465ee728b)
Start importing Assets/_Assets/kenney_ui-pack-rpg-expansion/PNG/buttonSquare_grey.png using Guid(707d846519bdd384c8e9ed7f129c237a) Importer(815301076,1909f56bfc062723c751e8b465ee728b) [PhysX] Initialized MultithreadedTaskDispatcher with 8 workers.
[PhysX] Initialized MultithreadedTaskDispatcher with 8 workers.
 -> (artifact id: '81cd47260cc7c6151cb7803c2804788a') in 0.011789 seconds
Number of updated asset objects reloaded before import = 0
Number of asset objects unloaded after import = 3
========================================================================
Received Import Request.
  Time since last request: 0.000029 seconds.
  path: Assets/_Assets/kenney_ui-pack/PNG/Grey/Double/check_round_color.png
  artifactKey: Guid(4c903320c58283d40bd92e352ba17c08) Importer(815301076,1909f56bfc062723c751e8b465ee728b)
Start importing Assets/_Assets/kenney_ui-pack/PNG/Grey/Double/check_round_color.png using Guid(4c903320c58283d40bd92e352ba17c08) Importer(815301076,1909f56bfc062723c751e8b465ee728b) [PhysX] Initialized MultithreadedTaskDispatcher with 8 workers.
[PhysX] Initialized MultithreadedTaskDispatcher with 8 workers.
 -> (artifact id: 'be45260b5c54982fe69be7b6aea033a0') in 0.008025 seconds
Number of updated asset objects reloaded before import = 0
Number of asset objects unloaded after import = 3
========================================================================
Received Import Request.
  Time since last request: 0.000021 seconds.
  path: Assets/_Assets/kenney_ui-pack-rpg-expansion/PNG/buttonSquare_blue.png
  artifactKey: Guid(209a739744446bc4c8e0c9943f828f6f) Importer(815301076,1909f56bfc062723c751e8b465ee728b)
Start importing Assets/_Assets/kenney_ui-pack-rpg-expansion/PNG/buttonSquare_blue.png using Guid(209a739744446bc4c8e0c9943f828f6f) Importer(815301076,1909f56bfc062723c751e8b465ee728b) [PhysX] Initialized MultithreadedTaskDispatcher with 8 workers.
[PhysX] Initialized MultithreadedTaskDispatcher with 8 workers.
 -> (artifact id: '0f5bb3ee5bed3cf1f74da7dac80b813a') in 0.007119 seconds
Number of updated asset objects reloaded before import = 0
Number of asset objects unloaded after import = 3
========================================================================
Received Import Request.
  Time since last request: 0.321771 seconds.
  path: Assets/_Assets/kenney_ui-pack/PNG/Blue/Double/check_round_color.png
  artifactKey: Guid(5bd6a995d18804b48a518c7b51dfbeb6) Importer(815301076,1909f56bfc062723c751e8b465ee728b)
Start importing Assets/_Assets/kenney_ui-pack/PNG/Blue/Double/check_round_color.png using Guid(5bd6a995d18804b48a518c7b51dfbeb6) Importer(815301076,1909f56bfc062723c751e8b465ee728b) [PhysX] Initialized MultithreadedTaskDispatcher with 8 workers.
[PhysX] Initialized MultithreadedTaskDispatcher with 8 workers.
 -> (artifact id: 'ce768ea86523d9180c659e3817ef700d') in 0.011819 seconds
Number of updated asset objects reloaded before import = 0
Number of asset objects unloaded after import = 3
========================================================================
Received Import Request.
  Time since last request: 0.000013 seconds.
  path: Assets/_Assets/kenney_ui-pack/PNG/Red/Double/check_round_grey.png
  artifactKey: Guid(628244814ff6175408c0d4bd0f133924) Importer(815301076,1909f56bfc062723c751e8b465ee728b)
Start importing Assets/_Assets/kenney_ui-pack/PNG/Red/Double/check_round_grey.png using Guid(628244814ff6175408c0d4bd0f133924) Importer(815301076,1909f56bfc062723c751e8b465ee728b) [PhysX] Initialized MultithreadedTaskDispatcher with 8 workers.
[PhysX] Initialized MultithreadedTaskDispatcher with 8 workers.
 -> (artifact id: '50510fe4fb6b794381dd3e4cf9317ff1') in 0.009501 seconds
Number of updated asset objects reloaded before import = 0
Number of asset objects unloaded after import = 3
========================================================================
Received Import Request.
  Time since last request: 0.000016 seconds.
  path: Assets/_Assets/kenney_ui-pack/PNG/Yellow/Default/check_round_grey.png
  artifactKey: Guid(ae9c510fa008e05449faa5f7ed790ed6) Importer(815301076,1909f56bfc062723c751e8b465ee728b)
Start importing Assets/_Assets/kenney_ui-pack/PNG/Yellow/Default/check_round_grey.png using Guid(ae9c510fa008e05449faa5f7ed790ed6) Importer(815301076,1909f56bfc062723c751e8b465ee728b) [PhysX] Initialized MultithreadedTaskDispatcher with 8 workers.
[PhysX] Initialized MultithreadedTaskDispatcher with 8 workers.
 -> (artifact id: '0715e272ad058e9d8ad2c5a7339c76cc') in 0.011418 seconds
Number of updated asset objects reloaded before import = 0
Number of asset objects unloaded after import = 3
========================================================================
Received Import Request.
  Time since last request: 0.000037 seconds.
  path: Assets/_Assets/kenney_ui-pack/PNG/Blue/Default/check_round_color.png
  artifactKey: Guid(b2a18d3fdd5782542bed3dcc26a23ac5) Importer(815301076,1909f56bfc062723c751e8b465ee728b)
Start importing Assets/_Assets/kenney_ui-pack/PNG/Blue/Default/check_round_color.png using Guid(b2a18d3fdd5782542bed3dcc26a23ac5) Importer(815301076,1909f56bfc062723c751e8b465ee728b) [PhysX] Initialized MultithreadedTaskDispatcher with 8 workers.
[PhysX] Initialized MultithreadedTaskDispatcher with 8 workers.
 -> (artifact id: 'fc16b1fdd124d1a373b03e7572d67b9e') in 0.010800 seconds
Number of updated asset objects reloaded before import = 0
Number of asset objects unloaded after import = 3
========================================================================
Received Import Request.
  Time since last request: 0.000016 seconds.
  path: Assets/_Assets/kenney_ui-pack/PNG/Yellow/Double/check_round_grey_circle.png
  artifactKey: Guid(76e57f17eafc66e4791f1084fa2cc7ad) Importer(815301076,1909f56bfc062723c751e8b465ee728b)
Start importing Assets/_Assets/kenney_ui-pack/PNG/Yellow/Double/check_round_grey_circle.png using Guid(76e57f17eafc66e4791f1084fa2cc7ad) Importer(815301076,1909f56bfc062723c751e8b465ee728b) [PhysX] Initialized MultithreadedTaskDispatcher with 8 workers.
[PhysX] Initialized MultithreadedTaskDispatcher with 8 workers.
 -> (artifact id: '806cce249eb8f4412552967d009f9fca') in 0.009582 seconds
Number of updated asset objects reloaded before import = 0
Number of asset objects unloaded after import = 3
========================================================================
Received Import Request.
  Time since last request: 0.000082 seconds.
  path: Assets/_Assets/kenney_ui-pack/PNG/Blue/Double/check_round_round_circle.png
  artifactKey: Guid(7a9bcdd7e77315a46be8f8d3a3b151e2) Importer(815301076,1909f56bfc062723c751e8b465ee728b)
Start importing Assets/_Assets/kenney_ui-pack/PNG/Blue/Double/check_round_round_circle.png using Guid(7a9bcdd7e77315a46be8f8d3a3b151e2) Importer(815301076,1909f56bfc062723c751e8b465ee728b) [PhysX] Initialized MultithreadedTaskDispatcher with 8 workers.
[PhysX] Initialized MultithreadedTaskDispatcher with 8 workers.
 -> (artifact id: '91335ff028785f44f98b2d3f07411124') in 0.008715 seconds
Number of updated asset objects reloaded before import = 0
Number of asset objects unloaded after import = 3
========================================================================
Received Import Request.
  Time since last request: 0.000015 seconds.
  path: Assets/_Assets/kenney_ui-pack/PNG/Yellow/Double/check_round_round_circle.png
  artifactKey: Guid(98b5b982ce5449745b0fbdaff5bcb147) Importer(815301076,1909f56bfc062723c751e8b465ee728b)
Start importing Assets/_Assets/kenney_ui-pack/PNG/Yellow/Double/check_round_round_circle.png using Guid(98b5b982ce5449745b0fbdaff5bcb147) Importer(815301076,1909f56bfc062723c751e8b465ee728b) [PhysX] Initialized MultithreadedTaskDispatcher with 8 workers.
[PhysX] Initialized MultithreadedTaskDispatcher with 8 workers.
 -> (artifact id: '3b9d61bce30e01441edec06768e11ab9') in 0.014353 seconds
Number of updated asset objects reloaded before import = 0
Number of asset objects unloaded after import = 3
========================================================================
Received Import Request.
  Time since last request: 0.000016 seconds.
  path: Assets/_Assets/kenney_ui-pack/PNG/Grey/Double/check_round_grey_circle.png
  artifactKey: Guid(f0d4584e4815372488a7b3864a1e9368) Importer(815301076,1909f56bfc062723c751e8b465ee728b)
Start importing Assets/_Assets/kenney_ui-pack/PNG/Grey/Double/check_round_grey_circle.png using Guid(f0d4584e4815372488a7b3864a1e9368) Importer(815301076,1909f56bfc062723c751e8b465ee728b) [PhysX] Initialized MultithreadedTaskDispatcher with 8 workers.
[PhysX] Initialized MultithreadedTaskDispatcher with 8 workers.
 -> (artifact id: 'b363033fa8a799ea069b7dce077ed901') in 0.009045 seconds
Number of updated asset objects reloaded before import = 0
Number of asset objects unloaded after import = 3
========================================================================
Received Import Request.
  Time since last request: 0.000018 seconds.
  path: Assets/_Assets/kenney_ui-pack/PNG/Green/Double/check_round_round_circle.png
  artifactKey: Guid(7211109ebc63ad24ca8f6564fe9988a4) Importer(815301076,1909f56bfc062723c751e8b465ee728b)
Start importing Assets/_Assets/kenney_ui-pack/PNG/Green/Double/check_round_round_circle.png using Guid(7211109ebc63ad24ca8f6564fe9988a4) Importer(815301076,1909f56bfc062723c751e8b465ee728b) [PhysX] Initialized MultithreadedTaskDispatcher with 8 workers.
[PhysX] Initialized MultithreadedTaskDispatcher with 8 workers.
 -> (artifact id: '02cdb8a7d88c1a25368852521e86ab9a') in 0.007623 seconds
Number of updated asset objects reloaded before import = 0
Number of asset objects unloaded after import = 3
========================================================================
Received Import Request.
  Time since last request: 0.000016 seconds.
  path: Assets/_Assets/kenney_ui-pack/PNG/Green/Default/check_square_color_checkmark.png
  artifactKey: Guid(27ff038d5f680ee49a250324bf2c0bdf) Importer(815301076,1909f56bfc062723c751e8b465ee728b)
Start importing Assets/_Assets/kenney_ui-pack/PNG/Green/Default/check_square_color_checkmark.png using Guid(27ff038d5f680ee49a250324bf2c0bdf) Importer(815301076,1909f56bfc062723c751e8b465ee728b) [PhysX] Initialized MultithreadedTaskDispatcher with 8 workers.
[PhysX] Initialized MultithreadedTaskDispatcher with 8 workers.
 -> (artifact id: '92e1a43d5e28349b69237d1465c454a6') in 0.007808 seconds
Number of updated asset objects reloaded before import = 0
Number of asset objects unloaded after import = 3
========================================================================
Received Import Request.
  Time since last request: 0.000018 seconds.
  path: Assets/_Assets/kenney_ui-pack/PNG/Yellow/Double/check_square_color.png
  artifactKey: Guid(133f8fd1edf20d144b83b02ef5459964) Importer(815301076,1909f56bfc062723c751e8b465ee728b)
Start importing Assets/_Assets/kenney_ui-pack/PNG/Yellow/Double/check_square_color.png using Guid(133f8fd1edf20d144b83b02ef5459964) Importer(815301076,1909f56bfc062723c751e8b465ee728b) [PhysX] Initialized MultithreadedTaskDispatcher with 8 workers.
[PhysX] Initialized MultithreadedTaskDispatcher with 8 workers.
 -> (artifact id: '9be074be508cd83e927203d4809e8e67') in 0.015382 seconds
Number of updated asset objects reloaded before import = 0
Number of asset objects unloaded after import = 3
========================================================================
Received Import Request.
  Time since last request: 0.000015 seconds.
  path: Assets/_Assets/kenney_ui-pack/PNG/Yellow/Double/check_square_color_checkmark.png
  artifactKey: Guid(d9e9dc2eb3b710f43be027cff8b7330f) Importer(815301076,1909f56bfc062723c751e8b465ee728b)
Start importing Assets/_Assets/kenney_ui-pack/PNG/Yellow/Double/check_square_color_checkmark.png using Guid(d9e9dc2eb3b710f43be027cff8b7330f) Importer(815301076,1909f56bfc062723c751e8b465ee728b) [PhysX] Initialized MultithreadedTaskDispatcher with 8 workers.
[PhysX] Initialized MultithreadedTaskDispatcher with 8 workers.
 -> (artifact id: '140c9c02e9912b77d7a2c0c212a099fc') in 0.010481 seconds
Number of updated asset objects reloaded before import = 0
Number of asset objects unloaded after import = 3
========================================================================
Received Import Request.
  Time since last request: 0.000012 seconds.
  path: Assets/_Assets/kenney_ui-pack/PNG/Green/Default/check_round_round_circle.png
  artifactKey: Guid(2c350a5c809e3984081ae220689e2d62) Importer(815301076,1909f56bfc062723c751e8b465ee728b)
Start importing Assets/_Assets/kenney_ui-pack/PNG/Green/Default/check_round_round_circle.png using Guid(2c350a5c809e3984081ae220689e2d62) Importer(815301076,1909f56bfc062723c751e8b465ee728b) [PhysX] Initialized MultithreadedTaskDispatcher with 8 workers.
[PhysX] Initialized MultithreadedTaskDispatcher with 8 workers.
 -> (artifact id: '818b24b011909cc969fe47e4a5114486') in 0.008164 seconds
Number of updated asset objects reloaded before import = 0
Number of asset objects unloaded after import = 3
========================================================================
Received Import Request.
  Time since last request: 0.052296 seconds.
  path: Assets/_Assets/kenney_ui-pack/PNG/Yellow/Default/check_square_color_checkmark.png
  artifactKey: Guid(4e60a3da0eadf5f42b571b975a3a32fa) Importer(815301076,1909f56bfc062723c751e8b465ee728b)
Start importing Assets/_Assets/kenney_ui-pack/PNG/Yellow/Default/check_square_color_checkmark.png using Guid(4e60a3da0eadf5f42b571b975a3a32fa) Importer(815301076,1909f56bfc062723c751e8b465ee728b) [PhysX] Initialized MultithreadedTaskDispatcher with 8 workers.
[PhysX] Initialized MultithreadedTaskDispatcher with 8 workers.
 -> (artifact id: 'b800bd8ceff95b668ab1459e29fcf3ef') in 0.007222 seconds
Number of updated asset objects reloaded before import = 0
Number of asset objects unloaded after import = 3
========================================================================
Received Import Request.
  Time since last request: 0.000017 seconds.
  path: Assets/_Assets/kenney_ui-pack/PNG/Red/Double/check_square_color_checkmark.png
  artifactKey: Guid(23dbbbf21f3cbe14e8ef59bfc948a893) Importer(815301076,1909f56bfc062723c751e8b465ee728b)
Start importing Assets/_Assets/kenney_ui-pack/PNG/Red/Double/check_square_color_checkmark.png using Guid(23dbbbf21f3cbe14e8ef59bfc948a893) Importer(815301076,1909f56bfc062723c751e8b465ee728b) [PhysX] Initialized MultithreadedTaskDispatcher with 8 workers.
[PhysX] Initialized MultithreadedTaskDispatcher with 8 workers.
 -> (artifact id: '5b82730b56b960c987d0448f28b250fd') in 0.009164 seconds
Number of updated asset objects reloaded before import = 0
Number of asset objects unloaded after import = 3
========================================================================
Received Import Request.
  Time since last request: 0.000024 seconds.
  path: Assets/_Assets/kenney_ui-pack/PNG/Grey/Double/check_square_color_cross.png
  artifactKey: Guid(e5eb333b19951094fa42416664d80a7e) Importer(815301076,1909f56bfc062723c751e8b465ee728b)
Start importing Assets/_Assets/kenney_ui-pack/PNG/Grey/Double/check_square_color_cross.png using Guid(e5eb333b19951094fa42416664d80a7e) Importer(815301076,1909f56bfc062723c751e8b465ee728b) [PhysX] Initialized MultithreadedTaskDispatcher with 8 workers.
[PhysX] Initialized MultithreadedTaskDispatcher with 8 workers.
 -> (artifact id: '59bde656a80c6c8c47f555cee9a415af') in 0.012010 seconds
Number of updated asset objects reloaded before import = 0
Number of asset objects unloaded after import = 3
========================================================================
Received Import Request.
  Time since last request: 0.000066 seconds.
  path: Assets/_Assets/kenney_ui-pack/PNG/Green/Double/check_square_color_square.png
  artifactKey: Guid(a79e0001a19ce574495756990430207d) Importer(815301076,1909f56bfc062723c751e8b465ee728b)
Start importing Assets/_Assets/kenney_ui-pack/PNG/Green/Double/check_square_color_square.png using Guid(a79e0001a19ce574495756990430207d) Importer(815301076,1909f56bfc062723c751e8b465ee728b) [PhysX] Initialized MultithreadedTaskDispatcher with 8 workers.
[PhysX] Initialized MultithreadedTaskDispatcher with 8 workers.
 -> (artifact id: 'ecc8fe33beddead33804f46d81b4087e') in 0.011765 seconds
Number of updated asset objects reloaded before import = 0
Number of asset objects unloaded after import = 3
========================================================================
Received Import Request.
  Time since last request: 5.797072 seconds.
  path: Assets/_Assets/kenney_ui-pack/PNG/Yellow/Double/check_square_color_square.png
  artifactKey: Guid(fed3235d4e63cdb4590f0f41c91e6d3e) Importer(815301076,1909f56bfc062723c751e8b465ee728b)
Start importing Assets/_Assets/kenney_ui-pack/PNG/Yellow/Double/check_square_color_square.png using Guid(fed3235d4e63cdb4590f0f41c91e6d3e) Importer(815301076,1909f56bfc062723c751e8b465ee728b) [PhysX] Initialized MultithreadedTaskDispatcher with 8 workers.
[PhysX] Initialized MultithreadedTaskDispatcher with 8 workers.
 -> (artifact id: '18976e7f33254507121c3ac824973cd5') in 0.007747 seconds
Number of updated asset objects reloaded before import = 0
Number of asset objects unloaded after import = 3
========================================================================
Received Import Request.
  Time since last request: 0.000018 seconds.
  path: Assets/_Assets/kenney_ui-pack/PNG/Green/Double/check_square_grey_checkmark.png
  artifactKey: Guid(a8ea7b1b8927b91458069c30d21b4b1d) Importer(815301076,1909f56bfc062723c751e8b465ee728b)
Start importing Assets/_Assets/kenney_ui-pack/PNG/Green/Double/check_square_grey_checkmark.png using Guid(a8ea7b1b8927b91458069c30d21b4b1d) Importer(815301076,1909f56bfc062723c751e8b465ee728b) [PhysX] Initialized MultithreadedTaskDispatcher with 8 workers.
[PhysX] Initialized MultithreadedTaskDispatcher with 8 workers.
 -> (artifact id: '707fb8128566a9f8da7356c9fd826c94') in 0.011509 seconds
Number of updated asset objects reloaded before import = 0
Number of asset objects unloaded after import = 3
========================================================================
Received Import Request.
  Time since last request: 0.000013 seconds.
  path: Assets/_Assets/kenney_ui-pack/PNG/Yellow/Default/check_square_grey.png
  artifactKey: Guid(3e59eb7a17c89e5419f3ff04c7165f6f) Importer(815301076,1909f56bfc062723c751e8b465ee728b)
Start importing Assets/_Assets/kenney_ui-pack/PNG/Yellow/Default/check_square_grey.png using Guid(3e59eb7a17c89e5419f3ff04c7165f6f) Importer(815301076,1909f56bfc062723c751e8b465ee728b) [PhysX] Initialized MultithreadedTaskDispatcher with 8 workers.
[PhysX] Initialized MultithreadedTaskDispatcher with 8 workers.
 -> (artifact id: '5cac4d14ba793d3e5c1a88752807365f') in 0.010562 seconds
Number of updated asset objects reloaded before import = 0
Number of asset objects unloaded after import = 3
========================================================================
Received Import Request.
  Time since last request: 0.000015 seconds.
  path: Assets/_Assets/kenney_ui-pack/PNG/Green/Default/check_square_grey.png
  artifactKey: Guid(5f252c8d3540b674d857a840cae9fa91) Importer(815301076,1909f56bfc062723c751e8b465ee728b)
Start importing Assets/_Assets/kenney_ui-pack/PNG/Green/Default/check_square_grey.png using Guid(5f252c8d3540b674d857a840cae9fa91) Importer(815301076,1909f56bfc062723c751e8b465ee728b) [PhysX] Initialized MultithreadedTaskDispatcher with 8 workers.
[PhysX] Initialized MultithreadedTaskDispatcher with 8 workers.
 -> (artifact id: '60fdb45957056949616547a2747c8795') in 0.011878 seconds
Number of updated asset objects reloaded before import = 0
Number of asset objects unloaded after import = 3
========================================================================
Received Import Request.
  Time since last request: 0.015401 seconds.
  path: Assets/_Assets/kenney_ui-pack/PNG/Grey/Default/check_square_grey_checkmark.png
  artifactKey: Guid(fe373661e0009eb4182c9fa64340d2c6) Importer(815301076,1909f56bfc062723c751e8b465ee728b)
Start importing Assets/_Assets/kenney_ui-pack/PNG/Grey/Default/check_square_grey_checkmark.png using Guid(fe373661e0009eb4182c9fa64340d2c6) Importer(815301076,1909f56bfc062723c751e8b465ee728b) [PhysX] Initialized MultithreadedTaskDispatcher with 8 workers.
[PhysX] Initialized MultithreadedTaskDispatcher with 8 workers.
 -> (artifact id: 'afacf7ecfa721d07eb63c6043e89f154') in 0.009220 seconds
Number of updated asset objects reloaded before import = 0
Number of asset objects unloaded after import = 3
========================================================================
Received Import Request.
  Time since last request: 0.000014 seconds.
  path: Assets/_Assets/kenney_ui-pack/PNG/Red/Double/check_square_grey_cross.png
  artifactKey: Guid(194c7d427347bcb4c834c8b11abf038d) Importer(815301076,1909f56bfc062723c751e8b465ee728b)
Start importing Assets/_Assets/kenney_ui-pack/PNG/Red/Double/check_square_grey_cross.png using Guid(194c7d427347bcb4c834c8b11abf038d) Importer(815301076,1909f56bfc062723c751e8b465ee728b) [PhysX] Initialized MultithreadedTaskDispatcher with 8 workers.
[PhysX] Initialized MultithreadedTaskDispatcher with 8 workers.
 -> (artifact id: 'd2b7cd286c542701b6ac2b51ecce3955') in 0.009972 seconds
Number of updated asset objects reloaded before import = 0
Number of asset objects unloaded after import = 3
========================================================================
Received Import Request.
  Time since last request: 0.000019 seconds.
  path: Assets/_Assets/kenney_ui-pack/PNG/Yellow/Default/check_square_grey_checkmark.png
  artifactKey: Guid(917883285dc8cc64abbca315f2cc8be3) Importer(815301076,1909f56bfc062723c751e8b465ee728b)
Start importing Assets/_Assets/kenney_ui-pack/PNG/Yellow/Default/check_square_grey_checkmark.png using Guid(917883285dc8cc64abbca315f2cc8be3) Importer(815301076,1909f56bfc062723c751e8b465ee728b) [PhysX] Initialized MultithreadedTaskDispatcher with 8 workers.
[PhysX] Initialized MultithreadedTaskDispatcher with 8 workers.
 -> (artifact id: '601ddbd42b4cedfa4cd5c3c073ec2603') in 0.014348 seconds
Number of updated asset objects reloaded before import = 0
Number of asset objects unloaded after import = 3
========================================================================
Received Import Request.
  Time since last request: 0.000211 seconds.
  path: Assets/_Assets/kenney_ui-pack/PNG/Green/Double/check_square_grey_cross.png
  artifactKey: Guid(536d1b2fb8fae6f43aac7aaa44059565) Importer(815301076,1909f56bfc062723c751e8b465ee728b)
Start importing Assets/_Assets/kenney_ui-pack/PNG/Green/Double/check_square_grey_cross.png using Guid(536d1b2fb8fae6f43aac7aaa44059565) Importer(815301076,1909f56bfc062723c751e8b465ee728b) [PhysX] Initialized MultithreadedTaskDispatcher with 8 workers.
[PhysX] Initialized MultithreadedTaskDispatcher with 8 workers.
 -> (artifact id: 'e7fed4e31e1723ea2bcacc92c3ce1e35') in 0.009252 seconds
Number of updated asset objects reloaded before import = 0
Number of asset objects unloaded after import = 3
========================================================================
Received Import Request.
  Time since last request: 0.000032 seconds.
  path: Assets/_Assets/kenney_ui-pack/PNG/Grey/Double/check_square_grey_square.png
  artifactKey: Guid(0e44120cbfd9b7449aa669f1b974dc9c) Importer(815301076,1909f56bfc062723c751e8b465ee728b)
Start importing Assets/_Assets/kenney_ui-pack/PNG/Grey/Double/check_square_grey_square.png using Guid(0e44120cbfd9b7449aa669f1b974dc9c) Importer(815301076,1909f56bfc062723c751e8b465ee728b) [PhysX] Initialized MultithreadedTaskDispatcher with 8 workers.
[PhysX] Initialized MultithreadedTaskDispatcher with 8 workers.
 -> (artifact id: 'c977521e006a6fc048762491f680831c') in 0.010851 seconds
Number of updated asset objects reloaded before import = 0
Number of asset objects unloaded after import = 3
========================================================================
Received Import Request.
  Time since last request: 0.000041 seconds.
  path: Assets/_Assets/kenney_ui-pack-adventure/PNG/Default/checkbox_beige_checked.png
  artifactKey: Guid(f7b8a139006f65c438b530a9a8b77fb8) Importer(815301076,1909f56bfc062723c751e8b465ee728b)
Start importing Assets/_Assets/kenney_ui-pack-adventure/PNG/Default/checkbox_beige_checked.png using Guid(f7b8a139006f65c438b530a9a8b77fb8) Importer(815301076,1909f56bfc062723c751e8b465ee728b) [PhysX] Initialized MultithreadedTaskDispatcher with 8 workers.
[PhysX] Initialized MultithreadedTaskDispatcher with 8 workers.
 -> (artifact id: '428c3e4d5b7da8fc0a689c9d87c050d9') in 0.010343 seconds
Number of updated asset objects reloaded before import = 0
Number of asset objects unloaded after import = 3
========================================================================
Received Import Request.
  Time since last request: 0.000014 seconds.
  path: Assets/_Assets/kenney_ui-pack/PNG/Yellow/Default/check_square_grey_square.png
  artifactKey: Guid(cf07cfbf5a6e24a499c8e02cc79aea82) Importer(815301076,1909f56bfc062723c751e8b465ee728b)
Start importing Assets/_Assets/kenney_ui-pack/PNG/Yellow/Default/check_square_grey_square.png using Guid(cf07cfbf5a6e24a499c8e02cc79aea82) Importer(815301076,1909f56bfc062723c751e8b465ee728b) [PhysX] Initialized MultithreadedTaskDispatcher with 8 workers.
[PhysX] Initialized MultithreadedTaskDispatcher with 8 workers.
 -> (artifact id: '5a4ef64acfa5d4d3f25f009b2400729e') in 0.009995 seconds
Number of updated asset objects reloaded before import = 0
Number of asset objects unloaded after import = 3
========================================================================
Received Import Request.
  Time since last request: 0.000015 seconds.
  path: Assets/_Assets/kenney_ui-pack-adventure/PNG/Default/checkbox_beige_cross.png
  artifactKey: Guid(38a35a1c75c25e4469d1a3f19bde3421) Importer(815301076,1909f56bfc062723c751e8b465ee728b)
Start importing Assets/_Assets/kenney_ui-pack-adventure/PNG/Default/checkbox_beige_cross.png using Guid(38a35a1c75c25e4469d1a3f19bde3421) Importer(815301076,1909f56bfc062723c751e8b465ee728b) [PhysX] Initialized MultithreadedTaskDispatcher with 8 workers.
[PhysX] Initialized MultithreadedTaskDispatcher with 8 workers.
 -> (artifact id: 'e1e4727175c0fc92a260b39d9272c426') in 0.012072 seconds
Number of updated asset objects reloaded before import = 0
Number of asset objects unloaded after import = 3
========================================================================
Received Import Request.
  Time since last request: 0.000018 seconds.
  path: Assets/_Assets/kenney_ui-pack/PNG/Yellow/Default/check_square_grey_cross.png
  artifactKey: Guid(2d1fc4a2d68e0944b87953470db410c9) Importer(815301076,1909f56bfc062723c751e8b465ee728b)
Start importing Assets/_Assets/kenney_ui-pack/PNG/Yellow/Default/check_square_grey_cross.png using Guid(2d1fc4a2d68e0944b87953470db410c9) Importer(815301076,1909f56bfc062723c751e8b465ee728b) [PhysX] Initialized MultithreadedTaskDispatcher with 8 workers.
[PhysX] Initialized MultithreadedTaskDispatcher with 8 workers.
 -> (artifact id: 'dfec7176069321e782e6cd8e612fe93c') in 0.008926 seconds
Number of updated asset objects reloaded before import = 0
Number of asset objects unloaded after import = 3
========================================================================
Received Import Request.
  Time since last request: 0.006605 seconds.
  path: Assets/_Assets/kenney_ui-pack-adventure/PNG/Double/checkbox_brown_cross.png
  artifactKey: Guid(6fbc7eeeb446bc34fa0354f3cf29bb37) Importer(815301076,1909f56bfc062723c751e8b465ee728b)
Start importing Assets/_Assets/kenney_ui-pack-adventure/PNG/Double/checkbox_brown_cross.png using Guid(6fbc7eeeb446bc34fa0354f3cf29bb37) Importer(815301076,1909f56bfc062723c751e8b465ee728b) [PhysX] Initialized MultithreadedTaskDispatcher with 8 workers.
[PhysX] Initialized MultithreadedTaskDispatcher with 8 workers.
 -> (artifact id: 'f883990aa155c88d54a0ca110cf65bb3') in 0.009459 seconds
Number of updated asset objects reloaded before import = 0
Number of asset objects unloaded after import = 3
========================================================================
Received Import Request.
  Time since last request: 0.000014 seconds.
  path: Assets/_Assets/kenney_ui-pack-adventure/PNG/Double/checkbox_grey_checked.png
  artifactKey: Guid(443ea52c8706c5c4d9043e835110699b) Importer(815301076,1909f56bfc062723c751e8b465ee728b)
Start importing Assets/_Assets/kenney_ui-pack-adventure/PNG/Double/checkbox_grey_checked.png using Guid(443ea52c8706c5c4d9043e835110699b) Importer(815301076,1909f56bfc062723c751e8b465ee728b) [PhysX] Initialized MultithreadedTaskDispatcher with 8 workers.
[PhysX] Initialized MultithreadedTaskDispatcher with 8 workers.
 -> (artifact id: '6cb1fa10e83222b046effc6597a2647b') in 0.009567 seconds
Number of updated asset objects reloaded before import = 0
Number of asset objects unloaded after import = 3
========================================================================
Received Import Request.
  Time since last request: 0.000018 seconds.
  path: Assets/_Assets/Cropped UI Explanation2.png
  artifactKey: Guid(96d16a0eb2ef577458af5b19edbb3e43) Importer(815301076,1909f56bfc062723c751e8b465ee728b)
Start importing Assets/_Assets/Cropped UI Explanation2.png using Guid(96d16a0eb2ef577458af5b19edbb3e43) Importer(815301076,1909f56bfc062723c751e8b465ee728b) [PhysX] Initialized MultithreadedTaskDispatcher with 8 workers.
[PhysX] Initialized MultithreadedTaskDispatcher with 8 workers.
 -> (artifact id: '5f19826c5da8a7298dcb9470fa6373fa') in 0.022121 seconds
Number of updated asset objects reloaded before import = 0
Number of asset objects unloaded after import = 3
========================================================================
Received Import Request.
  Time since last request: 0.339861 seconds.
  path: Assets/_Assets/kenney_ui-pack-rpg-expansion/PNG/cursorGauntlet_grey.png
  artifactKey: Guid(42b10aecd12e526408c4774369ef1e7f) Importer(815301076,1909f56bfc062723c751e8b465ee728b)
Start importing Assets/_Assets/kenney_ui-pack-rpg-expansion/PNG/cursorGauntlet_grey.png using Guid(42b10aecd12e526408c4774369ef1e7f) Importer(815301076,1909f56bfc062723c751e8b465ee728b) [PhysX] Initialized MultithreadedTaskDispatcher with 8 workers.
[PhysX] Initialized MultithreadedTaskDispatcher with 8 workers.
 -> (artifact id: '15c58faa7ded891156dc0560a9715e15') in 0.009889 seconds
Number of updated asset objects reloaded before import = 0
Number of asset objects unloaded after import = 3
========================================================================
Received Import Request.
  Time since last request: 0.000019 seconds.
  path: Assets/_Assets/kenney_ui-pack/PNG/Extra/Double/divider_edges.png
  artifactKey: Guid(2cb29cd7c05df4048a15aeb99c371a9c) Importer(815301076,1909f56bfc062723c751e8b465ee728b)
Start importing Assets/_Assets/kenney_ui-pack/PNG/Extra/Double/divider_edges.png using Guid(2cb29cd7c05df4048a15aeb99c371a9c) Importer(815301076,1909f56bfc062723c751e8b465ee728b) [PhysX] Initialized MultithreadedTaskDispatcher with 8 workers.
[PhysX] Initialized MultithreadedTaskDispatcher with 8 workers.
 -> (artifact id: 'be056335f9688715f4475b3aa248fe08') in 0.010760 seconds
Number of updated asset objects reloaded before import = 0
Number of asset objects unloaded after import = 3
========================================================================
Received Import Request.
  Time since last request: 0.000013 seconds.
  path: Assets/_Assets/kenney_ui-pack/PNG/Extra/Default/divider_edges.png
  artifactKey: Guid(c4e3c32e80def694d8cf58da6110e191) Importer(815301076,1909f56bfc062723c751e8b465ee728b)
Start importing Assets/_Assets/kenney_ui-pack/PNG/Extra/Default/divider_edges.png using Guid(c4e3c32e80def694d8cf58da6110e191) Importer(815301076,1909f56bfc062723c751e8b465ee728b) [PhysX] Initialized MultithreadedTaskDispatcher with 8 workers.
[PhysX] Initialized MultithreadedTaskDispatcher with 8 workers.
 -> (artifact id: 'b34812c0637827cda3fd825e798c30ed') in 0.008034 seconds
Number of updated asset objects reloaded before import = 0
Number of asset objects unloaded after import = 3
========================================================================
Received Import Request.
  Time since last request: 0.000016 seconds.
  path: Assets/_Assets/kenney_ui-pack/PNG/Extra/Double/divider.png
  artifactKey: Guid(2d7ebe6dc9cfe2f4ea5e194a4660b68c) Importer(815301076,1909f56bfc062723c751e8b465ee728b)
Start importing Assets/_Assets/kenney_ui-pack/PNG/Extra/Double/divider.png using Guid(2d7ebe6dc9cfe2f4ea5e194a4660b68c) Importer(815301076,1909f56bfc062723c751e8b465ee728b) [PhysX] Initialized MultithreadedTaskDispatcher with 8 workers.
[PhysX] Initialized MultithreadedTaskDispatcher with 8 workers.
 -> (artifact id: '14f9721ac62d51cccee07d1fbb95007d') in 0.006549 seconds
Number of updated asset objects reloaded before import = 0
Number of asset objects unloaded after import = 3
========================================================================
Received Import Request.
  Time since last request: 0.022859 seconds.
  path: Assets/_Assets/kenney_ui-pack-adventure/PNG/Double/hexagon_brown_dark.png
  artifactKey: Guid(26774c49549a5a64f8e98fdcb14dd832) Importer(815301076,1909f56bfc062723c751e8b465ee728b)
Start importing Assets/_Assets/kenney_ui-pack-adventure/PNG/Double/hexagon_brown_dark.png using Guid(26774c49549a5a64f8e98fdcb14dd832) Importer(815301076,1909f56bfc062723c751e8b465ee728b) [PhysX] Initialized MultithreadedTaskDispatcher with 8 workers.
[PhysX] Initialized MultithreadedTaskDispatcher with 8 workers.
 -> (artifact id: '9dd5076326364a5ed6ea8aabcea680e0') in 0.010644 seconds
Number of updated asset objects reloaded before import = 0
Number of asset objects unloaded after import = 3
========================================================================
Received Import Request.
  Time since last request: 0.016053 seconds.
  path: Assets/_Assets/kenney_ui-pack-adventure/PNG/Double/hexagon_damaged_brown.png
  artifactKey: Guid(f3be4818abaf1e04d823f31bcd0af975) Importer(815301076,1909f56bfc062723c751e8b465ee728b)
Start importing Assets/_Assets/kenney_ui-pack-adventure/PNG/Double/hexagon_damaged_brown.png using Guid(f3be4818abaf1e04d823f31bcd0af975) Importer(815301076,1909f56bfc062723c751e8b465ee728b) [PhysX] Initialized MultithreadedTaskDispatcher with 8 workers.
[PhysX] Initialized MultithreadedTaskDispatcher with 8 workers.
 -> (artifact id: '4dbab2da67997b6cd4641d1fb77b3d9f') in 0.012076 seconds
Number of updated asset objects reloaded before import = 0
Number of asset objects unloaded after import = 3
========================================================================
Received Import Request.
  Time since last request: 0.000017 seconds.
  path: Assets/_Assets/kenney_ui-pack/PNG/Extra/Double/icon_arrow_down_dark.png
  artifactKey: Guid(dad51e0f7adfecb4f8743a96912d234b) Importer(815301076,1909f56bfc062723c751e8b465ee728b)
Start importing Assets/_Assets/kenney_ui-pack/PNG/Extra/Double/icon_arrow_down_dark.png using Guid(dad51e0f7adfecb4f8743a96912d234b) Importer(815301076,1909f56bfc062723c751e8b465ee728b) [PhysX] Initialized MultithreadedTaskDispatcher with 8 workers.
[PhysX] Initialized MultithreadedTaskDispatcher with 8 workers.
 -> (artifact id: '479db51eb81db1245699f6a4059f1b09') in 0.012918 seconds
Number of updated asset objects reloaded before import = 0
Number of asset objects unloaded after import = 3
========================================================================
Received Import Request.
  Time since last request: 0.000020 seconds.
  path: Assets/_Assets/kenney_ui-pack/PNG/Extra/Default/icon_arrow_down_light.png
  artifactKey: Guid(0a3f0d9f4b66e7c43bdf183f535add94) Importer(815301076,1909f56bfc062723c751e8b465ee728b)
Start importing Assets/_Assets/kenney_ui-pack/PNG/Extra/Default/icon_arrow_down_light.png using Guid(0a3f0d9f4b66e7c43bdf183f535add94) Importer(815301076,1909f56bfc062723c751e8b465ee728b) [PhysX] Initialized MultithreadedTaskDispatcher with 8 workers.
[PhysX] Initialized MultithreadedTaskDispatcher with 8 workers.
 -> (artifact id: '353306f9217ae4403085f53d4ab81557') in 0.009469 seconds
Number of updated asset objects reloaded before import = 0
Number of asset objects unloaded after import = 3
========================================================================
Received Import Request.
  Time since last request: 0.000017 seconds.
  path: Assets/_Assets/kenney_ui-pack/PNG/Extra/Double/icon_arrow_down_light.png
  artifactKey: Guid(8b7b181f047d93e40a620537af59d335) Importer(815301076,1909f56bfc062723c751e8b465ee728b)
Start importing Assets/_Assets/kenney_ui-pack/PNG/Extra/Double/icon_arrow_down_light.png using Guid(8b7b181f047d93e40a620537af59d335) Importer(815301076,1909f56bfc062723c751e8b465ee728b) [PhysX] Initialized MultithreadedTaskDispatcher with 8 workers.
[PhysX] Initialized MultithreadedTaskDispatcher with 8 workers.
 -> (artifact id: '81ba44c37e1b95b18edf9d8a8ba62c89') in 0.010028 seconds
Number of updated asset objects reloaded before import = 0
Number of asset objects unloaded after import = 3
========================================================================
Received Import Request.
  Time since last request: 0.000019 seconds.
  path: Assets/_Assets/kenney_ui-pack-adventure/PNG/Default/hexagon_grey.png
  artifactKey: Guid(461d9e5fc3e77ad4d9683d06cda01ac2) Importer(815301076,1909f56bfc062723c751e8b465ee728b)
Start importing Assets/_Assets/kenney_ui-pack-adventure/PNG/Default/hexagon_grey.png using Guid(461d9e5fc3e77ad4d9683d06cda01ac2) Importer(815301076,1909f56bfc062723c751e8b465ee728b) [PhysX] Initialized MultithreadedTaskDispatcher with 8 workers.
[PhysX] Initialized MultithreadedTaskDispatcher with 8 workers.
 -> (artifact id: '7bc803c55bf4b603bac87dc65e1e6128') in 0.009778 seconds
Number of updated asset objects reloaded before import = 0
Number of asset objects unloaded after import = 3
========================================================================
Received Import Request.
  Time since last request: 1.108887 seconds.
  path: Assets/_Assets/kenney_ui-pack/PNG/Extra/Default/icon_arrow_up_dark.png
  artifactKey: Guid(ec9f6dcc5731692478f7c726118e1835) Importer(815301076,1909f56bfc062723c751e8b465ee728b)
Start importing Assets/_Assets/kenney_ui-pack/PNG/Extra/Default/icon_arrow_up_dark.png using Guid(ec9f6dcc5731692478f7c726118e1835) Importer(815301076,1909f56bfc062723c751e8b465ee728b) [PhysX] Initialized MultithreadedTaskDispatcher with 8 workers.
[PhysX] Initialized MultithreadedTaskDispatcher with 8 workers.
 -> (artifact id: '4b215d47361aa4e9e3f407e5712d0e7b') in 0.007216 seconds
Number of updated asset objects reloaded before import = 0
Number of asset objects unloaded after import = 3
========================================================================
Received Import Request.
  Time since last request: 0.000017 seconds.
  path: Assets/_Assets/kenney_ui-pack/PNG/Red/Double/icon_checkmark.png
  artifactKey: Guid(492725ea88e07b84c85056a27a522159) Importer(815301076,1909f56bfc062723c751e8b465ee728b)
Start importing Assets/_Assets/kenney_ui-pack/PNG/Red/Double/icon_checkmark.png using Guid(492725ea88e07b84c85056a27a522159) Importer(815301076,1909f56bfc062723c751e8b465ee728b) [PhysX] Initialized MultithreadedTaskDispatcher with 8 workers.
[PhysX] Initialized MultithreadedTaskDispatcher with 8 workers.
 -> (artifact id: '94ae04a0d80ffe4aa99a4f93091c47fd') in 0.010790 seconds
Number of updated asset objects reloaded before import = 0
Number of asset objects unloaded after import = 3
========================================================================
Received Import Request.
  Time since last request: 0.000021 seconds.
  path: Assets/_Assets/kenney_ui-pack/PNG/Yellow/Double/icon_checkmark.png
  artifactKey: Guid(1a1583733c14e8d4fb3f008bbce44357) Importer(815301076,1909f56bfc062723c751e8b465ee728b)
Start importing Assets/_Assets/kenney_ui-pack/PNG/Yellow/Double/icon_checkmark.png using Guid(1a1583733c14e8d4fb3f008bbce44357) Importer(815301076,1909f56bfc062723c751e8b465ee728b) [PhysX] Initialized MultithreadedTaskDispatcher with 8 workers.
[PhysX] Initialized MultithreadedTaskDispatcher with 8 workers.
 -> (artifact id: '8ab63559d67925b5555e117901f0c3ac') in 0.011831 seconds
Number of updated asset objects reloaded before import = 0
Number of asset objects unloaded after import = 3
========================================================================
Received Import Request.
  Time since last request: 0.000021 seconds.
  path: Assets/_Assets/kenney_ui-pack/PNG/Blue/Default/icon_checkmark.png
  artifactKey: Guid(7200103120a3a5246a831837ab04f0f5) Importer(815301076,1909f56bfc062723c751e8b465ee728b)
Start importing Assets/_Assets/kenney_ui-pack/PNG/Blue/Default/icon_checkmark.png using Guid(7200103120a3a5246a831837ab04f0f5) Importer(815301076,1909f56bfc062723c751e8b465ee728b) [PhysX] Initialized MultithreadedTaskDispatcher with 8 workers.
[PhysX] Initialized MultithreadedTaskDispatcher with 8 workers.
 -> (artifact id: '4192267693d1565b51b5581a2f56f3e0') in 0.009041 seconds
Number of updated asset objects reloaded before import = 0
Number of asset objects unloaded after import = 3
========================================================================
Received Import Request.
  Time since last request: 0.000013 seconds.
  path: Assets/_Assets/kenney_ui-pack/PNG/Red/Default/icon_checkmark.png
  artifactKey: Guid(49d4921a0176d154ab200d3f6c99b61e) Importer(815301076,1909f56bfc062723c751e8b465ee728b)
Start importing Assets/_Assets/kenney_ui-pack/PNG/Red/Default/icon_checkmark.png using Guid(49d4921a0176d154ab200d3f6c99b61e) Importer(815301076,1909f56bfc062723c751e8b465ee728b) [PhysX] Initialized MultithreadedTaskDispatcher with 8 workers.
[PhysX] Initialized MultithreadedTaskDispatcher with 8 workers.
 -> (artifact id: '0fe43028def4311c41ba92984b660a40') in 0.008668 seconds
Number of updated asset objects reloaded before import = 0
Number of asset objects unloaded after import = 3
========================================================================
Received Import Request.
  Time since last request: 0.000036 seconds.
  path: Assets/_Assets/kenney_ui-pack/PNG/Yellow/Default/icon_cross.png
  artifactKey: Guid(ff1cdfc821f801b4197611eeaf1d0fe0) Importer(815301076,1909f56bfc062723c751e8b465ee728b)
Start importing Assets/_Assets/kenney_ui-pack/PNG/Yellow/Default/icon_cross.png using Guid(ff1cdfc821f801b4197611eeaf1d0fe0) Importer(815301076,1909f56bfc062723c751e8b465ee728b) [PhysX] Initialized MultithreadedTaskDispatcher with 8 workers.
[PhysX] Initialized MultithreadedTaskDispatcher with 8 workers.
 -> (artifact id: '4cb08d4ffbf4ff4eff5dc0654a7d0571') in 0.008408 seconds
Number of updated asset objects reloaded before import = 0
Number of asset objects unloaded after import = 3
========================================================================
Received Import Request.
  Time since last request: 0.000014 seconds.
  path: Assets/_Assets/kenney_ui-pack/PNG/Grey/Default/icon_circle.png
  artifactKey: Guid(5ebe6c15ef15d9a4fa0feaf14e3fd679) Importer(815301076,1909f56bfc062723c751e8b465ee728b)
Start importing Assets/_Assets/kenney_ui-pack/PNG/Grey/Default/icon_circle.png using Guid(5ebe6c15ef15d9a4fa0feaf14e3fd679) Importer(815301076,1909f56bfc062723c751e8b465ee728b) [PhysX] Initialized MultithreadedTaskDispatcher with 8 workers.
[PhysX] Initialized MultithreadedTaskDispatcher with 8 workers.
 -> (artifact id: '1458d78341930c8b6c2c8a538c6123ab') in 0.009674 seconds
Number of updated asset objects reloaded before import = 0
Number of asset objects unloaded after import = 3
========================================================================
Received Import Request.
  Time since last request: 0.000017 seconds.
  path: Assets/_Assets/kenney_ui-pack/PNG/Blue/Default/icon_cross.png
  artifactKey: Guid(ae74b0edba0781647ad9f4880eadd348) Importer(815301076,1909f56bfc062723c751e8b465ee728b)
Start importing Assets/_Assets/kenney_ui-pack/PNG/Blue/Default/icon_cross.png using Guid(ae74b0edba0781647ad9f4880eadd348) Importer(815301076,1909f56bfc062723c751e8b465ee728b) [PhysX] Initialized MultithreadedTaskDispatcher with 8 workers.
[PhysX] Initialized MultithreadedTaskDispatcher with 8 workers.
 -> (artifact id: 'ebc0241d1e4899c0f42a0244633b821f') in 0.009936 seconds
Number of updated asset objects reloaded before import = 0
Number of asset objects unloaded after import = 3
========================================================================
Received Import Request.
  Time since last request: 0.000019 seconds.
  path: Assets/_Assets/kenney_ui-pack/PNG/Red/Default/icon_cross.png
  artifactKey: Guid(6d065e704396a1942b6c814b5b19ad07) Importer(815301076,1909f56bfc062723c751e8b465ee728b)
Start importing Assets/_Assets/kenney_ui-pack/PNG/Red/Default/icon_cross.png using Guid(6d065e704396a1942b6c814b5b19ad07) Importer(815301076,1909f56bfc062723c751e8b465ee728b) [PhysX] Initialized MultithreadedTaskDispatcher with 8 workers.
[PhysX] Initialized MultithreadedTaskDispatcher with 8 workers.
 -> (artifact id: '7cdb4086d6acd69b2042c79c1b0c4b31') in 0.008417 seconds
Number of updated asset objects reloaded before import = 0
Number of asset objects unloaded after import = 3
========================================================================
Received Import Request.
  Time since last request: 0.000013 seconds.
  path: Assets/_Assets/kenney_ui-pack/PNG/Grey/Default/icon_outline_circle.png
  artifactKey: Guid(461138dab5ee02741875a0f529974916) Importer(815301076,1909f56bfc062723c751e8b465ee728b)
Start importing Assets/_Assets/kenney_ui-pack/PNG/Grey/Default/icon_outline_circle.png using Guid(461138dab5ee02741875a0f529974916) Importer(815301076,1909f56bfc062723c751e8b465ee728b) [PhysX] Initialized MultithreadedTaskDispatcher with 8 workers.
[PhysX] Initialized MultithreadedTaskDispatcher with 8 workers.
 -> (artifact id: 'a8d108126ef14b77da593476dfe30ec8') in 0.009008 seconds
Number of updated asset objects reloaded before import = 0
Number of asset objects unloaded after import = 3
========================================================================
Received Import Request.
  Time since last request: 0.000017 seconds.
  path: Assets/_Assets/kenney_ui-pack/PNG/Yellow/Double/icon_outline_circle.png
  artifactKey: Guid(08345103383e9434f8df8355047e9e3d) Importer(815301076,1909f56bfc062723c751e8b465ee728b)
Start importing Assets/_Assets/kenney_ui-pack/PNG/Yellow/Double/icon_outline_circle.png using Guid(08345103383e9434f8df8355047e9e3d) Importer(815301076,1909f56bfc062723c751e8b465ee728b) [PhysX] Initialized MultithreadedTaskDispatcher with 8 workers.
[PhysX] Initialized MultithreadedTaskDispatcher with 8 workers.
 -> (artifact id: '5f17956f8c2b233689d81e023ab2d83c') in 0.009607 seconds
Number of updated asset objects reloaded before import = 0
Number of asset objects unloaded after import = 3
========================================================================
Received Import Request.
  Time since last request: 0.000018 seconds.
  path: Assets/_Assets/kenney_ui-pack/PNG/Yellow/Default/icon_outline_circle.png
  artifactKey: Guid(75d513fce78594f48a52482f392eb61d) Importer(815301076,1909f56bfc062723c751e8b465ee728b)
Start importing Assets/_Assets/kenney_ui-pack/PNG/Yellow/Default/icon_outline_circle.png using Guid(75d513fce78594f48a52482f392eb61d) Importer(815301076,1909f56bfc062723c751e8b465ee728b) [PhysX] Initialized MultithreadedTaskDispatcher with 8 workers.
[PhysX] Initialized MultithreadedTaskDispatcher with 8 workers.
 -> (artifact id: '5edb76998034fd8f4f69ebf96ec4f976') in 0.010125 seconds
Number of updated asset objects reloaded before import = 0
Number of asset objects unloaded after import = 3
========================================================================
Received Import Request.
  Time since last request: 0.000014 seconds.
  path: Assets/_Assets/kenney_ui-pack/PNG/Green/Default/icon_outline_checkmark.png
  artifactKey: Guid(2220f0fac8e53be42a0487984d896891) Importer(815301076,1909f56bfc062723c751e8b465ee728b)
Start importing Assets/_Assets/kenney_ui-pack/PNG/Green/Default/icon_outline_checkmark.png using Guid(2220f0fac8e53be42a0487984d896891) Importer(815301076,1909f56bfc062723c751e8b465ee728b) [PhysX] Initialized MultithreadedTaskDispatcher with 8 workers.
[PhysX] Initialized MultithreadedTaskDispatcher with 8 workers.
 -> (artifact id: '7a73ebe293b0692f611b333a86fef585') in 0.008572 seconds
Number of updated asset objects reloaded before import = 0
Number of asset objects unloaded after import = 3
========================================================================
Received Import Request.
  Time since last request: 0.000018 seconds.
  path: Assets/_Assets/kenney_ui-pack/PNG/Green/Double/icon_outline_cross.png
  artifactKey: Guid(71b0dea34b64ed14daaa862a82d9d3dc) Importer(815301076,1909f56bfc062723c751e8b465ee728b)
Start importing Assets/_Assets/kenney_ui-pack/PNG/Green/Double/icon_outline_cross.png using Guid(71b0dea34b64ed14daaa862a82d9d3dc) Importer(815301076,1909f56bfc062723c751e8b465ee728b) [PhysX] Initialized MultithreadedTaskDispatcher with 8 workers.
[PhysX] Initialized MultithreadedTaskDispatcher with 8 workers.
 -> (artifact id: '265e83be5bd9c8184d745df36678a81c') in 0.008400 seconds
Number of updated asset objects reloaded before import = 0
Number of asset objects unloaded after import = 3
========================================================================
Received Import Request.
  Time since last request: 0.000014 seconds.
  path: Assets/_Assets/kenney_ui-pack/PNG/Blue/Default/icon_outline_square.png
  artifactKey: Guid(22860e36972405d42baa5ba7712f2934) Importer(815301076,1909f56bfc062723c751e8b465ee728b)
Start importing Assets/_Assets/kenney_ui-pack/PNG/Blue/Default/icon_outline_square.png using Guid(22860e36972405d42baa5ba7712f2934) Importer(815301076,1909f56bfc062723c751e8b465ee728b) [PhysX] Initialized MultithreadedTaskDispatcher with 8 workers.
[PhysX] Initialized MultithreadedTaskDispatcher with 8 workers.
 -> (artifact id: '37a5fae3349a0144ab54bc26b68cefb9') in 0.010127 seconds
Number of updated asset objects reloaded before import = 0
Number of asset objects unloaded after import = 3
========================================================================
Received Import Request.
  Time since last request: 0.000021 seconds.
  path: Assets/_Assets/kenney_ui-pack/PNG/Blue/Double/icon_outline_cross.png
  artifactKey: Guid(523eff9e0777a314baeb82331e5c914b) Importer(815301076,1909f56bfc062723c751e8b465ee728b)
Start importing Assets/_Assets/kenney_ui-pack/PNG/Blue/Double/icon_outline_cross.png using Guid(523eff9e0777a314baeb82331e5c914b) Importer(815301076,1909f56bfc062723c751e8b465ee728b) [PhysX] Initialized MultithreadedTaskDispatcher with 8 workers.
[PhysX] Initialized MultithreadedTaskDispatcher with 8 workers.
 -> (artifact id: 'ab7c31552a074972f403d5a5f3cf5bd7') in 0.011095 seconds
Number of updated asset objects reloaded before import = 0
Number of asset objects unloaded after import = 3
========================================================================
Received Import Request.
  Time since last request: 0.000017 seconds.
  path: Assets/_Assets/kenney_ui-pack/PNG/Red/Default/icon_outline_circle.png
  artifactKey: Guid(f8848356986f94e49abe0474366682a5) Importer(815301076,1909f56bfc062723c751e8b465ee728b)
Start importing Assets/_Assets/kenney_ui-pack/PNG/Red/Default/icon_outline_circle.png using Guid(f8848356986f94e49abe0474366682a5) Importer(815301076,1909f56bfc062723c751e8b465ee728b) [PhysX] Initialized MultithreadedTaskDispatcher with 8 workers.
[PhysX] Initialized MultithreadedTaskDispatcher with 8 workers.
 -> (artifact id: '3013738a588d170b40574d4cc10546f9') in 0.010551 seconds
Number of updated asset objects reloaded before import = 0
Number of asset objects unloaded after import = 3
========================================================================
Received Import Request.
  Time since last request: 0.000066 seconds.
  path: Assets/_Assets/kenney_ui-pack/PNG/Red/Default/icon_outline_checkmark.png
  artifactKey: Guid(3494efd426ae478498c482cb7234127d) Importer(815301076,1909f56bfc062723c751e8b465ee728b)
Start importing Assets/_Assets/kenney_ui-pack/PNG/Red/Default/icon_outline_checkmark.png using Guid(3494efd426ae478498c482cb7234127d) Importer(815301076,1909f56bfc062723c751e8b465ee728b) [PhysX] Initialized MultithreadedTaskDispatcher with 8 workers.
[PhysX] Initialized MultithreadedTaskDispatcher with 8 workers.
 -> (artifact id: 'e570dac060dfc17ce299b13e9748823b') in 0.007625 seconds
Number of updated asset objects reloaded before import = 0
Number of asset objects unloaded after import = 3
========================================================================
Received Import Request.
  Time since last request: 2.262740 seconds.
  path: Assets/_Assets/kenney_ui-pack/PNG/Green/Default/icon_outline_square.png
  artifactKey: Guid(9ee90994266e03542badc7e8545038c8) Importer(815301076,1909f56bfc062723c751e8b465ee728b)
Start importing Assets/_Assets/kenney_ui-pack/PNG/Green/Default/icon_outline_square.png using Guid(9ee90994266e03542badc7e8545038c8) Importer(815301076,1909f56bfc062723c751e8b465ee728b) [PhysX] Initialized MultithreadedTaskDispatcher with 8 workers.
[PhysX] Initialized MultithreadedTaskDispatcher with 8 workers.
 -> (artifact id: 'a3f781ebcf0ac7a5c5f9368d31c61a73') in 0.007443 seconds
Number of updated asset objects reloaded before import = 0
Number of asset objects unloaded after import = 3
========================================================================
Received Import Request.
  Time since last request: 0.000013 seconds.
  path: Assets/_Assets/kenney_ui-pack/PNG/Extra/Default/icon_repeat_dark.png
  artifactKey: Guid(85438335ac834a842841b471e127b65c) Importer(815301076,1909f56bfc062723c751e8b465ee728b)
Start importing Assets/_Assets/kenney_ui-pack/PNG/Extra/Default/icon_repeat_dark.png using Guid(85438335ac834a842841b471e127b65c) Importer(815301076,1909f56bfc062723c751e8b465ee728b) [PhysX] Initialized MultithreadedTaskDispatcher with 8 workers.
[PhysX] Initialized MultithreadedTaskDispatcher with 8 workers.
 -> (artifact id: '725b3311ef72895820b2360aef6e0b97') in 0.009057 seconds
Number of updated asset objects reloaded before import = 0
Number of asset objects unloaded after import = 3
========================================================================
Received Import Request.
  Time since last request: 0.000013 seconds.
  path: Assets/_Assets/kenney_ui-pack/PNG/Extra/Double/icon_repeat_light.png
  artifactKey: Guid(c5e98110c761cbe469dbb05113747aa8) Importer(815301076,1909f56bfc062723c751e8b465ee728b)
Start importing Assets/_Assets/kenney_ui-pack/PNG/Extra/Double/icon_repeat_light.png using Guid(c5e98110c761cbe469dbb05113747aa8) Importer(815301076,1909f56bfc062723c751e8b465ee728b) [PhysX] Initialized MultithreadedTaskDispatcher with 8 workers.
[PhysX] Initialized MultithreadedTaskDispatcher with 8 workers.
 -> (artifact id: '0118540e56718012547c306fd39df237') in 0.012210 seconds
Number of updated asset objects reloaded before import = 0
Number of asset objects unloaded after import = 3
========================================================================
Received Import Request.
  Time since last request: 0.000015 seconds.
  path: Assets/_Assets/kenney_ui-pack/PNG/Blue/Default/icon_square.png
  artifactKey: Guid(755bcb09a913846458c8b67596b1a3d2) Importer(815301076,1909f56bfc062723c751e8b465ee728b)
Start importing Assets/_Assets/kenney_ui-pack/PNG/Blue/Default/icon_square.png using Guid(755bcb09a913846458c8b67596b1a3d2) Importer(815301076,1909f56bfc062723c751e8b465ee728b) [PhysX] Initialized MultithreadedTaskDispatcher with 8 workers.
[PhysX] Initialized MultithreadedTaskDispatcher with 8 workers.
 -> (artifact id: '250c7bd2dd3b1ba044c0db6ea5743f97') in 0.012438 seconds
Number of updated asset objects reloaded before import = 0
Number of asset objects unloaded after import = 3
========================================================================
Received Import Request.
  Time since last request: 0.047225 seconds.
  path: Assets/_Assets/kenney_ui-pack/PNG/Red/Default/icon_square.png
  artifactKey: Guid(61eef2e0fdffd27489f911508e8aa48d) Importer(815301076,1909f56bfc062723c751e8b465ee728b)
Start importing Assets/_Assets/kenney_ui-pack/PNG/Red/Default/icon_square.png using Guid(61eef2e0fdffd27489f911508e8aa48d) Importer(815301076,1909f56bfc062723c751e8b465ee728b) [PhysX] Initialized MultithreadedTaskDispatcher with 8 workers.
[PhysX] Initialized MultithreadedTaskDispatcher with 8 workers.
 -> (artifact id: '37989ce7c852805cc740ae65f49b2b46') in 0.007909 seconds
Number of updated asset objects reloaded before import = 0
Number of asset objects unloaded after import = 3
========================================================================
Received Import Request.
  Time since last request: 0.000020 seconds.
  path: Assets/_Assets/kenney_ui-pack-rpg-expansion/PNG/iconCheck_bronze.png
  artifactKey: Guid(db70bc1cee156db4f9209c5e2c92066f) Importer(815301076,1909f56bfc062723c751e8b465ee728b)
Start importing Assets/_Assets/kenney_ui-pack-rpg-expansion/PNG/iconCheck_bronze.png using Guid(db70bc1cee156db4f9209c5e2c92066f) Importer(815301076,1909f56bfc062723c751e8b465ee728b) [PhysX] Initialized MultithreadedTaskDispatcher with 8 workers.
[PhysX] Initialized MultithreadedTaskDispatcher with 8 workers.
 -> (artifact id: 'a58ff162e48e5157b4b11742116a8b3b') in 0.009912 seconds
Number of updated asset objects reloaded before import = 0
Number of asset objects unloaded after import = 3
========================================================================
Received Import Request.
  Time since last request: 0.000025 seconds.
  path: Assets/_Assets/kenney_ui-pack/PNG/Blue/Double/icon_square.png
  artifactKey: Guid(c50793e89d2360a4a98d0356ed241747) Importer(815301076,1909f56bfc062723c751e8b465ee728b)
Start importing Assets/_Assets/kenney_ui-pack/PNG/Blue/Double/icon_square.png using Guid(c50793e89d2360a4a98d0356ed241747) Importer(815301076,1909f56bfc062723c751e8b465ee728b) [PhysX] Initialized MultithreadedTaskDispatcher with 8 workers.
[PhysX] Initialized MultithreadedTaskDispatcher with 8 workers.
 -> (artifact id: 'aa49cbd4888ff6982539e1f02fa37837') in 0.009637 seconds
Number of updated asset objects reloaded before import = 0
Number of asset objects unloaded after import = 3
========================================================================
Received Import Request.
  Time since last request: 0.000021 seconds.
  path: Assets/_Assets/kenney_ui-pack-rpg-expansion/PNG/iconCheck_blue.png
  artifactKey: Guid(54e88e422dfd6824ca6a62e6154a5e52) Importer(815301076,1909f56bfc062723c751e8b465ee728b)
Start importing Assets/_Assets/kenney_ui-pack-rpg-expansion/PNG/iconCheck_blue.png using Guid(54e88e422dfd6824ca6a62e6154a5e52) Importer(815301076,1909f56bfc062723c751e8b465ee728b) [PhysX] Initialized MultithreadedTaskDispatcher with 8 workers.
[PhysX] Initialized MultithreadedTaskDispatcher with 8 workers.
 -> (artifact id: 'fce3ebd0d5ff997b8d27c91ed9faa3da') in 0.009682 seconds
Number of updated asset objects reloaded before import = 0
Number of asset objects unloaded after import = 3
========================================================================
Received Import Request.
  Time since last request: 0.040467 seconds.
  path: Assets/_Assets/kenney_ui-pack-rpg-expansion/PNG/iconCross_grey.png
  artifactKey: Guid(c239956feee9dd448a48427f5a9e1820) Importer(815301076,1909f56bfc062723c751e8b465ee728b)
Start importing Assets/_Assets/kenney_ui-pack-rpg-expansion/PNG/iconCross_grey.png using Guid(c239956feee9dd448a48427f5a9e1820) Importer(815301076,1909f56bfc062723c751e8b465ee728b) [PhysX] Initialized MultithreadedTaskDispatcher with 8 workers.
[PhysX] Initialized MultithreadedTaskDispatcher with 8 workers.
 -> (artifact id: 'f403fdf7f3e1978000ffebadcc1c3420') in 0.008345 seconds
Number of updated asset objects reloaded before import = 0
Number of asset objects unloaded after import = 3
========================================================================
Received Import Request.
  Time since last request: 0.000080 seconds.
  path: Assets/_Assets/KayKit Character Animations 1.2/KayKit Brand Resouces/KayKit_logo_white.png
  artifactKey: Guid(29ee830b4bebabc4c825acaf5b28f6fb) Importer(815301076,1909f56bfc062723c751e8b465ee728b)
Start importing Assets/_Assets/KayKit Character Animations 1.2/KayKit Brand Resouces/KayKit_logo_white.png using Guid(29ee830b4bebabc4c825acaf5b28f6fb) Importer(815301076,1909f56bfc062723c751e8b465ee728b) [PhysX] Initialized MultithreadedTaskDispatcher with 8 workers.
[PhysX] Initialized MultithreadedTaskDispatcher with 8 workers.
 -> (artifact id: '92f6e0b9c391c9291ea27233083b1ed8') in 0.012181 seconds
Number of updated asset objects reloaded before import = 0
Number of asset objects unloaded after import = 3
========================================================================
Received Import Request.
  Time since last request: 0.000017 seconds.
  path: Assets/_Assets/LeafbladeGames_Logo.png
  artifactKey: Guid(3ebbb79c4b5dfdf479e40f8cba78ee8d) Importer(815301076,1909f56bfc062723c751e8b465ee728b)
Start importing Assets/_Assets/LeafbladeGames_Logo.png using Guid(3ebbb79c4b5dfdf479e40f8cba78ee8d) Importer(815301076,1909f56bfc062723c751e8b465ee728b) [PhysX] Initialized MultithreadedTaskDispatcher with 8 workers.
[PhysX] Initialized MultithreadedTaskDispatcher with 8 workers.
 -> (artifact id: 'cc7f65928d41c39899c17687dea97de8') in 0.011479 seconds
Number of updated asset objects reloaded before import = 0
Number of asset objects unloaded after import = 3
========================================================================
Received Import Request.
  Time since last request: 3.016908 seconds.
  path: Assets/_Assets/kenney_ui-pack-adventure/PNG/Double/minimap_arrow_b.png
  artifactKey: Guid(48eabd23d4fa3d64e84d620c92c7343f) Importer(815301076,1909f56bfc062723c751e8b465ee728b)
Start importing Assets/_Assets/kenney_ui-pack-adventure/PNG/Double/minimap_arrow_b.png using Guid(48eabd23d4fa3d64e84d620c92c7343f) Importer(815301076,1909f56bfc062723c751e8b465ee728b) [PhysX] Initialized MultithreadedTaskDispatcher with 8 workers.
[PhysX] Initialized MultithreadedTaskDispatcher with 8 workers.
 -> (artifact id: 'cca6b6bbab8c879d45dbfdde5191ffb1') in 0.008297 seconds
Number of updated asset objects reloaded before import = 0
Number of asset objects unloaded after import = 3
========================================================================
Received Import Request.
  Time since last request: 0.000016 seconds.
  path: Assets/_Assets/kenney_ui-pack-adventure/PNG/Double/minimap_arrow_c.png
  artifactKey: Guid(bcd39fa5a7bf867438585ef95d87acab) Importer(815301076,1909f56bfc062723c751e8b465ee728b)
Start importing Assets/_Assets/kenney_ui-pack-adventure/PNG/Double/minimap_arrow_c.png using Guid(bcd39fa5a7bf867438585ef95d87acab) Importer(815301076,1909f56bfc062723c751e8b465ee728b) [PhysX] Initialized MultithreadedTaskDispatcher with 8 workers.
[PhysX] Initialized MultithreadedTaskDispatcher with 8 workers.
 -> (artifact id: 'cc2fcd8a00a3614141128fecf09306d5') in 0.011440 seconds
Number of updated asset objects reloaded before import = 0
Number of asset objects unloaded after import = 3
========================================================================
Received Import Request.
  Time since last request: 0.000022 seconds.
  path: Assets/_Assets/kenney_ui-pack-adventure/PNG/Double/minimap_compass_future_s.png
  artifactKey: Guid(fa72054b99dd0bb4cbda5465cad2c7c1) Importer(815301076,1909f56bfc062723c751e8b465ee728b)
Start importing Assets/_Assets/kenney_ui-pack-adventure/PNG/Double/minimap_compass_future_s.png using Guid(fa72054b99dd0bb4cbda5465cad2c7c1) Importer(815301076,1909f56bfc062723c751e8b465ee728b) [PhysX] Initialized MultithreadedTaskDispatcher with 8 workers.
[PhysX] Initialized MultithreadedTaskDispatcher with 8 workers.
 -> (artifact id: '65041783603fb56d7707fa6b02ba29f4') in 0.013775 seconds
Number of updated asset objects reloaded before import = 0
Number of asset objects unloaded after import = 3
========================================================================
Received Import Request.
  Time since last request: 0.000572 seconds.
  path: Assets/_Assets/kenney_ui-pack-adventure/PNG/Double/minimap_compass_future_w.png
  artifactKey: Guid(94f17fc07f060a444b43f14233829f17) Importer(815301076,1909f56bfc062723c751e8b465ee728b)
Start importing Assets/_Assets/kenney_ui-pack-adventure/PNG/Double/minimap_compass_future_w.png using Guid(94f17fc07f060a444b43f14233829f17) Importer(815301076,1909f56bfc062723c751e8b465ee728b) [PhysX] Initialized MultithreadedTaskDispatcher with 8 workers.
[PhysX] Initialized MultithreadedTaskDispatcher with 8 workers.
 -> (artifact id: '2698b0d4b4886bc1d229686c1920b227') in 0.017111 seconds
Number of updated asset objects reloaded before import = 0
Number of asset objects unloaded after import = 3
========================================================================
Received Import Request.
  Time since last request: 0.013475 seconds.
  path: Assets/_Assets/kenney_ui-pack-adventure/PNG/Default/minimap_compass_toon_s.png
  artifactKey: Guid(b9b71054e6247004ea517557548581d3) Importer(815301076,1909f56bfc062723c751e8b465ee728b)
Start importing Assets/_Assets/kenney_ui-pack-adventure/PNG/Default/minimap_compass_toon_s.png using Guid(b9b71054e6247004ea517557548581d3) Importer(815301076,1909f56bfc062723c751e8b465ee728b) [PhysX] Initialized MultithreadedTaskDispatcher with 8 workers.
[PhysX] Initialized MultithreadedTaskDispatcher with 8 workers.
 -> (artifact id: 'bb9dc05cad506226a66b95ec21f1e082') in 0.011689 seconds
Number of updated asset objects reloaded before import = 0
Number of asset objects unloaded after import = 3
========================================================================
Received Import Request.
  Time since last request: 0.000017 seconds.
  path: Assets/_Assets/kenney_ui-pack-adventure/PNG/Double/minimap_icon_exclamation_red.png
  artifactKey: Guid(807ac88f70654fa47b1d0d5010064586) Importer(815301076,1909f56bfc062723c751e8b465ee728b)
Start importing Assets/_Assets/kenney_ui-pack-adventure/PNG/Double/minimap_icon_exclamation_red.png using Guid(807ac88f70654fa47b1d0d5010064586) Importer(815301076,1909f56bfc062723c751e8b465ee728b) [PhysX] Initialized MultithreadedTaskDispatcher with 8 workers.
[PhysX] Initialized MultithreadedTaskDispatcher with 8 workers.
 -> (artifact id: '1265e484ef59f248a3c21857f9a0a498') in 0.012648 seconds
Number of updated asset objects reloaded before import = 0
Number of asset objects unloaded after import = 3
========================================================================
Received Import Request.
  Time since last request: 0.000019 seconds.
  path: Assets/_Assets/kenney_ui-pack-adventure/PNG/Double/minimap_icon_exclamation_white.png
  artifactKey: Guid(8a3fe9241988ad44eb7e87e67a88ab1a) Importer(815301076,1909f56bfc062723c751e8b465ee728b)
Start importing Assets/_Assets/kenney_ui-pack-adventure/PNG/Double/minimap_icon_exclamation_white.png using Guid(8a3fe9241988ad44eb7e87e67a88ab1a) Importer(815301076,1909f56bfc062723c751e8b465ee728b) [PhysX] Initialized MultithreadedTaskDispatcher with 8 workers.
[PhysX] Initialized MultithreadedTaskDispatcher with 8 workers.
 -> (artifact id: '657bbba768f39e6f24fbf0895ea9d3e4') in 0.009815 seconds
Number of updated asset objects reloaded before import = 0
Number of asset objects unloaded after import = 3
========================================================================
Received Import Request.
  Time since last request: 0.000017 seconds.
  path: Assets/_Assets/kenney_ui-pack-adventure/PNG/Default/minimap_icon_exclamation_white.png
  artifactKey: Guid(43fc1fb1e1e19b441a2ad88fc44e0196) Importer(815301076,1909f56bfc062723c751e8b465ee728b)
Start importing Assets/_Assets/kenney_ui-pack-adventure/PNG/Default/minimap_icon_exclamation_white.png using Guid(43fc1fb1e1e19b441a2ad88fc44e0196) Importer(815301076,1909f56bfc062723c751e8b465ee728b) [PhysX] Initialized MultithreadedTaskDispatcher with 8 workers.
[PhysX] Initialized MultithreadedTaskDispatcher with 8 workers.
 -> (artifact id: 'd992a1d33813ac341155c728b4d7f2ca') in 0.012411 seconds
Number of updated asset objects reloaded before import = 0
Number of asset objects unloaded after import = 3
========================================================================
Received Import Request.
  Time since last request: 0.386936 seconds.
  path: Assets/_Assets/kenney_ui-pack-adventure/PNG/Double/minimap_icon_star_white.png
  artifactKey: Guid(55ce50981795f124786a2abd115cd549) Importer(815301076,1909f56bfc062723c751e8b465ee728b)
Start importing Assets/_Assets/kenney_ui-pack-adventure/PNG/Double/minimap_icon_star_white.png using Guid(55ce50981795f124786a2abd115cd549) Importer(815301076,1909f56bfc062723c751e8b465ee728b) [PhysX] Initialized MultithreadedTaskDispatcher with 8 workers.
[PhysX] Initialized MultithreadedTaskDispatcher with 8 workers.
 -> (artifact id: '9d19626ff22c5368c6cf5efe69db6ccf') in 0.008117 seconds
Number of updated asset objects reloaded before import = 0
Number of asset objects unloaded after import = 3
========================================================================
Received Import Request.
  Time since last request: 0.000020 seconds.
  path: Assets/_Assets/kenney_ui-pack-adventure/PNG/Default/minimap_ring_brown.png
  artifactKey: Guid(9b6a5dd09a802a543a46cd50d24bb259) Importer(815301076,1909f56bfc062723c751e8b465ee728b)
Start importing Assets/_Assets/kenney_ui-pack-adventure/PNG/Default/minimap_ring_brown.png using Guid(9b6a5dd09a802a543a46cd50d24bb259) Importer(815301076,1909f56bfc062723c751e8b465ee728b) [PhysX] Initialized MultithreadedTaskDispatcher with 8 workers.
[PhysX] Initialized MultithreadedTaskDispatcher with 8 workers.
 -> (artifact id: '884a1b1232035344272d33b23a20d1c1') in 0.011625 seconds
Number of updated asset objects reloaded before import = 0
Number of asset objects unloaded after import = 3
========================================================================
Received Import Request.
  Time since last request: 0.000016 seconds.
  path: Assets/_Assets/kenney_ui-pack-adventure/PNG/Double/minimap_ring_brown_detail.png
  artifactKey: Guid(40ac20ddd126aa541a7e8772b73bc9fb) Importer(815301076,1909f56bfc062723c751e8b465ee728b)
Start importing Assets/_Assets/kenney_ui-pack-adventure/PNG/Double/minimap_ring_brown_detail.png using Guid(40ac20ddd126aa541a7e8772b73bc9fb) Importer(815301076,1909f56bfc062723c751e8b465ee728b) [PhysX] Initialized MultithreadedTaskDispatcher with 8 workers.
[PhysX] Initialized MultithreadedTaskDispatcher with 8 workers.
 -> (artifact id: '8d3fb5685aced4607240ecf3adb74bc5') in 0.014830 seconds
Number of updated asset objects reloaded before import = 0
Number of asset objects unloaded after import = 3
========================================================================
Received Import Request.
  Time since last request: 0.000054 seconds.
  path: Assets/_Assets/kenney_ui-pack-adventure/PNG/Default/minimap_ring_grey.png
  artifactKey: Guid(8203d011304563f46bee2d1b2e313765) Importer(815301076,1909f56bfc062723c751e8b465ee728b)
Start importing Assets/_Assets/kenney_ui-pack-adventure/PNG/Default/minimap_ring_grey.png using Guid(8203d011304563f46bee2d1b2e313765) Importer(815301076,1909f56bfc062723c751e8b465ee728b) [PhysX] Initialized MultithreadedTaskDispatcher with 8 workers.
[PhysX] Initialized MultithreadedTaskDispatcher with 8 workers.
 -> (artifact id: '3da0c1669526a37cf2b04d20d0b3d491') in 0.012431 seconds
Number of updated asset objects reloaded before import = 0
Number of asset objects unloaded after import = 3
========================================================================
Received Import Request.
  Time since last request: 0.000029 seconds.
  path: Assets/_Assets/kenney_ui-pack-adventure/PNG/Double/panel_border_grey_detail.png
  artifactKey: Guid(c25169da98fb040458bb381e2e01292c) Importer(815301076,1909f56bfc062723c751e8b465ee728b)
Start importing Assets/_Assets/kenney_ui-pack-adventure/PNG/Double/panel_border_grey_detail.png using Guid(c25169da98fb040458bb381e2e01292c) Importer(815301076,1909f56bfc062723c751e8b465ee728b) [PhysX] Initialized MultithreadedTaskDispatcher with 8 workers.
[PhysX] Initialized MultithreadedTaskDispatcher with 8 workers.
 -> (artifact id: '7040721aadf150bd17fd36690c4e4502') in 0.013118 seconds
Number of updated asset objects reloaded before import = 0
Number of asset objects unloaded after import = 3
========================================================================
Received Import Request.
  Time since last request: 0.000017 seconds.
  path: Assets/_Assets/kenney_ui-pack-adventure/PNG/Default/panel_brown.png
  artifactKey: Guid(8f5bce09499b1484c9a4a357b546bb5b) Importer(815301076,1909f56bfc062723c751e8b465ee728b)
Start importing Assets/_Assets/kenney_ui-pack-adventure/PNG/Default/panel_brown.png using Guid(8f5bce09499b1484c9a4a357b546bb5b) Importer(815301076,1909f56bfc062723c751e8b465ee728b) [PhysX] Initialized MultithreadedTaskDispatcher with 8 workers.
[PhysX] Initialized MultithreadedTaskDispatcher with 8 workers.
 -> (artifact id: '8726ecfc14becb6e2b7cd68969998690') in 0.014792 seconds
Number of updated asset objects reloaded before import = 0
Number of asset objects unloaded after import = 3
========================================================================
Received Import Request.
  Time since last request: 0.000014 seconds.
  path: Assets/_Assets/kenney_ui-pack-adventure/PNG/Default/panel_border_grey_detail.png
  artifactKey: Guid(f230c39df638d6f4b8db9c2ba4784dc4) Importer(815301076,1909f56bfc062723c751e8b465ee728b)
Start importing Assets/_Assets/kenney_ui-pack-adventure/PNG/Default/panel_border_grey_detail.png using Guid(f230c39df638d6f4b8db9c2ba4784dc4) Importer(815301076,1909f56bfc062723c751e8b465ee728b) [PhysX] Initialized MultithreadedTaskDispatcher with 8 workers.
[PhysX] Initialized MultithreadedTaskDispatcher with 8 workers.
 -> (artifact id: 'a963195c627a1d202d1106c712cd3381') in 0.010690 seconds
Number of updated asset objects reloaded before import = 0
Number of asset objects unloaded after import = 3
========================================================================
Received Import Request.
  Time since last request: 0.000018 seconds.
  path: Assets/_Assets/kenney_ui-pack-adventure/PNG/Double/panel_brown_arrows_detail.png
  artifactKey: Guid(27608534fd0d18e4cbe2eb3add3fd648) Importer(815301076,1909f56bfc062723c751e8b465ee728b)
Start importing Assets/_Assets/kenney_ui-pack-adventure/PNG/Double/panel_brown_arrows_detail.png using Guid(27608534fd0d18e4cbe2eb3add3fd648) Importer(815301076,1909f56bfc062723c751e8b465ee728b) [PhysX] Initialized MultithreadedTaskDispatcher with 8 workers.
[PhysX] Initialized MultithreadedTaskDispatcher with 8 workers.
 -> (artifact id: '19495358e72d516a1cf1dcc9f512aff2') in 0.012579 seconds
Number of updated asset objects reloaded before import = 0
Number of asset objects unloaded after import = 3
========================================================================
Received Import Request.
  Time since last request: 0.000015 seconds.
  path: Assets/_Assets/kenney_ui-pack-adventure/PNG/Double/panel_brown_dark.png
  artifactKey: Guid(74093765b8a12ac40acf36926c55781c) Importer(815301076,1909f56bfc062723c751e8b465ee728b)
Start importing Assets/_Assets/kenney_ui-pack-adventure/PNG/Double/panel_brown_dark.png using Guid(74093765b8a12ac40acf36926c55781c) Importer(815301076,1909f56bfc062723c751e8b465ee728b) [PhysX] Initialized MultithreadedTaskDispatcher with 8 workers.
[PhysX] Initialized MultithreadedTaskDispatcher with 8 workers.
 -> (artifact id: '2cb7e7ec9910c4220d950df5987837b0') in 0.015096 seconds
Number of updated asset objects reloaded before import = 0
Number of asset objects unloaded after import = 3
========================================================================
Received Import Request.
  Time since last request: 0.000017 seconds.
  path: Assets/_Assets/kenney_ui-pack-adventure/PNG/Default/panel_brown_arrows_detail.png
  artifactKey: Guid(7a2b055fd7ee7004aa9afc1152220637) Importer(815301076,1909f56bfc062723c751e8b465ee728b)
Start importing Assets/_Assets/kenney_ui-pack-adventure/PNG/Default/panel_brown_arrows_detail.png using Guid(7a2b055fd7ee7004aa9afc1152220637) Importer(815301076,1909f56bfc062723c751e8b465ee728b) [PhysX] Initialized MultithreadedTaskDispatcher with 8 workers.
[PhysX] Initialized MultithreadedTaskDispatcher with 8 workers.
 -> (artifact id: 'c6095f9b87649fa04dc9fa43380ee751') in 0.013242 seconds
Number of updated asset objects reloaded before import = 0
Number of asset objects unloaded after import = 3
========================================================================
Received Import Request.
  Time since last request: 0.000023 seconds.
  path: Assets/_Assets/kenney_ui-pack-adventure/PNG/Double/panel_grey_bolts_blue.png
  artifactKey: Guid(89c846667c2f8bc4e87acf8c331dcf41) Importer(815301076,1909f56bfc062723c751e8b465ee728b)
Start importing Assets/_Assets/kenney_ui-pack-adventure/PNG/Double/panel_grey_bolts_blue.png using Guid(89c846667c2f8bc4e87acf8c331dcf41) Importer(815301076,1909f56bfc062723c751e8b465ee728b) [PhysX] Initialized MultithreadedTaskDispatcher with 8 workers.
[PhysX] Initialized MultithreadedTaskDispatcher with 8 workers.
 -> (artifact id: 'f3deca67ead3db10e6bae978c4949872') in 0.014472 seconds
Number of updated asset objects reloaded before import = 0
Number of asset objects unloaded after import = 3
========================================================================
Received Import Request.
  Time since last request: 0.000066 seconds.
  path: Assets/_Assets/kenney_ui-pack-adventure/PNG/Default/panel_grey_bolts_detail_b.png
  artifactKey: Guid(a7129ce7f32ab38478d1f23cb9fc10c8) Importer(815301076,1909f56bfc062723c751e8b465ee728b)
Start importing Assets/_Assets/kenney_ui-pack-adventure/PNG/Default/panel_grey_bolts_detail_b.png using Guid(a7129ce7f32ab38478d1f23cb9fc10c8) Importer(815301076,1909f56bfc062723c751e8b465ee728b) [PhysX] Initialized MultithreadedTaskDispatcher with 8 workers.
[PhysX] Initialized MultithreadedTaskDispatcher with 8 workers.
 -> (artifact id: 'e7354336c9d217333fbf72d380ed1634') in 0.013440 seconds
Number of updated asset objects reloaded before import = 0
Number of asset objects unloaded after import = 3
========================================================================
Received Import Request.
  Time since last request: 0.000016 seconds.
  path: Assets/_Assets/kenney_ui-pack-adventure/PNG/Double/panel_brown_arrows.png
  artifactKey: Guid(1518271d48198ff4086ec456c0bd348c) Importer(815301076,1909f56bfc062723c751e8b465ee728b)
Start importing Assets/_Assets/kenney_ui-pack-adventure/PNG/Double/panel_brown_arrows.png using Guid(1518271d48198ff4086ec456c0bd348c) Importer(815301076,1909f56bfc062723c751e8b465ee728b) [PhysX] Initialized MultithreadedTaskDispatcher with 8 workers.
[PhysX] Initialized MultithreadedTaskDispatcher with 8 workers.
 -> (artifact id: '6e21712e01ce88f8ad9b8a088416aa56') in 0.008949 seconds
Number of updated asset objects reloaded before import = 0
Number of asset objects unloaded after import = 3
========================================================================
Received Import Request.
  Time since last request: 0.000014 seconds.
  path: Assets/_Assets/kenney_ui-pack-adventure/PNG/Default/panel_grey_dark.png
  artifactKey: Guid(71a501fb670605142bccf3c7d22ada3d) Importer(815301076,1909f56bfc062723c751e8b465ee728b)
Start importing Assets/_Assets/kenney_ui-pack-adventure/PNG/Default/panel_grey_dark.png using Guid(71a501fb670605142bccf3c7d22ada3d) Importer(815301076,1909f56bfc062723c751e8b465ee728b) [PhysX] Initialized MultithreadedTaskDispatcher with 8 workers.
[PhysX] Initialized MultithreadedTaskDispatcher with 8 workers.
 -> (artifact id: 'ec99a52bd4eaac4ff0dc1b8e0389c554') in 0.008892 seconds
Number of updated asset objects reloaded before import = 0
Number of asset objects unloaded after import = 3
========================================================================
Received Import Request.
  Time since last request: 0.000017 seconds.
  path: Assets/_Assets/kenney_ui-pack-rpg-expansion/PNG/panelInset_blue.png
  artifactKey: Guid(8d9ea2878c016e840969f35f79e25506) Importer(815301076,1909f56bfc062723c751e8b465ee728b)
Start importing Assets/_Assets/kenney_ui-pack-rpg-expansion/PNG/panelInset_blue.png using Guid(8d9ea2878c016e840969f35f79e25506) Importer(815301076,1909f56bfc062723c751e8b465ee728b) [PhysX] Initialized MultithreadedTaskDispatcher with 8 workers.
[PhysX] Initialized MultithreadedTaskDispatcher with 8 workers.
 -> (artifact id: '91cf25eec3efc888798fc39208943f2a') in 0.012485 seconds
Number of updated asset objects reloaded before import = 0
Number of asset objects unloaded after import = 3
========================================================================
Received Import Request.
  Time since last request: 0.000022 seconds.
  path: Assets/_Assets/kenney_ui-pack-rpg-expansion/PNG/panelInset_beigeLight.png
  artifactKey: Guid(bbfa363322cb1b644958584d6c6c80f3) Importer(815301076,1909f56bfc062723c751e8b465ee728b)
Start importing Assets/_Assets/kenney_ui-pack-rpg-expansion/PNG/panelInset_beigeLight.png using Guid(bbfa363322cb1b644958584d6c6c80f3) Importer(815301076,1909f56bfc062723c751e8b465ee728b) [PhysX] Initialized MultithreadedTaskDispatcher with 8 workers.
[PhysX] Initialized MultithreadedTaskDispatcher with 8 workers.
 -> (artifact id: '3304bff3f77b233a2d292cc80cdf309c') in 0.009830 seconds
Number of updated asset objects reloaded before import = 0
Number of asset objects unloaded after import = 3
========================================================================
Received Import Request.
  Time since last request: 0.000023 seconds.
  path: Assets/_Assets/kenney_ui-pack-adventure/PNG/Default/panel_grey_bolts_blue.png
  artifactKey: Guid(97393075cfe250849a1cb9b323e6ffe4) Importer(815301076,1909f56bfc062723c751e8b465ee728b)
Start importing Assets/_Assets/kenney_ui-pack-adventure/PNG/Default/panel_grey_bolts_blue.png using Guid(97393075cfe250849a1cb9b323e6ffe4) Importer(815301076,1909f56bfc062723c751e8b465ee728b) [PhysX] Initialized MultithreadedTaskDispatcher with 8 workers.
[PhysX] Initialized MultithreadedTaskDispatcher with 8 workers.
 -> (artifact id: 'f91812410d27eff59d14aadc3ff1849c') in 0.008011 seconds
Number of updated asset objects reloaded before import = 0
Number of asset objects unloaded after import = 3
========================================================================
Received Import Request.
  Time since last request: 0.000016 seconds.
  path: Assets/_Assets/kenney_ui-pack-adventure/PNG/Default/panel_brown_dark.png
  artifactKey: Guid(9c4480bd54d77094e80e48a8cc545999) Importer(815301076,1909f56bfc062723c751e8b465ee728b)
Start importing Assets/_Assets/kenney_ui-pack-adventure/PNG/Default/panel_brown_dark.png using Guid(9c4480bd54d77094e80e48a8cc545999) Importer(815301076,1909f56bfc062723c751e8b465ee728b) [PhysX] Initialized MultithreadedTaskDispatcher with 8 workers.
[PhysX] Initialized MultithreadedTaskDispatcher with 8 workers.
 -> (artifact id: 'c55b383cca5eebf3cfd05dc59561b885') in 0.011094 seconds
Number of updated asset objects reloaded before import = 0
Number of asset objects unloaded after import = 3
========================================================================
Received Import Request.
  Time since last request: 0.000116 seconds.
  path: Assets/_Assets/kenney_ui-pack-adventure/PNG/Double/panel_brown_corners_b.png
  artifactKey: Guid(1776dc0ef992d714db7f165b08550dd8) Importer(815301076,1909f56bfc062723c751e8b465ee728b)
Start importing Assets/_Assets/kenney_ui-pack-adventure/PNG/Double/panel_brown_corners_b.png using Guid(1776dc0ef992d714db7f165b08550dd8) Importer(815301076,1909f56bfc062723c751e8b465ee728b) [PhysX] Initialized MultithreadedTaskDispatcher with 8 workers.
[PhysX] Initialized MultithreadedTaskDispatcher with 8 workers.
 -> (artifact id: 'dcfaa7b52cad81fb27bc46809522658f') in 0.012109 seconds
Number of updated asset objects reloaded before import = 0
Number of asset objects unloaded after import = 3
========================================================================
Received Import Request.
  Time since last request: 0.000015 seconds.
  path: Assets/_Assets/kenney_ui-pack-adventure/PNG/Double/panel_brown_dark_corners_b.png
  artifactKey: Guid(ebd12142a9a6dfb45874efbf937c2938) Importer(815301076,1909f56bfc062723c751e8b465ee728b)
Start importing Assets/_Assets/kenney_ui-pack-adventure/PNG/Double/panel_brown_dark_corners_b.png using Guid(ebd12142a9a6dfb45874efbf937c2938) Importer(815301076,1909f56bfc062723c751e8b465ee728b) [PhysX] Initialized MultithreadedTaskDispatcher with 8 workers.
[PhysX] Initialized MultithreadedTaskDispatcher with 8 workers.
 -> (artifact id: 'e9945f7c40970f37c6bf216aecd0b372') in 0.014849 seconds
Number of updated asset objects reloaded before import = 0
Number of asset objects unloaded after import = 3
========================================================================
Received Import Request.
  Time since last request: 0.000019 seconds.
  path: Assets/_Assets/kenney_ui-pack-adventure/PNG/Default/panel_border_brown_detail.png
  artifactKey: Guid(9cbf99cdedcbece4182bf9f6f239127b) Importer(815301076,1909f56bfc062723c751e8b465ee728b)
Start importing Assets/_Assets/kenney_ui-pack-adventure/PNG/Default/panel_border_brown_detail.png using Guid(9cbf99cdedcbece4182bf9f6f239127b) Importer(815301076,1909f56bfc062723c751e8b465ee728b) [PhysX] Initialized MultithreadedTaskDispatcher with 8 workers.
[PhysX] Initialized MultithreadedTaskDispatcher with 8 workers.
 -> (artifact id: 'cbb197d3bec1f7d28a941cadd30808b4') in 0.014051 seconds
Number of updated asset objects reloaded before import = 0
Number of asset objects unloaded after import = 3
========================================================================
Received Import Request.
  Time since last request: 0.535664 seconds.
  path: Assets/_Assets/kenney_ui-pack-adventure/PNG/Double/pattern_diagonal_grey_small.png
  artifactKey: Guid(0de04ca2568e5ed46a424456245eb8fc) Importer(815301076,1909f56bfc062723c751e8b465ee728b)
Start importing Assets/_Assets/kenney_ui-pack-adventure/PNG/Double/pattern_diagonal_grey_small.png using Guid(0de04ca2568e5ed46a424456245eb8fc) Importer(815301076,1909f56bfc062723c751e8b465ee728b) [PhysX] Initialized MultithreadedTaskDispatcher with 8 workers.
[PhysX] Initialized MultithreadedTaskDispatcher with 8 workers.
 -> (artifact id: '7ae33fd6255f602142eff6fe79e9711f') in 0.007259 seconds
Number of updated asset objects reloaded before import = 0
Number of asset objects unloaded after import = 3
========================================================================
Received Import Request.
  Time since last request: 0.000021 seconds.
  path: Assets/_Assets/kenney_ui-pack-adventure/PNG/Default/pattern_diagonal_transparent_small.png
  artifactKey: Guid(99ef2723e7a280c4399660b85410425d) Importer(815301076,1909f56bfc062723c751e8b465ee728b)
Start importing Assets/_Assets/kenney_ui-pack-adventure/PNG/Default/pattern_diagonal_transparent_small.png using Guid(99ef2723e7a280c4399660b85410425d) Importer(815301076,1909f56bfc062723c751e8b465ee728b) [PhysX] Initialized MultithreadedTaskDispatcher with 8 workers.
[PhysX] Initialized MultithreadedTaskDispatcher with 8 workers.
 -> (artifact id: 'd86c56e90298c4d27a6828ed2418fb45') in 0.009277 seconds
Number of updated asset objects reloaded before import = 0
Number of asset objects unloaded after import = 3
========================================================================
Received Import Request.
  Time since last request: 0.000017 seconds.
  path: Assets/_Assets/kenney_ui-pack-adventure/PNG/Double/pattern_diagonal_red_small.png
  artifactKey: Guid(3662be6cb44de3648b2065f682c6fe7f) Importer(815301076,1909f56bfc062723c751e8b465ee728b)
Start importing Assets/_Assets/kenney_ui-pack-adventure/PNG/Double/pattern_diagonal_red_small.png using Guid(3662be6cb44de3648b2065f682c6fe7f) Importer(815301076,1909f56bfc062723c751e8b465ee728b) [PhysX] Initialized MultithreadedTaskDispatcher with 8 workers.
[PhysX] Initialized MultithreadedTaskDispatcher with 8 workers.
 -> (artifact id: '33ae0da4fe2513fb6bffaa5ff2ec79d1') in 0.009843 seconds
Number of updated asset objects reloaded before import = 0
Number of asset objects unloaded after import = 3
========================================================================
Received Import Request.
  Time since last request: 0.000014 seconds.
  path: Assets/_Assets/kenney_ui-pack-adventure/PNG/Double/pattern_diagonal_red_large.png
  artifactKey: Guid(98879c83f070b7c43b3332b440279cd0) Importer(815301076,1909f56bfc062723c751e8b465ee728b)
Start importing Assets/_Assets/kenney_ui-pack-adventure/PNG/Double/pattern_diagonal_red_large.png using Guid(98879c83f070b7c43b3332b440279cd0) Importer(815301076,1909f56bfc062723c751e8b465ee728b) [PhysX] Initialized MultithreadedTaskDispatcher with 8 workers.
[PhysX] Initialized MultithreadedTaskDispatcher with 8 workers.
 -> (artifact id: '751aa13c6136466eb82e60cfa1399f9b') in 0.008211 seconds
Number of updated asset objects reloaded before import = 0
Number of asset objects unloaded after import = 3
========================================================================
Received Import Request.
  Time since last request: 0.033283 seconds.
  path: Assets/_Assets/kenney_ui-pack-adventure/PNG/Default/progress_blue_border.png
  artifactKey: Guid(f0fc96b3199c3e94bb2826bf2455ba9e) Importer(815301076,1909f56bfc062723c751e8b465ee728b)
Start importing Assets/_Assets/kenney_ui-pack-adventure/PNG/Default/progress_blue_border.png using Guid(f0fc96b3199c3e94bb2826bf2455ba9e) Importer(815301076,1909f56bfc062723c751e8b465ee728b) [PhysX] Initialized MultithreadedTaskDispatcher with 8 workers.
[PhysX] Initialized MultithreadedTaskDispatcher with 8 workers.
 -> (artifact id: '36f74b3f8036f08957ac8fdc9de389b6') in 0.007198 seconds
Number of updated asset objects reloaded before import = 0
Number of asset objects unloaded after import = 3
========================================================================
Received Import Request.
  Time since last request: 0.000017 seconds.
  path: Assets/_Assets/kenney_ui-pack-adventure/PNG/Default/progress_blue_small.png
  artifactKey: Guid(dbe24a6de93410e47b20e95a78dcfe76) Importer(815301076,1909f56bfc062723c751e8b465ee728b)
Start importing Assets/_Assets/kenney_ui-pack-adventure/PNG/Default/progress_blue_small.png using Guid(dbe24a6de93410e47b20e95a78dcfe76) Importer(815301076,1909f56bfc062723c751e8b465ee728b) [PhysX] Initialized MultithreadedTaskDispatcher with 8 workers.
[PhysX] Initialized MultithreadedTaskDispatcher with 8 workers.
 -> (artifact id: '9c3a1800fa25031fc2f63ed8f26d990c') in 0.011237 seconds
Number of updated asset objects reloaded before import = 0
Number of asset objects unloaded after import = 3
========================================================================
Received Import Request.
  Time since last request: 0.000025 seconds.
  path: Assets/_Assets/kenney_ui-pack-adventure/PNG/Default/progress_blue_small_border.png
  artifactKey: Guid(d18765bc217b7f445864f22e8e7a6c74) Importer(815301076,1909f56bfc062723c751e8b465ee728b)
Start importing Assets/_Assets/kenney_ui-pack-adventure/PNG/Default/progress_blue_small_border.png using Guid(d18765bc217b7f445864f22e8e7a6c74) Importer(815301076,1909f56bfc062723c751e8b465ee728b) [PhysX] Initialized MultithreadedTaskDispatcher with 8 workers.
[PhysX] Initialized MultithreadedTaskDispatcher with 8 workers.
 -> (artifact id: 'f29d2a5236c9d513208f7ee2e7a9fc1b') in 0.008686 seconds
Number of updated asset objects reloaded before import = 0
Number of asset objects unloaded after import = 3
========================================================================
Received Import Request.
  Time since last request: 0.000015 seconds.
  path: Assets/_Assets/kenney_ui-pack-adventure/PNG/Double/progress_blue_small.png
  artifactKey: Guid(ad2e5551bd299364aa3e1d60c5d60ed1) Importer(815301076,1909f56bfc062723c751e8b465ee728b)
Start importing Assets/_Assets/kenney_ui-pack-adventure/PNG/Double/progress_blue_small.png using Guid(ad2e5551bd299364aa3e1d60c5d60ed1) Importer(815301076,1909f56bfc062723c751e8b465ee728b) [PhysX] Initialized MultithreadedTaskDispatcher with 8 workers.
[PhysX] Initialized MultithreadedTaskDispatcher with 8 workers.
 -> (artifact id: 'dd407580e97d2d4f8fdfb587f4099420') in 0.010318 seconds
Number of updated asset objects reloaded before import = 0
Number of asset objects unloaded after import = 3
Editor requested this worker to shutdown with reason: Scaling down because of idle timeout
TcpMessagingSession - receive error
AssetImportWorkerClient::OnTransportError - code=2 error=End of file
AssetImportWorker is now disconnected from the server
Process exiting
Exiting without the bug reporter. Application will terminate with return code 0