Using pre-set license
Built from '2022.3/staging' branch; Version is '2022.3.41f1 (0f988161febf) revision 1022081'; Using compiler version '192829333'; Build Type 'Release'
OS: 'Windows 10  (10.0.19045) 64bit Education' Language: 'en' Physical Memory: 65470 MB
BatchMode: 1, IsHumanControllingUs: 0, StartBugReporterOnCrash: 0, Is64bit: 1, IsPro: 1

COMMAND LINE ARGUMENTS:
C:\Program Files\Unity\Hub\Editor\2022.3.41f1\Editor\Unity.exe
-adb2
-batchMode
-noUpm
-name
AssetImportWorker0
-projectPath
C:/Users/Austin/Documents/GitHub/DungeonDefense/Dungeon Defense
-logFile
Logs/AssetImportWorker0.log
-srvPort
56174
Successfully changed project path to: C:/Users/Austin/Documents/GitHub/DungeonDefense/Dungeon Defense
C:/Users/Austin/Documents/GitHub/DungeonDefense/Dungeon Defense
[UnityMemory] Configuration Parameters - Can be set up in boot.config
    "memorysetup-bucket-allocator-granularity=16"
    "memorysetup-bucket-allocator-bucket-count=8"
    "memorysetup-bucket-allocator-block-size=33554432"
    "memorysetup-bucket-allocator-block-count=8"
    "memorysetup-main-allocator-block-size=16777216"
    "memorysetup-thread-allocator-block-size=16777216"
    "memorysetup-gfx-main-allocator-block-size=16777216"
    "memorysetup-gfx-thread-allocator-block-size=16777216"
    "memorysetup-cache-allocator-block-size=4194304"
    "memorysetup-typetree-allocator-block-size=2097152"
    "memorysetup-profiler-bucket-allocator-granularity=16"
    "memorysetup-profiler-bucket-allocator-bucket-count=8"
    "memorysetup-profiler-bucket-allocator-block-size=33554432"
    "memorysetup-profiler-bucket-allocator-block-count=8"
    "memorysetup-profiler-allocator-block-size=16777216"
    "memorysetup-profiler-editor-allocator-block-size=1048576"
    "memorysetup-temp-allocator-size-main=16777216"
    "memorysetup-job-temp-allocator-block-size=2097152"
    "memorysetup-job-temp-allocator-block-size-background=1048576"
    "memorysetup-job-temp-allocator-reduction-small-platforms=262144"
    "memorysetup-allocator-temp-initial-block-size-main=262144"
    "memorysetup-allocator-temp-initial-block-size-worker=262144"
    "memorysetup-temp-allocator-size-background-worker=32768"
    "memorysetup-temp-allocator-size-job-worker=262144"
    "memorysetup-temp-allocator-size-preload-manager=33554432"
    "memorysetup-temp-allocator-size-nav-mesh-worker=65536"
    "memorysetup-temp-allocator-size-audio-worker=65536"
    "memorysetup-temp-allocator-size-cloud-worker=32768"
    "memorysetup-temp-allocator-size-gi-baking-worker=262144"
    "memorysetup-temp-allocator-size-gfx=262144"
Player connection [28088]  Target information:

Player connection [28088]  * "[IP] 192.168.1.11 [Port] 0 [Flags] 2 [Guid] 4162815317 [EditorId] 4162815317 [Version] 1048832 [Id] WindowsEditor(7,Aroshia-Desktop) [Debug] 1 [PackageName] WindowsEditor [ProjectName] Editor" 

Player connection [28088]  * "[IP] 192.168.153.1 [Port] 0 [Flags] 2 [Guid] 4162815317 [EditorId] 4162815317 [Version] 1048832 [Id] WindowsEditor(7,Aroshia-Desktop) [Debug] 1 [PackageName] WindowsEditor [ProjectName] Editor" 

Player connection [28088]  * "[IP] 192.168.10.1 [Port] 0 [Flags] 2 [Guid] 4162815317 [EditorId] 4162815317 [Version] 1048832 [Id] WindowsEditor(7,Aroshia-Desktop) [Debug] 1 [PackageName] WindowsEditor [ProjectName] Editor" 

Player connection [28088]  * "[IP] 169.254.188.30 [Port] 0 [Flags] 2 [Guid] 4162815317 [EditorId] 4162815317 [Version] 1048832 [Id] WindowsEditor(7,Aroshia-Desktop) [Debug] 1 [PackageName] WindowsEditor [ProjectName] Editor" 

Player connection [28088] Host joined multi-casting on [225.0.0.222:54997]...
Player connection [28088] Host joined alternative multi-casting on [225.0.0.222:34997]...
[PhysX] Initialized MultithreadedTaskDispatcher with 8 workers.
Refreshing native plugins compatible for Editor in 15.74 ms, found 4 plugins.
Preloading 0 native plugins for Editor in 0.00 ms.
Initialize engine version: 2022.3.41f1 (0f988161febf)
[Subsystems] Discovering subsystems at path C:/Program Files/Unity/Hub/Editor/2022.3.41f1/Editor/Data/Resources/UnitySubsystems
[Subsystems] Discovering subsystems at path C:/Users/Austin/Documents/GitHub/DungeonDefense/Dungeon Defense/Assets
GfxDevice: creating device client; threaded=0; jobified=0
Direct3D:
    Version:  Direct3D 11.0 [level 11.1]
    Renderer: NVIDIA GeForce RTX 2070 SUPER (ID=0x1e84)
    Vendor:   NVIDIA
    VRAM:     7989 MB
    Driver:   32.0.15.8088
Initialize mono
Mono path[0] = 'C:/Program Files/Unity/Hub/Editor/2022.3.41f1/Editor/Data/Managed'
Mono path[1] = 'C:/Program Files/Unity/Hub/Editor/2022.3.41f1/Editor/Data/MonoBleedingEdge/lib/mono/unityjit-win32'
Mono config path = 'C:/Program Files/Unity/Hub/Editor/2022.3.41f1/Editor/Data/MonoBleedingEdge/etc'
Using monoOptions --debugger-agent=transport=dt_socket,embedding=1,server=y,suspend=n,address=127.0.0.1:56300
Begin MonoManager ReloadAssembly
Registering precompiled unity dll's ...
Register platform support module: C:/Program Files/Unity/Hub/Editor/2022.3.41f1/Editor/Data/PlaybackEngines/WebGLSupport/UnityEditor.WebGL.Extensions.dll
Register platform support module: C:/Program Files/Unity/Hub/Editor/2022.3.41f1/Editor/Data/PlaybackEngines/WindowsStandaloneSupport/UnityEditor.WindowsStandalone.Extensions.dll
Register platform support module: C:/Program Files/Unity/Hub/Editor/2022.3.41f1/Editor/Data/PlaybackEngines/MetroSupport/UnityEditor.UWP.Extensions.dll
Registered in 0.015472 seconds.
- Loaded All Assemblies, in  0.371 seconds
Native extension for UWP target not found
Native extension for WindowsStandalone target not found
Native extension for WebGL target not found
Mono: successfully reloaded assembly
- Finished resetting the current domain, in  0.257 seconds
Domain Reload Profiling: 625ms
	BeginReloadAssembly (115ms)
		ExecutionOrderSort (0ms)
		DisableScriptedObjects (0ms)
		BackupInstance (0ms)
		ReleaseScriptingObjects (0ms)
		CreateAndSetChildDomain (1ms)
	RebuildCommonClasses (33ms)
	RebuildNativeTypeToScriptingClass (12ms)
	initialDomainReloadingComplete (67ms)
	LoadAllAssembliesAndSetupDomain (141ms)
		LoadAssemblies (113ms)
		RebuildTransferFunctionScriptingTraits (0ms)
		AnalyzeDomain (139ms)
			TypeCache.Refresh (138ms)
				TypeCache.ScanAssembly (124ms)
			ScanForSourceGeneratedMonoScriptInfo (0ms)
			ResolveRequiredComponents (0ms)
	FinalizeReload (257ms)
		ReleaseScriptCaches (0ms)
		RebuildScriptCaches (0ms)
		SetupLoadedEditorAssemblies (213ms)
			LogAssemblyErrors (0ms)
			InitializePlatformSupportModulesInManaged (14ms)
			SetLoadedEditorAssemblies (5ms)
			RefreshPlugins (0ms)
			BeforeProcessingInitializeOnLoad (2ms)
			ProcessInitializeOnLoadAttributes (143ms)
			ProcessInitializeOnLoadMethodAttributes (49ms)
			AfterProcessingInitializeOnLoad (0ms)
			EditorAssembliesLoaded (0ms)
		ExecutionOrderSort2 (0ms)
		AwakeInstancesAfterBackupRestoration (0ms)
========================================================================
Worker process is ready to serve import requests
Caller must complete domain reload
Begin MonoManager ReloadAssembly
- Loaded All Assemblies, in  0.739 seconds
Native extension for UWP target not found
Native extension for WindowsStandalone target not found
Native extension for WebGL target not found
Package Manager log level set to [2]
[Package Manager] Server::EnsureServerProcessIsRunning -- launch failed, reason: Unity was launched with the -noUpm command-line argument
[Package Manager] UpmClient::Send -- Unable to send message (not connected to UPM process).
[Package Manager] Cannot connect to Unity Package Manager local server
Mono: successfully reloaded assembly
- Finished resetting the current domain, in  0.791 seconds
Domain Reload Profiling: 1524ms
	BeginReloadAssembly (147ms)
		ExecutionOrderSort (0ms)
		DisableScriptedObjects (5ms)
		BackupInstance (0ms)
		ReleaseScriptingObjects (0ms)
		CreateAndSetChildDomain (20ms)
	RebuildCommonClasses (31ms)
	RebuildNativeTypeToScriptingClass (10ms)
	initialDomainReloadingComplete (45ms)
	LoadAllAssembliesAndSetupDomain (500ms)
		LoadAssemblies (367ms)
		RebuildTransferFunctionScriptingTraits (0ms)
		AnalyzeDomain (222ms)
			TypeCache.Refresh (192ms)
				TypeCache.ScanAssembly (176ms)
			ScanForSourceGeneratedMonoScriptInfo (22ms)
			ResolveRequiredComponents (7ms)
	FinalizeReload (791ms)
		ReleaseScriptCaches (0ms)
		RebuildScriptCaches (0ms)
		SetupLoadedEditorAssemblies (632ms)
			LogAssemblyErrors (0ms)
			InitializePlatformSupportModulesInManaged (11ms)
			SetLoadedEditorAssemblies (3ms)
			RefreshPlugins (0ms)
			BeforeProcessingInitializeOnLoad (84ms)
			ProcessInitializeOnLoadAttributes (485ms)
			ProcessInitializeOnLoadMethodAttributes (36ms)
			AfterProcessingInitializeOnLoad (12ms)
			EditorAssembliesLoaded (0ms)
		ExecutionOrderSort2 (0ms)
		AwakeInstancesAfterBackupRestoration (6ms)
Launched and connected shader compiler UnityShaderCompiler.exe after 0.19 seconds
Refreshing native plugins compatible for Editor in 11.08 ms, found 4 plugins.
Preloading 0 native plugins for Editor in 0.00 ms.
Unloading 4445 Unused Serialized files (Serialized files now loaded: 0)
Unloading 45 unused Assets / (113.3 KB). Loaded Objects now: 4941.
Memory consumption went from 170.5 MB to 170.4 MB.
Total: 3.349500 ms (FindLiveObjects: 0.334600 ms CreateObjectMapping: 0.318300 ms MarkObjects: 2.596800 ms  DeleteObjects: 0.098500 ms)

AssetImportParameters requested are different than current active one (requested -> active):
  custom:container-demuxer-ogg: 62fdf1f143b41e24485cea50d1cbac27 -> 
  custom:video-decoder-ogg-theora: a1e56fd34408186e4bbccfd4996cb3dc -> 
  custom:framework-win-MediaFoundation: 216162199b28c13a410421893ffa2e32 -> 
  custom:CustomObjectIndexerAttribute: 9a22284fe3817be447336de3de66b15e -> 
  custom:container-demuxer-webm: 4f35f7cbe854078d1ac9338744f61a02 -> 
  custom:container-muxer-webm: aa71ff27fc2769a1b78a27578f13a17b -> 
  custom:video-decoder-webm-vp8: 9c59270c3fd7afecdb556c50c9e8de78 -> 
  custom:SearchIndexIgnoredProperties: e643bd26f0fe6173181afceb89e7c659 -> 
  custom:AudioImporter_EditorPlatform: d09bf68614088b80899f8185d706f6e7 -> 
  custom:video-encoder-webm-vp8: eb34c28f22e8b96e1ab97ce403110664 -> 
  custom:audio-decoder-ogg-vorbis: bf7c407c2cedff20999df2af8eb42d56 -> 
  custom:audio-encoder-webm-vorbis: bf7c407c2cedff20999df2af8eb42d56 -> 
========================================================================
Received Import Request.
  Time since last request: 1768196.534740 seconds.
  path: Assets/_Scripts/PlayerController.cs
  artifactKey: Guid(6b8090602498dd647839b0cece30f300) Importer(815301076,1909f56bfc062723c751e8b465ee728b)
Start importing Assets/_Scripts/PlayerController.cs using Guid(6b8090602498dd647839b0cece30f300) Importer(815301076,1909f56bfc062723c751e8b465ee728b) [PhysX] Initialized MultithreadedTaskDispatcher with 8 workers.
 -> (artifact id: '6c5d802620c0f6f0d96e3db36baf4286') in 0.002831 seconds
Number of updated asset objects reloaded before import = 0
Number of asset objects unloaded after import = 0
========================================================================
Received Import Request.
  Time since last request: 283.262645 seconds.
  path: Assets/_Scripts/PlayerController.cs
  artifactKey: Guid(6b8090602498dd647839b0cece30f300) Importer(815301076,1909f56bfc062723c751e8b465ee728b)
Start importing Assets/_Scripts/PlayerController.cs using Guid(6b8090602498dd647839b0cece30f300) Importer(815301076,1909f56bfc062723c751e8b465ee728b) [PhysX] Initialized MultithreadedTaskDispatcher with 8 workers.
 -> (artifact id: 'f670a0fc35850582ae0fae8761f4a3bb') in 0.000566 seconds
Number of updated asset objects reloaded before import = 0
Number of asset objects unloaded after import = 0
========================================================================
Received Import Request.
  Time since last request: 584.641710 seconds.
  path: Assets/_Scripts/PlayerController.cs
  artifactKey: Guid(6b8090602498dd647839b0cece30f300) Importer(815301076,1909f56bfc062723c751e8b465ee728b)
Start importing Assets/_Scripts/PlayerController.cs using Guid(6b8090602498dd647839b0cece30f300) Importer(815301076,1909f56bfc062723c751e8b465ee728b) [PhysX] Initialized MultithreadedTaskDispatcher with 8 workers.
 -> (artifact id: '8ccffd033ba17b589ef5cd9032abac4e') in 0.000611 seconds
Number of updated asset objects reloaded before import = 0
Number of asset objects unloaded after import = 0
========================================================================
Received Prepare
Caller must complete domain reload
Begin MonoManager ReloadAssembly
- Loaded All Assemblies, in  1.686 seconds
Native extension for UWP target not found
Native extension for WindowsStandalone target not found
Native extension for WebGL target not found
[Package Manager] Server::EnsureServerProcessIsRunning -- launch failed, reason: Unity was launched with the -noUpm command-line argument
[Package Manager] UpmClient::Send -- Unable to send message (not connected to UPM process).
[Package Manager] Cannot connect to Unity Package Manager local server
Mono: successfully reloaded assembly
- Finished resetting the current domain, in  0.628 seconds
Domain Reload Profiling: 2308ms
	BeginReloadAssembly (1270ms)
		ExecutionOrderSort (0ms)
		DisableScriptedObjects (1101ms)
		BackupInstance (0ms)
		ReleaseScriptingObjects (0ms)
		CreateAndSetChildDomain (36ms)
	RebuildCommonClasses (32ms)
	RebuildNativeTypeToScriptingClass (10ms)
	initialDomainReloadingComplete (37ms)
	LoadAllAssembliesAndSetupDomain (330ms)
		LoadAssemblies (397ms)
		RebuildTransferFunctionScriptingTraits (0ms)
		AnalyzeDomain (29ms)
			TypeCache.Refresh (10ms)
				TypeCache.ScanAssembly (1ms)
			ScanForSourceGeneratedMonoScriptInfo (9ms)
			ResolveRequiredComponents (8ms)
	FinalizeReload (629ms)
		ReleaseScriptCaches (0ms)
		RebuildScriptCaches (0ms)
		SetupLoadedEditorAssemblies (463ms)
			LogAssemblyErrors (0ms)
			InitializePlatformSupportModulesInManaged (14ms)
			SetLoadedEditorAssemblies (4ms)
			RefreshPlugins (0ms)
			BeforeProcessingInitializeOnLoad (90ms)
			ProcessInitializeOnLoadAttributes (316ms)
			ProcessInitializeOnLoadMethodAttributes (29ms)
			AfterProcessingInitializeOnLoad (11ms)
			EditorAssembliesLoaded (0ms)
		ExecutionOrderSort2 (0ms)
		AwakeInstancesAfterBackupRestoration (13ms)
Refreshing native plugins compatible for Editor in 6.55 ms, found 4 plugins.
Preloading 0 native plugins for Editor in 0.00 ms.
Unloading 4418 Unused Serialized files (Serialized files now loaded: 0)
Unloading 21 unused Assets / (112.6 KB). Loaded Objects now: 4958.
Memory consumption went from 164.6 MB to 164.4 MB.
Total: 2.869200 ms (FindLiveObjects: 0.295400 ms CreateObjectMapping: 0.258700 ms MarkObjects: 2.255000 ms  DeleteObjects: 0.058900 ms)

Prepare: number of updated asset objects reloaded= 0
AssetImportParameters requested are different than current active one (requested -> active):
  custom:container-demuxer-ogg: 62fdf1f143b41e24485cea50d1cbac27 -> 
  custom:video-decoder-ogg-theora: a1e56fd34408186e4bbccfd4996cb3dc -> 
  custom:framework-win-MediaFoundation: 216162199b28c13a410421893ffa2e32 -> 
  custom:CustomObjectIndexerAttribute: 9a22284fe3817be447336de3de66b15e -> 
  custom:container-demuxer-webm: 4f35f7cbe854078d1ac9338744f61a02 -> 
  custom:container-muxer-webm: aa71ff27fc2769a1b78a27578f13a17b -> 
  custom:video-decoder-webm-vp8: 9c59270c3fd7afecdb556c50c9e8de78 -> 
  custom:SearchIndexIgnoredProperties: e643bd26f0fe6173181afceb89e7c659 -> 
  custom:AudioImporter_EditorPlatform: d09bf68614088b80899f8185d706f6e7 -> 
  custom:video-encoder-webm-vp8: eb34c28f22e8b96e1ab97ce403110664 -> 
  custom:audio-decoder-ogg-vorbis: bf7c407c2cedff20999df2af8eb42d56 -> 
  custom:audio-encoder-webm-vorbis: bf7c407c2cedff20999df2af8eb42d56 -> 
========================================================================
Received Import Request.
  Time since last request: 25.008312 seconds.
  path: Assets/_Scenes/MenuScene.unity
  artifactKey: Guid(2fe10a96d310f2a43a26efe84e497134) Importer(815301076,1909f56bfc062723c751e8b465ee728b)
Start importing Assets/_Scenes/MenuScene.unity using Guid(2fe10a96d310f2a43a26efe84e497134) Importer(815301076,1909f56bfc062723c751e8b465ee728b) [PhysX] Initialized MultithreadedTaskDispatcher with 8 workers.
 -> (artifact id: '3af9990ffb5631e9a31e98755fe39d5a') in 0.004516 seconds
Number of updated asset objects reloaded before import = 0
Number of asset objects unloaded after import = 0
========================================================================
Received Prepare
Caller must complete domain reload
Begin MonoManager ReloadAssembly
- Loaded All Assemblies, in  0.527 seconds
Native extension for UWP target not found
Native extension for WindowsStandalone target not found
Native extension for WebGL target not found
[Package Manager] Server::EnsureServerProcessIsRunning -- launch failed, reason: Unity was launched with the -noUpm command-line argument
[Package Manager] UpmClient::Send -- Unable to send message (not connected to UPM process).
[Package Manager] Cannot connect to Unity Package Manager local server
Mono: successfully reloaded assembly
- Finished resetting the current domain, in  1.192 seconds
Domain Reload Profiling: 1713ms
	BeginReloadAssembly (159ms)
		ExecutionOrderSort (0ms)
		DisableScriptedObjects (10ms)
		BackupInstance (0ms)
		ReleaseScriptingObjects (0ms)
		CreateAndSetChildDomain (31ms)
	RebuildCommonClasses (31ms)
	RebuildNativeTypeToScriptingClass (11ms)
	initialDomainReloadingComplete (34ms)
	LoadAllAssembliesAndSetupDomain (286ms)
		LoadAssemblies (356ms)
		RebuildTransferFunctionScriptingTraits (0ms)
		AnalyzeDomain (15ms)
			TypeCache.Refresh (7ms)
				TypeCache.ScanAssembly (0ms)
			ScanForSourceGeneratedMonoScriptInfo (0ms)
			ResolveRequiredComponents (7ms)
	FinalizeReload (1193ms)
		ReleaseScriptCaches (0ms)
		RebuildScriptCaches (0ms)
		SetupLoadedEditorAssemblies (482ms)
			LogAssemblyErrors (0ms)
			InitializePlatformSupportModulesInManaged (12ms)
			SetLoadedEditorAssemblies (4ms)
			RefreshPlugins (0ms)
			BeforeProcessingInitializeOnLoad (87ms)
			ProcessInitializeOnLoadAttributes (332ms)
			ProcessInitializeOnLoadMethodAttributes (33ms)
			AfterProcessingInitializeOnLoad (14ms)
			EditorAssembliesLoaded (0ms)
		ExecutionOrderSort2 (0ms)
		AwakeInstancesAfterBackupRestoration (13ms)
Refreshing native plugins compatible for Editor in 8.11 ms, found 4 plugins.
Preloading 0 native plugins for Editor in 0.00 ms.
Unloading 4418 Unused Serialized files (Serialized files now loaded: 0)
Unloading 21 unused Assets / (112.6 KB). Loaded Objects now: 4974.
Memory consumption went from 164.6 MB to 164.5 MB.
Total: 3.635200 ms (FindLiveObjects: 0.343700 ms CreateObjectMapping: 0.296000 ms MarkObjects: 2.935300 ms  DeleteObjects: 0.059100 ms)

Prepare: number of updated asset objects reloaded= 0
AssetImportParameters requested are different than current active one (requested -> active):
  custom:container-demuxer-ogg: 62fdf1f143b41e24485cea50d1cbac27 -> 
  custom:video-decoder-ogg-theora: a1e56fd34408186e4bbccfd4996cb3dc -> 
  custom:framework-win-MediaFoundation: 216162199b28c13a410421893ffa2e32 -> 
  custom:CustomObjectIndexerAttribute: 9a22284fe3817be447336de3de66b15e -> 
  custom:container-demuxer-webm: 4f35f7cbe854078d1ac9338744f61a02 -> 
  custom:container-muxer-webm: aa71ff27fc2769a1b78a27578f13a17b -> 
  custom:video-decoder-webm-vp8: 9c59270c3fd7afecdb556c50c9e8de78 -> 
  custom:SearchIndexIgnoredProperties: e643bd26f0fe6173181afceb89e7c659 -> 
  custom:AudioImporter_EditorPlatform: d09bf68614088b80899f8185d706f6e7 -> 
  custom:video-encoder-webm-vp8: eb34c28f22e8b96e1ab97ce403110664 -> 
  custom:audio-decoder-ogg-vorbis: bf7c407c2cedff20999df2af8eb42d56 -> 
  custom:audio-encoder-webm-vorbis: bf7c407c2cedff20999df2af8eb42d56 -> 
========================================================================
Received Prepare
Caller must complete domain reload
Begin MonoManager ReloadAssembly
- Loaded All Assemblies, in  0.985 seconds
Native extension for UWP target not found
Native extension for WindowsStandalone target not found
Native extension for WebGL target not found
[Package Manager] Server::EnsureServerProcessIsRunning -- launch failed, reason: Unity was launched with the -noUpm command-line argument
[Package Manager] UpmClient::Send -- Unable to send message (not connected to UPM process).
[Package Manager] Cannot connect to Unity Package Manager local server
Mono: successfully reloaded assembly
- Finished resetting the current domain, in  1.113 seconds
Domain Reload Profiling: 2092ms
	BeginReloadAssembly (153ms)
		ExecutionOrderSort (0ms)
		DisableScriptedObjects (10ms)
		BackupInstance (0ms)
		ReleaseScriptingObjects (0ms)
		CreateAndSetChildDomain (29ms)
	RebuildCommonClasses (30ms)
	RebuildNativeTypeToScriptingClass (10ms)
	initialDomainReloadingComplete (33ms)
	LoadAllAssembliesAndSetupDomain (753ms)
		LoadAssemblies (345ms)
		RebuildTransferFunctionScriptingTraits (0ms)
		AnalyzeDomain (490ms)
			TypeCache.Refresh (453ms)
				TypeCache.ScanAssembly (1ms)
			ScanForSourceGeneratedMonoScriptInfo (26ms)
			ResolveRequiredComponents (9ms)
	FinalizeReload (1114ms)
		ReleaseScriptCaches (0ms)
		RebuildScriptCaches (0ms)
		SetupLoadedEditorAssemblies (439ms)
			LogAssemblyErrors (0ms)
			InitializePlatformSupportModulesInManaged (11ms)
			SetLoadedEditorAssemblies (3ms)
			RefreshPlugins (0ms)
			BeforeProcessingInitializeOnLoad (82ms)
			ProcessInitializeOnLoadAttributes (303ms)
			ProcessInitializeOnLoadMethodAttributes (29ms)
			AfterProcessingInitializeOnLoad (11ms)
			EditorAssembliesLoaded (0ms)
		ExecutionOrderSort2 (0ms)
		AwakeInstancesAfterBackupRestoration (14ms)
Refreshing native plugins compatible for Editor in 6.62 ms, found 4 plugins.
Preloading 0 native plugins for Editor in 0.00 ms.
Unloading 4419 Unused Serialized files (Serialized files now loaded: 0)
Unloading 21 unused Assets / (112.5 KB). Loaded Objects now: 4990.
Memory consumption went from 164.8 MB to 164.7 MB.
Total: 3.096300 ms (FindLiveObjects: 0.278100 ms CreateObjectMapping: 0.245000 ms MarkObjects: 2.513500 ms  DeleteObjects: 0.058400 ms)

Prepare: number of updated asset objects reloaded= 0
AssetImportParameters requested are different than current active one (requested -> active):
  custom:container-demuxer-ogg: 62fdf1f143b41e24485cea50d1cbac27 -> 
  custom:video-decoder-ogg-theora: a1e56fd34408186e4bbccfd4996cb3dc -> 
  custom:framework-win-MediaFoundation: 216162199b28c13a410421893ffa2e32 -> 
  custom:CustomObjectIndexerAttribute: 9a22284fe3817be447336de3de66b15e -> 
  custom:container-demuxer-webm: 4f35f7cbe854078d1ac9338744f61a02 -> 
  custom:container-muxer-webm: aa71ff27fc2769a1b78a27578f13a17b -> 
  custom:video-decoder-webm-vp8: 9c59270c3fd7afecdb556c50c9e8de78 -> 
  custom:SearchIndexIgnoredProperties: e643bd26f0fe6173181afceb89e7c659 -> 
  custom:AudioImporter_EditorPlatform: d09bf68614088b80899f8185d706f6e7 -> 
  custom:video-encoder-webm-vp8: eb34c28f22e8b96e1ab97ce403110664 -> 
  custom:audio-decoder-ogg-vorbis: bf7c407c2cedff20999df2af8eb42d56 -> 
  custom:audio-encoder-webm-vorbis: bf7c407c2cedff20999df2af8eb42d56 -> 
========================================================================
Received Prepare
Caller must complete domain reload
Begin MonoManager ReloadAssembly
- Loaded All Assemblies, in  0.509 seconds
Native extension for UWP target not found
Native extension for WindowsStandalone target not found
Native extension for WebGL target not found
[Package Manager] Server::EnsureServerProcessIsRunning -- launch failed, reason: Unity was launched with the -noUpm command-line argument
[Package Manager] UpmClient::Send -- Unable to send message (not connected to UPM process).
[Package Manager] Cannot connect to Unity Package Manager local server
Mono: successfully reloaded assembly
- Finished resetting the current domain, in  1.172 seconds
Domain Reload Profiling: 1675ms
	BeginReloadAssembly (157ms)
		ExecutionOrderSort (0ms)
		DisableScriptedObjects (10ms)
		BackupInstance (0ms)
		ReleaseScriptingObjects (0ms)
		CreateAndSetChildDomain (30ms)
	RebuildCommonClasses (30ms)
	RebuildNativeTypeToScriptingClass (10ms)
	initialDomainReloadingComplete (32ms)
	LoadAllAssembliesAndSetupDomain (274ms)
		LoadAssemblies (341ms)
		RebuildTransferFunctionScriptingTraits (0ms)
		AnalyzeDomain (16ms)
			TypeCache.Refresh (7ms)
				TypeCache.ScanAssembly (0ms)
			ScanForSourceGeneratedMonoScriptInfo (0ms)
			ResolveRequiredComponents (8ms)
	FinalizeReload (1172ms)
		ReleaseScriptCaches (0ms)
		RebuildScriptCaches (0ms)
		SetupLoadedEditorAssemblies (470ms)
			LogAssemblyErrors (0ms)
			InitializePlatformSupportModulesInManaged (11ms)
			SetLoadedEditorAssemblies (3ms)
			RefreshPlugins (0ms)
			BeforeProcessingInitializeOnLoad (87ms)
			ProcessInitializeOnLoadAttributes (325ms)
			ProcessInitializeOnLoadMethodAttributes (32ms)
			AfterProcessingInitializeOnLoad (12ms)
			EditorAssembliesLoaded (0ms)
		ExecutionOrderSort2 (0ms)
		AwakeInstancesAfterBackupRestoration (13ms)
Refreshing native plugins compatible for Editor in 7.06 ms, found 4 plugins.
Preloading 0 native plugins for Editor in 0.00 ms.
Unloading 4419 Unused Serialized files (Serialized files now loaded: 0)
Unloading 21 unused Assets / (112.6 KB). Loaded Objects now: 5006.
Memory consumption went from 164.8 MB to 164.7 MB.
Total: 3.188900 ms (FindLiveObjects: 0.286100 ms CreateObjectMapping: 0.322700 ms MarkObjects: 2.525500 ms  DeleteObjects: 0.053900 ms)

Prepare: number of updated asset objects reloaded= 0
AssetImportParameters requested are different than current active one (requested -> active):
  custom:container-demuxer-ogg: 62fdf1f143b41e24485cea50d1cbac27 -> 
  custom:video-decoder-ogg-theora: a1e56fd34408186e4bbccfd4996cb3dc -> 
  custom:framework-win-MediaFoundation: 216162199b28c13a410421893ffa2e32 -> 
  custom:CustomObjectIndexerAttribute: 9a22284fe3817be447336de3de66b15e -> 
  custom:container-demuxer-webm: 4f35f7cbe854078d1ac9338744f61a02 -> 
  custom:container-muxer-webm: aa71ff27fc2769a1b78a27578f13a17b -> 
  custom:video-decoder-webm-vp8: 9c59270c3fd7afecdb556c50c9e8de78 -> 
  custom:SearchIndexIgnoredProperties: e643bd26f0fe6173181afceb89e7c659 -> 
  custom:AudioImporter_EditorPlatform: d09bf68614088b80899f8185d706f6e7 -> 
  custom:video-encoder-webm-vp8: eb34c28f22e8b96e1ab97ce403110664 -> 
  custom:audio-decoder-ogg-vorbis: bf7c407c2cedff20999df2af8eb42d56 -> 
  custom:audio-encoder-webm-vorbis: bf7c407c2cedff20999df2af8eb42d56 -> 
========================================================================
Received Prepare
Caller must complete domain reload
Begin MonoManager ReloadAssembly
- Loaded All Assemblies, in  1.041 seconds
Native extension for UWP target not found
Native extension for WindowsStandalone target not found
Native extension for WebGL target not found
[Package Manager] Server::EnsureServerProcessIsRunning -- launch failed, reason: Unity was launched with the -noUpm command-line argument
[Package Manager] UpmClient::Send -- Unable to send message (not connected to UPM process).
[Package Manager] Cannot connect to Unity Package Manager local server
Mono: successfully reloaded assembly
- Finished resetting the current domain, in  1.065 seconds
Domain Reload Profiling: 2100ms
	BeginReloadAssembly (155ms)
		ExecutionOrderSort (0ms)
		DisableScriptedObjects (10ms)
		BackupInstance (0ms)
		ReleaseScriptingObjects (0ms)
		CreateAndSetChildDomain (28ms)
	RebuildCommonClasses (30ms)
	RebuildNativeTypeToScriptingClass (10ms)
	initialDomainReloadingComplete (33ms)
	LoadAllAssembliesAndSetupDomain (806ms)
		LoadAssemblies (864ms)
		RebuildTransferFunctionScriptingTraits (0ms)
		AnalyzeDomain (28ms)
			TypeCache.Refresh (9ms)
				TypeCache.ScanAssembly (1ms)
			ScanForSourceGeneratedMonoScriptInfo (9ms)
			ResolveRequiredComponents (8ms)
	FinalizeReload (1065ms)
		ReleaseScriptCaches (0ms)
		RebuildScriptCaches (0ms)
		SetupLoadedEditorAssemblies (431ms)
			LogAssemblyErrors (0ms)
			InitializePlatformSupportModulesInManaged (10ms)
			SetLoadedEditorAssemblies (3ms)
			RefreshPlugins (0ms)
			BeforeProcessingInitializeOnLoad (83ms)
			ProcessInitializeOnLoadAttributes (295ms)
			ProcessInitializeOnLoadMethodAttributes (29ms)
			AfterProcessingInitializeOnLoad (10ms)
			EditorAssembliesLoaded (0ms)
		ExecutionOrderSort2 (0ms)
		AwakeInstancesAfterBackupRestoration (11ms)
Refreshing native plugins compatible for Editor in 6.53 ms, found 4 plugins.
Preloading 0 native plugins for Editor in 0.00 ms.
Unloading 4419 Unused Serialized files (Serialized files now loaded: 0)
Unloading 21 unused Assets / (112.6 KB). Loaded Objects now: 5022.
Memory consumption went from 164.8 MB to 164.7 MB.
Total: 3.084700 ms (FindLiveObjects: 0.327400 ms CreateObjectMapping: 0.300200 ms MarkObjects: 2.397700 ms  DeleteObjects: 0.058000 ms)

Prepare: number of updated asset objects reloaded= 0
AssetImportParameters requested are different than current active one (requested -> active):
  custom:container-demuxer-ogg: 62fdf1f143b41e24485cea50d1cbac27 -> 
  custom:video-decoder-ogg-theora: a1e56fd34408186e4bbccfd4996cb3dc -> 
  custom:framework-win-MediaFoundation: 216162199b28c13a410421893ffa2e32 -> 
  custom:CustomObjectIndexerAttribute: 9a22284fe3817be447336de3de66b15e -> 
  custom:container-demuxer-webm: 4f35f7cbe854078d1ac9338744f61a02 -> 
  custom:container-muxer-webm: aa71ff27fc2769a1b78a27578f13a17b -> 
  custom:video-decoder-webm-vp8: 9c59270c3fd7afecdb556c50c9e8de78 -> 
  custom:SearchIndexIgnoredProperties: e643bd26f0fe6173181afceb89e7c659 -> 
  custom:AudioImporter_EditorPlatform: d09bf68614088b80899f8185d706f6e7 -> 
  custom:video-encoder-webm-vp8: eb34c28f22e8b96e1ab97ce403110664 -> 
  custom:audio-decoder-ogg-vorbis: bf7c407c2cedff20999df2af8eb42d56 -> 
  custom:audio-encoder-webm-vorbis: bf7c407c2cedff20999df2af8eb42d56 -> 
========================================================================
Received Prepare
Caller must complete domain reload
Begin MonoManager ReloadAssembly
- Loaded All Assemblies, in  0.532 seconds
Native extension for UWP target not found
Native extension for WindowsStandalone target not found
Native extension for WebGL target not found
[Package Manager] Server::EnsureServerProcessIsRunning -- launch failed, reason: Unity was launched with the -noUpm command-line argument
[Package Manager] UpmClient::Send -- Unable to send message (not connected to UPM process).
[Package Manager] Cannot connect to Unity Package Manager local server
Mono: successfully reloaded assembly
- Finished resetting the current domain, in  1.080 seconds
Domain Reload Profiling: 1606ms
	BeginReloadAssembly (156ms)
		ExecutionOrderSort (0ms)
		DisableScriptedObjects (11ms)
		BackupInstance (0ms)
		ReleaseScriptingObjects (0ms)
		CreateAndSetChildDomain (28ms)
	RebuildCommonClasses (30ms)
	RebuildNativeTypeToScriptingClass (10ms)
	initialDomainReloadingComplete (33ms)
	LoadAllAssembliesAndSetupDomain (297ms)
		LoadAssemblies (350ms)
		RebuildTransferFunctionScriptingTraits (0ms)
		AnalyzeDomain (30ms)
			TypeCache.Refresh (10ms)
				TypeCache.ScanAssembly (1ms)
			ScanForSourceGeneratedMonoScriptInfo (10ms)
			ResolveRequiredComponents (8ms)
	FinalizeReload (1081ms)
		ReleaseScriptCaches (0ms)
		RebuildScriptCaches (0ms)
		SetupLoadedEditorAssemblies (431ms)
			LogAssemblyErrors (0ms)
			InitializePlatformSupportModulesInManaged (10ms)
			SetLoadedEditorAssemblies (3ms)
			RefreshPlugins (0ms)
			BeforeProcessingInitializeOnLoad (80ms)
			ProcessInitializeOnLoadAttributes (297ms)
			ProcessInitializeOnLoadMethodAttributes (28ms)
			AfterProcessingInitializeOnLoad (11ms)
			EditorAssembliesLoaded (0ms)
		ExecutionOrderSort2 (0ms)
		AwakeInstancesAfterBackupRestoration (12ms)
Refreshing native plugins compatible for Editor in 6.56 ms, found 4 plugins.
Preloading 0 native plugins for Editor in 0.00 ms.
Unloading 4419 Unused Serialized files (Serialized files now loaded: 0)
Unloading 21 unused Assets / (112.5 KB). Loaded Objects now: 5038.
Memory consumption went from 164.9 MB to 164.8 MB.
Total: 3.041400 ms (FindLiveObjects: 0.357800 ms CreateObjectMapping: 0.363200 ms MarkObjects: 2.265000 ms  DeleteObjects: 0.054400 ms)

Prepare: number of updated asset objects reloaded= 0
AssetImportParameters requested are different than current active one (requested -> active):
  custom:container-demuxer-ogg: 62fdf1f143b41e24485cea50d1cbac27 -> 
  custom:video-decoder-ogg-theora: a1e56fd34408186e4bbccfd4996cb3dc -> 
  custom:framework-win-MediaFoundation: 216162199b28c13a410421893ffa2e32 -> 
  custom:CustomObjectIndexerAttribute: 9a22284fe3817be447336de3de66b15e -> 
  custom:container-demuxer-webm: 4f35f7cbe854078d1ac9338744f61a02 -> 
  custom:container-muxer-webm: aa71ff27fc2769a1b78a27578f13a17b -> 
  custom:video-decoder-webm-vp8: 9c59270c3fd7afecdb556c50c9e8de78 -> 
  custom:SearchIndexIgnoredProperties: e643bd26f0fe6173181afceb89e7c659 -> 
  custom:AudioImporter_EditorPlatform: d09bf68614088b80899f8185d706f6e7 -> 
  custom:video-encoder-webm-vp8: eb34c28f22e8b96e1ab97ce403110664 -> 
  custom:audio-decoder-ogg-vorbis: bf7c407c2cedff20999df2af8eb42d56 -> 
  custom:audio-encoder-webm-vorbis: bf7c407c2cedff20999df2af8eb42d56 -> 
========================================================================
Received Prepare
Caller must complete domain reload
Begin MonoManager ReloadAssembly
- Loaded All Assemblies, in  0.506 seconds
Native extension for UWP target not found
Native extension for WindowsStandalone target not found
Native extension for WebGL target not found
[Package Manager] Server::EnsureServerProcessIsRunning -- launch failed, reason: Unity was launched with the -noUpm command-line argument
[Package Manager] UpmClient::Send -- Unable to send message (not connected to UPM process).
[Package Manager] Cannot connect to Unity Package Manager local server
Mono: successfully reloaded assembly
- Finished resetting the current domain, in  1.177 seconds
Domain Reload Profiling: 1678ms
	BeginReloadAssembly (156ms)
		ExecutionOrderSort (0ms)
		DisableScriptedObjects (10ms)
		BackupInstance (0ms)
		ReleaseScriptingObjects (0ms)
		CreateAndSetChildDomain (29ms)
	RebuildCommonClasses (31ms)
	RebuildNativeTypeToScriptingClass (11ms)
	initialDomainReloadingComplete (33ms)
	LoadAllAssembliesAndSetupDomain (269ms)
		LoadAssemblies (338ms)
		RebuildTransferFunctionScriptingTraits (0ms)
		AnalyzeDomain (15ms)
			TypeCache.Refresh (6ms)
				TypeCache.ScanAssembly (0ms)
			ScanForSourceGeneratedMonoScriptInfo (0ms)
			ResolveRequiredComponents (7ms)
	FinalizeReload (1178ms)
		ReleaseScriptCaches (0ms)
		RebuildScriptCaches (0ms)
		SetupLoadedEditorAssemblies (481ms)
			LogAssemblyErrors (0ms)
			InitializePlatformSupportModulesInManaged (11ms)
			SetLoadedEditorAssemblies (3ms)
			RefreshPlugins (0ms)
			BeforeProcessingInitializeOnLoad (89ms)
			ProcessInitializeOnLoadAttributes (332ms)
			ProcessInitializeOnLoadMethodAttributes (34ms)
			AfterProcessingInitializeOnLoad (12ms)
			EditorAssembliesLoaded (0ms)
		ExecutionOrderSort2 (0ms)
		AwakeInstancesAfterBackupRestoration (14ms)
Refreshing native plugins compatible for Editor in 6.30 ms, found 4 plugins.
Preloading 0 native plugins for Editor in 0.00 ms.
Unloading 4419 Unused Serialized files (Serialized files now loaded: 0)
Unloading 21 unused Assets / (112.5 KB). Loaded Objects now: 5054.
Memory consumption went from 164.9 MB to 164.8 MB.
Total: 2.876400 ms (FindLiveObjects: 0.381800 ms CreateObjectMapping: 0.272200 ms MarkObjects: 2.165100 ms  DeleteObjects: 0.056500 ms)

Prepare: number of updated asset objects reloaded= 0
AssetImportParameters requested are different than current active one (requested -> active):
  custom:container-demuxer-ogg: 62fdf1f143b41e24485cea50d1cbac27 -> 
  custom:video-decoder-ogg-theora: a1e56fd34408186e4bbccfd4996cb3dc -> 
  custom:framework-win-MediaFoundation: 216162199b28c13a410421893ffa2e32 -> 
  custom:CustomObjectIndexerAttribute: 9a22284fe3817be447336de3de66b15e -> 
  custom:container-demuxer-webm: 4f35f7cbe854078d1ac9338744f61a02 -> 
  custom:container-muxer-webm: aa71ff27fc2769a1b78a27578f13a17b -> 
  custom:video-decoder-webm-vp8: 9c59270c3fd7afecdb556c50c9e8de78 -> 
  custom:SearchIndexIgnoredProperties: e643bd26f0fe6173181afceb89e7c659 -> 
  custom:AudioImporter_EditorPlatform: d09bf68614088b80899f8185d706f6e7 -> 
  custom:video-encoder-webm-vp8: eb34c28f22e8b96e1ab97ce403110664 -> 
  custom:audio-decoder-ogg-vorbis: bf7c407c2cedff20999df2af8eb42d56 -> 
  custom:audio-encoder-webm-vorbis: bf7c407c2cedff20999df2af8eb42d56 -> 
========================================================================
Received Prepare
Caller must complete domain reload
Begin MonoManager ReloadAssembly
- Loaded All Assemblies, in  0.605 seconds
Native extension for UWP target not found
Native extension for WindowsStandalone target not found
Native extension for WebGL target not found
[Package Manager] Server::EnsureServerProcessIsRunning -- launch failed, reason: Unity was launched with the -noUpm command-line argument
[Package Manager] UpmClient::Send -- Unable to send message (not connected to UPM process).
[Package Manager] Cannot connect to Unity Package Manager local server
Mono: successfully reloaded assembly
- Finished resetting the current domain, in  1.098 seconds
Domain Reload Profiling: 1697ms
	BeginReloadAssembly (177ms)
		ExecutionOrderSort (0ms)
		DisableScriptedObjects (11ms)
		BackupInstance (0ms)
		ReleaseScriptingObjects (0ms)
		CreateAndSetChildDomain (32ms)
	RebuildCommonClasses (37ms)
	RebuildNativeTypeToScriptingClass (11ms)
	initialDomainReloadingComplete (35ms)
	LoadAllAssembliesAndSetupDomain (339ms)
		LoadAssemblies (412ms)
		RebuildTransferFunctionScriptingTraits (0ms)
		AnalyzeDomain (29ms)
			TypeCache.Refresh (10ms)
				TypeCache.ScanAssembly (1ms)
			ScanForSourceGeneratedMonoScriptInfo (9ms)
			ResolveRequiredComponents (8ms)
	FinalizeReload (1099ms)
		ReleaseScriptCaches (0ms)
		RebuildScriptCaches (0ms)
		SetupLoadedEditorAssemblies (451ms)
			LogAssemblyErrors (0ms)
			InitializePlatformSupportModulesInManaged (12ms)
			SetLoadedEditorAssemblies (4ms)
			RefreshPlugins (0ms)
			BeforeProcessingInitializeOnLoad (82ms)
			ProcessInitializeOnLoadAttributes (313ms)
			ProcessInitializeOnLoadMethodAttributes (29ms)
			AfterProcessingInitializeOnLoad (11ms)
			EditorAssembliesLoaded (0ms)
		ExecutionOrderSort2 (0ms)
		AwakeInstancesAfterBackupRestoration (13ms)
Refreshing native plugins compatible for Editor in 8.80 ms, found 4 plugins.
Preloading 0 native plugins for Editor in 0.00 ms.
Unloading 4419 Unused Serialized files (Serialized files now loaded: 0)
Unloading 21 unused Assets / (112.6 KB). Loaded Objects now: 5070.
Memory consumption went from 164.9 MB to 164.8 MB.
Total: 3.013800 ms (FindLiveObjects: 0.323100 ms CreateObjectMapping: 0.367500 ms MarkObjects: 2.266300 ms  DeleteObjects: 0.055500 ms)

Prepare: number of updated asset objects reloaded= 0
AssetImportParameters requested are different than current active one (requested -> active):
  custom:container-demuxer-ogg: 62fdf1f143b41e24485cea50d1cbac27 -> 
  custom:video-decoder-ogg-theora: a1e56fd34408186e4bbccfd4996cb3dc -> 
  custom:framework-win-MediaFoundation: 216162199b28c13a410421893ffa2e32 -> 
  custom:CustomObjectIndexerAttribute: 9a22284fe3817be447336de3de66b15e -> 
  custom:container-demuxer-webm: 4f35f7cbe854078d1ac9338744f61a02 -> 
  custom:container-muxer-webm: aa71ff27fc2769a1b78a27578f13a17b -> 
  custom:video-decoder-webm-vp8: 9c59270c3fd7afecdb556c50c9e8de78 -> 
  custom:SearchIndexIgnoredProperties: e643bd26f0fe6173181afceb89e7c659 -> 
  custom:AudioImporter_EditorPlatform: d09bf68614088b80899f8185d706f6e7 -> 
  custom:video-encoder-webm-vp8: eb34c28f22e8b96e1ab97ce403110664 -> 
  custom:audio-decoder-ogg-vorbis: bf7c407c2cedff20999df2af8eb42d56 -> 
  custom:audio-encoder-webm-vorbis: bf7c407c2cedff20999df2af8eb42d56 -> 
  custom:scripting/precompiled-assembly-types:Assembly-CSharp: e0af528a61192c81321e1cba3aedb597 -> 7f09a2d1daacde8fa4828121b9130ead
========================================================================
Received Prepare
Caller must complete domain reload
Begin MonoManager ReloadAssembly
- Loaded All Assemblies, in  1.050 seconds
Native extension for UWP target not found
Native extension for WindowsStandalone target not found
Native extension for WebGL target not found
[Package Manager] Server::EnsureServerProcessIsRunning -- launch failed, reason: Unity was launched with the -noUpm command-line argument
[Package Manager] UpmClient::Send -- Unable to send message (not connected to UPM process).
[Package Manager] Cannot connect to Unity Package Manager local server
Mono: successfully reloaded assembly
- Finished resetting the current domain, in  1.091 seconds
Domain Reload Profiling: 2136ms
	BeginReloadAssembly (165ms)
		ExecutionOrderSort (0ms)
		DisableScriptedObjects (10ms)
		BackupInstance (0ms)
		ReleaseScriptingObjects (0ms)
		CreateAndSetChildDomain (29ms)
	RebuildCommonClasses (31ms)
	RebuildNativeTypeToScriptingClass (10ms)
	initialDomainReloadingComplete (33ms)
	LoadAllAssembliesAndSetupDomain (806ms)
		LoadAssemblies (867ms)
		RebuildTransferFunctionScriptingTraits (0ms)
		AnalyzeDomain (30ms)
			TypeCache.Refresh (11ms)
				TypeCache.ScanAssembly (1ms)
			ScanForSourceGeneratedMonoScriptInfo (9ms)
			ResolveRequiredComponents (8ms)
	FinalizeReload (1092ms)
		ReleaseScriptCaches (0ms)
		RebuildScriptCaches (0ms)
		SetupLoadedEditorAssemblies (442ms)
			LogAssemblyErrors (0ms)
			InitializePlatformSupportModulesInManaged (11ms)
			SetLoadedEditorAssemblies (3ms)
			RefreshPlugins (0ms)
			BeforeProcessingInitializeOnLoad (85ms)
			ProcessInitializeOnLoadAttributes (303ms)
			ProcessInitializeOnLoadMethodAttributes (29ms)
			AfterProcessingInitializeOnLoad (11ms)
			EditorAssembliesLoaded (0ms)
		ExecutionOrderSort2 (0ms)
		AwakeInstancesAfterBackupRestoration (13ms)
Refreshing native plugins compatible for Editor in 6.46 ms, found 4 plugins.
Preloading 0 native plugins for Editor in 0.00 ms.
Unloading 4419 Unused Serialized files (Serialized files now loaded: 0)
Unloading 21 unused Assets / (112.6 KB). Loaded Objects now: 5086.
Memory consumption went from 164.9 MB to 164.8 MB.
Total: 2.954500 ms (FindLiveObjects: 0.369300 ms CreateObjectMapping: 0.261600 ms MarkObjects: 2.253400 ms  DeleteObjects: 0.068300 ms)

Prepare: number of updated asset objects reloaded= 0
AssetImportParameters requested are different than current active one (requested -> active):
  custom:container-demuxer-ogg: 62fdf1f143b41e24485cea50d1cbac27 -> 
  custom:video-decoder-ogg-theora: a1e56fd34408186e4bbccfd4996cb3dc -> 
  custom:framework-win-MediaFoundation: 216162199b28c13a410421893ffa2e32 -> 
  custom:CustomObjectIndexerAttribute: 9a22284fe3817be447336de3de66b15e -> 
  custom:container-demuxer-webm: 4f35f7cbe854078d1ac9338744f61a02 -> 
  custom:container-muxer-webm: aa71ff27fc2769a1b78a27578f13a17b -> 
  custom:video-decoder-webm-vp8: 9c59270c3fd7afecdb556c50c9e8de78 -> 
  custom:SearchIndexIgnoredProperties: e643bd26f0fe6173181afceb89e7c659 -> 
  custom:AudioImporter_EditorPlatform: d09bf68614088b80899f8185d706f6e7 -> 
  custom:video-encoder-webm-vp8: eb34c28f22e8b96e1ab97ce403110664 -> 
  custom:audio-decoder-ogg-vorbis: bf7c407c2cedff20999df2af8eb42d56 -> 
  custom:audio-encoder-webm-vorbis: bf7c407c2cedff20999df2af8eb42d56 -> 
  custom:scripting/precompiled-assembly-types:Assembly-CSharp: e0af528a61192c81321e1cba3aedb597 -> 7f09a2d1daacde8fa4828121b9130ead
========================================================================
Received Prepare
Caller must complete domain reload
Begin MonoManager ReloadAssembly
- Loaded All Assemblies, in  1.088 seconds
Native extension for UWP target not found
Native extension for WindowsStandalone target not found
Native extension for WebGL target not found
[Package Manager] Server::EnsureServerProcessIsRunning -- launch failed, reason: Unity was launched with the -noUpm command-line argument
[Package Manager] UpmClient::Send -- Unable to send message (not connected to UPM process).
[Package Manager] Cannot connect to Unity Package Manager local server
Mono: successfully reloaded assembly
- Finished resetting the current domain, in  1.079 seconds
Domain Reload Profiling: 2161ms
	BeginReloadAssembly (167ms)
		ExecutionOrderSort (0ms)
		DisableScriptedObjects (11ms)
		BackupInstance (0ms)
		ReleaseScriptingObjects (0ms)
		CreateAndSetChildDomain (34ms)
	RebuildCommonClasses (34ms)
	RebuildNativeTypeToScriptingClass (11ms)
	initialDomainReloadingComplete (34ms)
	LoadAllAssembliesAndSetupDomain (835ms)
		LoadAssemblies (893ms)
		RebuildTransferFunctionScriptingTraits (0ms)
		AnalyzeDomain (31ms)
			TypeCache.Refresh (12ms)
				TypeCache.ScanAssembly (1ms)
			ScanForSourceGeneratedMonoScriptInfo (10ms)
			ResolveRequiredComponents (8ms)
	FinalizeReload (1080ms)
		ReleaseScriptCaches (0ms)
		RebuildScriptCaches (0ms)
		SetupLoadedEditorAssemblies (441ms)
			LogAssemblyErrors (0ms)
			InitializePlatformSupportModulesInManaged (10ms)
			SetLoadedEditorAssemblies (3ms)
			RefreshPlugins (0ms)
			BeforeProcessingInitializeOnLoad (82ms)
			ProcessInitializeOnLoadAttributes (305ms)
			ProcessInitializeOnLoadMethodAttributes (30ms)
			AfterProcessingInitializeOnLoad (11ms)
			EditorAssembliesLoaded (0ms)
		ExecutionOrderSort2 (0ms)
		AwakeInstancesAfterBackupRestoration (11ms)
Refreshing native plugins compatible for Editor in 6.32 ms, found 4 plugins.
Preloading 0 native plugins for Editor in 0.00 ms.
Unloading 4419 Unused Serialized files (Serialized files now loaded: 0)
Unloading 21 unused Assets / (112.7 KB). Loaded Objects now: 5102.
Memory consumption went from 164.9 MB to 164.7 MB.
Total: 3.161600 ms (FindLiveObjects: 0.355600 ms CreateObjectMapping: 0.306800 ms MarkObjects: 2.437600 ms  DeleteObjects: 0.060600 ms)

Prepare: number of updated asset objects reloaded= 0
AssetImportParameters requested are different than current active one (requested -> active):
  custom:container-demuxer-ogg: 62fdf1f143b41e24485cea50d1cbac27 -> 
  custom:video-decoder-ogg-theora: a1e56fd34408186e4bbccfd4996cb3dc -> 
  custom:framework-win-MediaFoundation: 216162199b28c13a410421893ffa2e32 -> 
  custom:CustomObjectIndexerAttribute: 9a22284fe3817be447336de3de66b15e -> 
  custom:container-demuxer-webm: 4f35f7cbe854078d1ac9338744f61a02 -> 
  custom:container-muxer-webm: aa71ff27fc2769a1b78a27578f13a17b -> 
  custom:video-decoder-webm-vp8: 9c59270c3fd7afecdb556c50c9e8de78 -> 
  custom:SearchIndexIgnoredProperties: e643bd26f0fe6173181afceb89e7c659 -> 
  custom:AudioImporter_EditorPlatform: d09bf68614088b80899f8185d706f6e7 -> 
  custom:video-encoder-webm-vp8: eb34c28f22e8b96e1ab97ce403110664 -> 
  custom:audio-decoder-ogg-vorbis: bf7c407c2cedff20999df2af8eb42d56 -> 
  custom:audio-encoder-webm-vorbis: bf7c407c2cedff20999df2af8eb42d56 -> 
  custom:scripting/precompiled-assembly-types:Assembly-CSharp: e0af528a61192c81321e1cba3aedb597 -> 7f09a2d1daacde8fa4828121b9130ead
========================================================================
Received Prepare
Caller must complete domain reload
Begin MonoManager ReloadAssembly
- Loaded All Assemblies, in  1.055 seconds
Native extension for UWP target not found
Native extension for WindowsStandalone target not found
Native extension for WebGL target not found
[Package Manager] Server::EnsureServerProcessIsRunning -- launch failed, reason: Unity was launched with the -noUpm command-line argument
[Package Manager] UpmClient::Send -- Unable to send message (not connected to UPM process).
[Package Manager] Cannot connect to Unity Package Manager local server
Mono: successfully reloaded assembly
- Finished resetting the current domain, in  1.226 seconds
Domain Reload Profiling: 2275ms
	BeginReloadAssembly (156ms)
		ExecutionOrderSort (0ms)
		DisableScriptedObjects (10ms)
		BackupInstance (0ms)
		ReleaseScriptingObjects (0ms)
		CreateAndSetChildDomain (30ms)
	RebuildCommonClasses (31ms)
	RebuildNativeTypeToScriptingClass (10ms)
	initialDomainReloadingComplete (34ms)
	LoadAllAssembliesAndSetupDomain (817ms)
		LoadAssemblies (367ms)
		RebuildTransferFunctionScriptingTraits (0ms)
		AnalyzeDomain (534ms)
			TypeCache.Refresh (14ms)
				TypeCache.ScanAssembly (1ms)
			ScanForSourceGeneratedMonoScriptInfo (369ms)
			ResolveRequiredComponents (149ms)
	FinalizeReload (1226ms)
		ReleaseScriptCaches (0ms)
		RebuildScriptCaches (0ms)
		SetupLoadedEditorAssemblies (468ms)
			LogAssemblyErrors (0ms)
			InitializePlatformSupportModulesInManaged (12ms)
			SetLoadedEditorAssemblies (3ms)
			RefreshPlugins (0ms)
			BeforeProcessingInitializeOnLoad (91ms)
			ProcessInitializeOnLoadAttributes (319ms)
			ProcessInitializeOnLoadMethodAttributes (31ms)
			AfterProcessingInitializeOnLoad (11ms)
			EditorAssembliesLoaded (0ms)
		ExecutionOrderSort2 (0ms)
		AwakeInstancesAfterBackupRestoration (13ms)
Refreshing native plugins compatible for Editor in 6.68 ms, found 4 plugins.
Preloading 0 native plugins for Editor in 0.00 ms.
Unloading 4419 Unused Serialized files (Serialized files now loaded: 0)
Unloading 21 unused Assets / (112.8 KB). Loaded Objects now: 5118.
Memory consumption went from 164.9 MB to 164.8 MB.
Total: 2.894000 ms (FindLiveObjects: 0.331300 ms CreateObjectMapping: 0.278000 ms MarkObjects: 2.222400 ms  DeleteObjects: 0.061600 ms)

Prepare: number of updated asset objects reloaded= 0
AssetImportParameters requested are different than current active one (requested -> active):
  custom:container-demuxer-ogg: 62fdf1f143b41e24485cea50d1cbac27 -> 
  custom:video-decoder-ogg-theora: a1e56fd34408186e4bbccfd4996cb3dc -> 
  custom:framework-win-MediaFoundation: 216162199b28c13a410421893ffa2e32 -> 
  custom:CustomObjectIndexerAttribute: 9a22284fe3817be447336de3de66b15e -> 
  custom:container-demuxer-webm: 4f35f7cbe854078d1ac9338744f61a02 -> 
  custom:container-muxer-webm: aa71ff27fc2769a1b78a27578f13a17b -> 
  custom:video-decoder-webm-vp8: 9c59270c3fd7afecdb556c50c9e8de78 -> 
  custom:SearchIndexIgnoredProperties: e643bd26f0fe6173181afceb89e7c659 -> 
  custom:AudioImporter_EditorPlatform: d09bf68614088b80899f8185d706f6e7 -> 
  custom:video-encoder-webm-vp8: eb34c28f22e8b96e1ab97ce403110664 -> 
  custom:audio-decoder-ogg-vorbis: bf7c407c2cedff20999df2af8eb42d56 -> 
  custom:audio-encoder-webm-vorbis: bf7c407c2cedff20999df2af8eb42d56 -> 
  custom:scripting/precompiled-assembly-types:Assembly-CSharp: e0af528a61192c81321e1cba3aedb597 -> 7f09a2d1daacde8fa4828121b9130ead
========================================================================
Received Prepare
Caller must complete domain reload
Begin MonoManager ReloadAssembly
- Loaded All Assemblies, in  0.555 seconds
Native extension for UWP target not found
Native extension for WindowsStandalone target not found
Native extension for WebGL target not found
[Package Manager] Server::EnsureServerProcessIsRunning -- launch failed, reason: Unity was launched with the -noUpm command-line argument
[Package Manager] UpmClient::Send -- Unable to send message (not connected to UPM process).
[Package Manager] Cannot connect to Unity Package Manager local server
Mono: successfully reloaded assembly
- Finished resetting the current domain, in  1.716 seconds
Domain Reload Profiling: 2265ms
	BeginReloadAssembly (166ms)
		ExecutionOrderSort (0ms)
		DisableScriptedObjects (11ms)
		BackupInstance (0ms)
		ReleaseScriptingObjects (0ms)
		CreateAndSetChildDomain (35ms)
	RebuildCommonClasses (31ms)
	RebuildNativeTypeToScriptingClass (11ms)
	initialDomainReloadingComplete (33ms)
	LoadAllAssembliesAndSetupDomain (308ms)
		LoadAssemblies (356ms)
		RebuildTransferFunctionScriptingTraits (0ms)
		AnalyzeDomain (38ms)
			TypeCache.Refresh (15ms)
				TypeCache.ScanAssembly (1ms)
			ScanForSourceGeneratedMonoScriptInfo (11ms)
			ResolveRequiredComponents (9ms)
	FinalizeReload (1716ms)
		ReleaseScriptCaches (0ms)
		RebuildScriptCaches (0ms)
		SetupLoadedEditorAssemblies (516ms)
			LogAssemblyErrors (0ms)
			InitializePlatformSupportModulesInManaged (10ms)
			SetLoadedEditorAssemblies (3ms)
			RefreshPlugins (0ms)
			BeforeProcessingInitializeOnLoad (81ms)
			ProcessInitializeOnLoadAttributes (381ms)
			ProcessInitializeOnLoadMethodAttributes (29ms)
			AfterProcessingInitializeOnLoad (11ms)
			EditorAssembliesLoaded (0ms)
		ExecutionOrderSort2 (0ms)
		AwakeInstancesAfterBackupRestoration (13ms)
Refreshing native plugins compatible for Editor in 6.38 ms, found 4 plugins.
Preloading 0 native plugins for Editor in 0.00 ms.
Unloading 4419 Unused Serialized files (Serialized files now loaded: 0)
Unloading 21 unused Assets / (112.7 KB). Loaded Objects now: 5134.
Memory consumption went from 164.9 MB to 164.8 MB.
Total: 3.240700 ms (FindLiveObjects: 0.327600 ms CreateObjectMapping: 0.314100 ms MarkObjects: 2.513300 ms  DeleteObjects: 0.084400 ms)

Prepare: number of updated asset objects reloaded= 0
AssetImportParameters requested are different than current active one (requested -> active):
  custom:container-demuxer-ogg: 62fdf1f143b41e24485cea50d1cbac27 -> 
  custom:video-decoder-ogg-theora: a1e56fd34408186e4bbccfd4996cb3dc -> 
  custom:framework-win-MediaFoundation: 216162199b28c13a410421893ffa2e32 -> 
  custom:CustomObjectIndexerAttribute: 9a22284fe3817be447336de3de66b15e -> 
  custom:container-demuxer-webm: 4f35f7cbe854078d1ac9338744f61a02 -> 
  custom:container-muxer-webm: aa71ff27fc2769a1b78a27578f13a17b -> 
  custom:video-decoder-webm-vp8: 9c59270c3fd7afecdb556c50c9e8de78 -> 
  custom:SearchIndexIgnoredProperties: e643bd26f0fe6173181afceb89e7c659 -> 
  custom:AudioImporter_EditorPlatform: d09bf68614088b80899f8185d706f6e7 -> 
  custom:video-encoder-webm-vp8: eb34c28f22e8b96e1ab97ce403110664 -> 
  custom:audio-decoder-ogg-vorbis: bf7c407c2cedff20999df2af8eb42d56 -> 
  custom:audio-encoder-webm-vorbis: bf7c407c2cedff20999df2af8eb42d56 -> 
  custom:scripting/precompiled-assembly-types:Assembly-CSharp: e0af528a61192c81321e1cba3aedb597 -> 7f09a2d1daacde8fa4828121b9130ead
========================================================================
Received Import Request.
  Time since last request: 1483.771033 seconds.
  path: Assets/_Scenes/GameScene.unity
  artifactKey: Guid(c94049871385a9e4bb8c44e2cafa4d73) Importer(815301076,1909f56bfc062723c751e8b465ee728b)
Start importing Assets/_Scenes/GameScene.unity using Guid(c94049871385a9e4bb8c44e2cafa4d73) Importer(815301076,1909f56bfc062723c751e8b465ee728b) [PhysX] Initialized MultithreadedTaskDispatcher with 8 workers.
 -> (artifact id: 'f17665593cf6320fd20e3cd6d389bf53') in 0.004908 seconds
Number of updated asset objects reloaded before import = 0
Number of asset objects unloaded after import = 0
========================================================================
Received Import Request.
  Time since last request: 55.739815 seconds.
  path: Assets/_Prefabs/GameManager.prefab
  artifactKey: Guid(ecd8435b3cd437f44ae15f8a50151d1f) Importer(815301076,1909f56bfc062723c751e8b465ee728b)
Start importing Assets/_Prefabs/GameManager.prefab using Guid(ecd8435b3cd437f44ae15f8a50151d1f) Importer(815301076,1909f56bfc062723c751e8b465ee728b) [PhysX] Initialized MultithreadedTaskDispatcher with 8 workers.
 -> (artifact id: '291484c2cae799f3b7a69f526bfdbd4c') in 0.000527 seconds
Number of updated asset objects reloaded before import = 0
Number of asset objects unloaded after import = 0
========================================================================
Received Import Request.
  Time since last request: 1.781699 seconds.
  path: Assets/_Prefabs/UI_Gameplay
  artifactKey: Guid(ced9566bcb2471e46ae9e82ac83459ea) Importer(815301076,1909f56bfc062723c751e8b465ee728b)
Start importing Assets/_Prefabs/UI_Gameplay using Guid(ced9566bcb2471e46ae9e82ac83459ea) Importer(815301076,1909f56bfc062723c751e8b465ee728b) [PhysX] Initialized MultithreadedTaskDispatcher with 8 workers.
 -> (artifact id: 'd59a2399eb6f7959b707191a92a496f5') in 0.000520 seconds
Number of updated asset objects reloaded before import = 0
Number of asset objects unloaded after import = 0
========================================================================
Received Import Request.
  Time since last request: 0.045590 seconds.
  path: Assets/_Prefabs/UI_Gameplay/ChestHP.prefab
  artifactKey: Guid(c52272e1c14c8ad439f3efd55c9bc644) Importer(815301076,1909f56bfc062723c751e8b465ee728b)
Start importing Assets/_Prefabs/UI_Gameplay/ChestHP.prefab using Guid(c52272e1c14c8ad439f3efd55c9bc644) Importer(815301076,1909f56bfc062723c751e8b465ee728b) [PhysX] Initialized MultithreadedTaskDispatcher with 8 workers.
 -> (artifact id: '311244298ff778f1e86c271d4b2f2153') in 0.000553 seconds
Number of updated asset objects reloaded before import = 0
Number of asset objects unloaded after import = 0
========================================================================
Received Import Request.
  Time since last request: 0.000014 seconds.
  path: Assets/_Prefabs/UI_Gameplay/WaveCounter.prefab
  artifactKey: Guid(f8c7653b96910d046a4747b7ed87bcf2) Importer(815301076,1909f56bfc062723c751e8b465ee728b)
Start importing Assets/_Prefabs/UI_Gameplay/WaveCounter.prefab using Guid(f8c7653b96910d046a4747b7ed87bcf2) Importer(815301076,1909f56bfc062723c751e8b465ee728b) [PhysX] Initialized MultithreadedTaskDispatcher with 8 workers.
 -> (artifact id: '91d1ee72d93a7a13f97323a71efdfbca') in 0.000802 seconds
Number of updated asset objects reloaded before import = 0
Number of asset objects unloaded after import = 0
========================================================================
Received Import Request.
  Time since last request: 0.000222 seconds.
  path: Assets/_Prefabs/UI_Gameplay/DirectionalPrompt.prefab
  artifactKey: Guid(64952b575b039554cac54874c820d4be) Importer(815301076,1909f56bfc062723c751e8b465ee728b)
Start importing Assets/_Prefabs/UI_Gameplay/DirectionalPrompt.prefab using Guid(64952b575b039554cac54874c820d4be) Importer(815301076,1909f56bfc062723c751e8b465ee728b) [PhysX] Initialized MultithreadedTaskDispatcher with 8 workers.
 -> (artifact id: 'a1ca0ba18ae9783083aab214e99a093f') in 0.000448 seconds
Number of updated asset objects reloaded before import = 0
Number of asset objects unloaded after import = 0
========================================================================
Received Import Request.
  Time since last request: 169.685373 seconds.
  path: Assets/_Assets/Shikashi's Fantasy Icons Pack v2/Shikashi's Fantasy Icons Pack v2/#1 - Transparent Icons.png
  artifactKey: Guid(f58bada50fe775240b46b268bfbc5146) Importer(815301076,1909f56bfc062723c751e8b465ee728b)
Start importing Assets/_Assets/Shikashi's Fantasy Icons Pack v2/Shikashi's Fantasy Icons Pack v2/#1 - Transparent Icons.png using Guid(f58bada50fe775240b46b268bfbc5146) Importer(815301076,1909f56bfc062723c751e8b465ee728b) [PhysX] Initialized MultithreadedTaskDispatcher with 8 workers.
[PhysX] Initialized MultithreadedTaskDispatcher with 8 workers.
 -> (artifact id: '37eca23e18d9aee9b4c2f43f8426559a') in 0.527197 seconds
Number of updated asset objects reloaded before import = 0
Number of asset objects unloaded after import = 286
========================================================================
Received Import Request.
  Time since last request: 1.799875 seconds.
  path: Assets/_Assets/kenney_ui-pack/PNG/Green/Default/arrow_basic_e.png
  artifactKey: Guid(e9c93b053dace91488dd75266524d2b2) Importer(815301076,1909f56bfc062723c751e8b465ee728b)
Start importing Assets/_Assets/kenney_ui-pack/PNG/Green/Default/arrow_basic_e.png using Guid(e9c93b053dace91488dd75266524d2b2) Importer(815301076,1909f56bfc062723c751e8b465ee728b) [PhysX] Initialized MultithreadedTaskDispatcher with 8 workers.
[PhysX] Initialized MultithreadedTaskDispatcher with 8 workers.
 -> (artifact id: 'ae6c8e984c85f2c429cb9cb3963267dd') in 0.007012 seconds
Number of updated asset objects reloaded before import = 0
Number of asset objects unloaded after import = 3
========================================================================
Received Import Request.
  Time since last request: 0.019869 seconds.
  path: Assets/_Assets/kenney_ui-pack/PNG/Yellow/Double/arrow_basic_e.png
  artifactKey: Guid(323bec9fab0b5574bbd9d6c11dbe363a) Importer(815301076,1909f56bfc062723c751e8b465ee728b)
Start importing Assets/_Assets/kenney_ui-pack/PNG/Yellow/Double/arrow_basic_e.png using Guid(323bec9fab0b5574bbd9d6c11dbe363a) Importer(815301076,1909f56bfc062723c751e8b465ee728b) [PhysX] Initialized MultithreadedTaskDispatcher with 8 workers.
[PhysX] Initialized MultithreadedTaskDispatcher with 8 workers.
 -> (artifact id: 'e8770f9629955b2befd04dc48860ddf9') in 0.020170 seconds
Number of updated asset objects reloaded before import = 0
Number of asset objects unloaded after import = 3
========================================================================
Received Import Request.
  Time since last request: 0.000034 seconds.
  path: Assets/_Assets/kenney_ui-pack/PNG/Yellow/Default/arrow_basic_e.png
  artifactKey: Guid(44c954edc72c71646b5bbe01dc81e84f) Importer(815301076,1909f56bfc062723c751e8b465ee728b)
Start importing Assets/_Assets/kenney_ui-pack/PNG/Yellow/Default/arrow_basic_e.png using Guid(44c954edc72c71646b5bbe01dc81e84f) Importer(815301076,1909f56bfc062723c751e8b465ee728b) [PhysX] Initialized MultithreadedTaskDispatcher with 8 workers.
[PhysX] Initialized MultithreadedTaskDispatcher with 8 workers.
 -> (artifact id: 'ca157bcc3aa97ba097ff12fcb4823d3e') in 0.045533 seconds
Number of updated asset objects reloaded before import = 0
Number of asset objects unloaded after import = 3
========================================================================
Received Import Request.
  Time since last request: 0.000039 seconds.
  path: Assets/_Assets/kenney_ui-pack/PNG/Grey/Double/arrow_basic_e.png
  artifactKey: Guid(0d686023aa608344788b712512c6e2bd) Importer(815301076,1909f56bfc062723c751e8b465ee728b)
Start importing Assets/_Assets/kenney_ui-pack/PNG/Grey/Double/arrow_basic_e.png using Guid(0d686023aa608344788b712512c6e2bd) Importer(815301076,1909f56bfc062723c751e8b465ee728b) [PhysX] Initialized MultithreadedTaskDispatcher with 8 workers.
[PhysX] Initialized MultithreadedTaskDispatcher with 8 workers.
 -> (artifact id: '997ef424e74f7ad6ff4c07ff5542a07b') in 0.029891 seconds
Number of updated asset objects reloaded before import = 0
Number of asset objects unloaded after import = 3
========================================================================
Received Import Request.
  Time since last request: 0.001356 seconds.
  path: Assets/_Assets/kenney_ui-pack/PNG/Grey/Default/arrow_basic_e.png
  artifactKey: Guid(e994ff85a199fd845987d5ac5508721e) Importer(815301076,1909f56bfc062723c751e8b465ee728b)
Start importing Assets/_Assets/kenney_ui-pack/PNG/Grey/Default/arrow_basic_e.png using Guid(e994ff85a199fd845987d5ac5508721e) Importer(815301076,1909f56bfc062723c751e8b465ee728b) [PhysX] Initialized MultithreadedTaskDispatcher with 8 workers.
[PhysX] Initialized MultithreadedTaskDispatcher with 8 workers.
 -> (artifact id: '30e5c95df546ce55f6b0b689fe83277b') in 0.019987 seconds
Number of updated asset objects reloaded before import = 0
Number of asset objects unloaded after import = 3
========================================================================
Received Import Request.
  Time since last request: 0.000035 seconds.
  path: Assets/_Assets/kenney_ui-pack/PNG/Blue/Default/arrow_basic_e.png
  artifactKey: Guid(ffa0f140535a01347bd864066b7218ff) Importer(815301076,1909f56bfc062723c751e8b465ee728b)
Start importing Assets/_Assets/kenney_ui-pack/PNG/Blue/Default/arrow_basic_e.png using Guid(ffa0f140535a01347bd864066b7218ff) Importer(815301076,1909f56bfc062723c751e8b465ee728b) [PhysX] Initialized MultithreadedTaskDispatcher with 8 workers.
[PhysX] Initialized MultithreadedTaskDispatcher with 8 workers.
 -> (artifact id: 'c129dbdea21efdf41d12b9f2f04bfa67') in 0.008568 seconds
Number of updated asset objects reloaded before import = 0
Number of asset objects unloaded after import = 3
========================================================================
Received Import Request.
  Time since last request: 0.000014 seconds.
  path: Assets/_Assets/kenney_ui-pack/PNG/Green/Double/arrow_basic_e.png
  artifactKey: Guid(909e97d6909d67c42ae2ff67be6fca2b) Importer(815301076,1909f56bfc062723c751e8b465ee728b)
Start importing Assets/_Assets/kenney_ui-pack/PNG/Green/Double/arrow_basic_e.png using Guid(909e97d6909d67c42ae2ff67be6fca2b) Importer(815301076,1909f56bfc062723c751e8b465ee728b) [PhysX] Initialized MultithreadedTaskDispatcher with 8 workers.
[PhysX] Initialized MultithreadedTaskDispatcher with 8 workers.
 -> (artifact id: 'c10740b5efbebabb296afbb33bfe13fa') in 0.010931 seconds
Number of updated asset objects reloaded before import = 0
Number of asset objects unloaded after import = 3
========================================================================
Received Import Request.
  Time since last request: 0.000018 seconds.
  path: Assets/_Assets/kenney_ui-pack/PNG/Red/Default/arrow_basic_e.png
  artifactKey: Guid(a005dd32cfa5eff4ead42a18ae5e453c) Importer(815301076,1909f56bfc062723c751e8b465ee728b)
Start importing Assets/_Assets/kenney_ui-pack/PNG/Red/Default/arrow_basic_e.png using Guid(a005dd32cfa5eff4ead42a18ae5e453c) Importer(815301076,1909f56bfc062723c751e8b465ee728b) [PhysX] Initialized MultithreadedTaskDispatcher with 8 workers.
[PhysX] Initialized MultithreadedTaskDispatcher with 8 workers.
 -> (artifact id: 'a7019a1591d3609c1c2f80e544888d64') in 0.008459 seconds
Number of updated asset objects reloaded before import = 0
Number of asset objects unloaded after import = 3
========================================================================
Received Import Request.
  Time since last request: 0.220903 seconds.
  path: Assets/_Assets/kenney_ui-pack/PNG/Blue/Double/arrow_basic_e.png
  artifactKey: Guid(663a007fa87d177429666904b67641a5) Importer(815301076,1909f56bfc062723c751e8b465ee728b)
Start importing Assets/_Assets/kenney_ui-pack/PNG/Blue/Double/arrow_basic_e.png using Guid(663a007fa87d177429666904b67641a5) Importer(815301076,1909f56bfc062723c751e8b465ee728b) [PhysX] Initialized MultithreadedTaskDispatcher with 8 workers.
[PhysX] Initialized MultithreadedTaskDispatcher with 8 workers.
 -> (artifact id: '45191313c7b4ef279b18cef13a5f6edc') in 0.007121 seconds
Number of updated asset objects reloaded before import = 0
Number of asset objects unloaded after import = 3
========================================================================
Received Import Request.
  Time since last request: 0.000014 seconds.
  path: Assets/_Assets/kenney_ui-pack/PNG/Red/Double/arrow_basic_n.png
  artifactKey: Guid(0e0b3181d7a93af4b8c7442c8a0a166b) Importer(815301076,1909f56bfc062723c751e8b465ee728b)
Start importing Assets/_Assets/kenney_ui-pack/PNG/Red/Double/arrow_basic_n.png using Guid(0e0b3181d7a93af4b8c7442c8a0a166b) Importer(815301076,1909f56bfc062723c751e8b465ee728b) [PhysX] Initialized MultithreadedTaskDispatcher with 8 workers.
[PhysX] Initialized MultithreadedTaskDispatcher with 8 workers.
 -> (artifact id: 'f6ddab29da5ba7cd882e715881ded27a') in 0.008064 seconds
Number of updated asset objects reloaded before import = 0
Number of asset objects unloaded after import = 3
========================================================================
Received Import Request.
  Time since last request: 0.000017 seconds.
  path: Assets/_Assets/kenney_ui-pack/PNG/Grey/Default/arrow_basic_n.png
  artifactKey: Guid(842e735498d146447ae6d6fd90ad3d30) Importer(815301076,1909f56bfc062723c751e8b465ee728b)
Start importing Assets/_Assets/kenney_ui-pack/PNG/Grey/Default/arrow_basic_n.png using Guid(842e735498d146447ae6d6fd90ad3d30) Importer(815301076,1909f56bfc062723c751e8b465ee728b) [PhysX] Initialized MultithreadedTaskDispatcher with 8 workers.
[PhysX] Initialized MultithreadedTaskDispatcher with 8 workers.
 -> (artifact id: '7dc09c344712e83cbdc5f630a733d953') in 0.006928 seconds
Number of updated asset objects reloaded before import = 0
Number of asset objects unloaded after import = 3
========================================================================
Received Import Request.
  Time since last request: 0.000022 seconds.
  path: Assets/_Assets/kenney_ui-pack/PNG/Red/Default/arrow_basic_e_small.png
  artifactKey: Guid(0bd5c3974a104a643afb2d334946babb) Importer(815301076,1909f56bfc062723c751e8b465ee728b)
Start importing Assets/_Assets/kenney_ui-pack/PNG/Red/Default/arrow_basic_e_small.png using Guid(0bd5c3974a104a643afb2d334946babb) Importer(815301076,1909f56bfc062723c751e8b465ee728b) [PhysX] Initialized MultithreadedTaskDispatcher with 8 workers.
[PhysX] Initialized MultithreadedTaskDispatcher with 8 workers.
 -> (artifact id: '367ecf0efbc8949a8caaa027713244d2') in 0.011482 seconds
Number of updated asset objects reloaded before import = 0
Number of asset objects unloaded after import = 3
========================================================================
Received Import Request.
  Time since last request: 0.000014 seconds.
  path: Assets/_Assets/kenney_ui-pack/PNG/Yellow/Default/arrow_basic_n.png
  artifactKey: Guid(efb675785f15928488c7ec08443e3f86) Importer(815301076,1909f56bfc062723c751e8b465ee728b)
Start importing Assets/_Assets/kenney_ui-pack/PNG/Yellow/Default/arrow_basic_n.png using Guid(efb675785f15928488c7ec08443e3f86) Importer(815301076,1909f56bfc062723c751e8b465ee728b) [PhysX] Initialized MultithreadedTaskDispatcher with 8 workers.
[PhysX] Initialized MultithreadedTaskDispatcher with 8 workers.
 -> (artifact id: '1ab0ec20a19980fc53c20bdd72a78548') in 0.007276 seconds
Number of updated asset objects reloaded before import = 0
Number of asset objects unloaded after import = 3
========================================================================
Received Import Request.
  Time since last request: 0.000017 seconds.
  path: Assets/_Assets/kenney_ui-pack/PNG/Green/Double/arrow_basic_n_small.png
  artifactKey: Guid(b9bcccdf50ec69849a9d468848f3a452) Importer(815301076,1909f56bfc062723c751e8b465ee728b)
Start importing Assets/_Assets/kenney_ui-pack/PNG/Green/Double/arrow_basic_n_small.png using Guid(b9bcccdf50ec69849a9d468848f3a452) Importer(815301076,1909f56bfc062723c751e8b465ee728b) [PhysX] Initialized MultithreadedTaskDispatcher with 8 workers.
[PhysX] Initialized MultithreadedTaskDispatcher with 8 workers.
 -> (artifact id: '3b9dc626cca6aea59852df038e690c4f') in 0.012313 seconds
Number of updated asset objects reloaded before import = 0
Number of asset objects unloaded after import = 3
========================================================================
Received Import Request.
  Time since last request: 0.000020 seconds.
  path: Assets/_Assets/kenney_ui-pack/PNG/Blue/Double/arrow_basic_s.png
  artifactKey: Guid(fd56a052234046544a92732aa1d536aa) Importer(815301076,1909f56bfc062723c751e8b465ee728b)
Start importing Assets/_Assets/kenney_ui-pack/PNG/Blue/Double/arrow_basic_s.png using Guid(fd56a052234046544a92732aa1d536aa) Importer(815301076,1909f56bfc062723c751e8b465ee728b) [PhysX] Initialized MultithreadedTaskDispatcher with 8 workers.
[PhysX] Initialized MultithreadedTaskDispatcher with 8 workers.
 -> (artifact id: '0fea35ddf552d402c4f186598c6914a3') in 0.010426 seconds
Number of updated asset objects reloaded before import = 0
Number of asset objects unloaded after import = 3
========================================================================
Received Import Request.
  Time since last request: 0.000018 seconds.
  path: Assets/_Assets/kenney_ui-pack/PNG/Green/Double/arrow_basic_s.png
  artifactKey: Guid(df9d1f65e9735094a96f60290d4b7274) Importer(815301076,1909f56bfc062723c751e8b465ee728b)
Start importing Assets/_Assets/kenney_ui-pack/PNG/Green/Double/arrow_basic_s.png using Guid(df9d1f65e9735094a96f60290d4b7274) Importer(815301076,1909f56bfc062723c751e8b465ee728b) [PhysX] Initialized MultithreadedTaskDispatcher with 8 workers.
[PhysX] Initialized MultithreadedTaskDispatcher with 8 workers.
 -> (artifact id: '46f542489202b482aeaf58d96f38d4e0') in 0.011780 seconds
Number of updated asset objects reloaded before import = 0
Number of asset objects unloaded after import = 3
========================================================================
Received Import Request.
  Time since last request: 0.000017 seconds.
  path: Assets/_Assets/kenney_ui-pack/PNG/Yellow/Default/arrow_basic_e_small.png
  artifactKey: Guid(1e97fd6c317fd4d4b8a23ca7185d5c65) Importer(815301076,1909f56bfc062723c751e8b465ee728b)
Start importing Assets/_Assets/kenney_ui-pack/PNG/Yellow/Default/arrow_basic_e_small.png using Guid(1e97fd6c317fd4d4b8a23ca7185d5c65) Importer(815301076,1909f56bfc062723c751e8b465ee728b) [PhysX] Initialized MultithreadedTaskDispatcher with 8 workers.
[PhysX] Initialized MultithreadedTaskDispatcher with 8 workers.
 -> (artifact id: '2fef9d1a7f6be07d8177b396554b3e0f') in 0.009113 seconds
Number of updated asset objects reloaded before import = 0
Number of asset objects unloaded after import = 3
========================================================================
Received Import Request.
  Time since last request: 0.000018 seconds.
  path: Assets/_Assets/kenney_ui-pack/PNG/Red/Double/arrow_basic_s_small.png
  artifactKey: Guid(40bcb904c20b42d43b15db6e1c2f960f) Importer(815301076,1909f56bfc062723c751e8b465ee728b)
Start importing Assets/_Assets/kenney_ui-pack/PNG/Red/Double/arrow_basic_s_small.png using Guid(40bcb904c20b42d43b15db6e1c2f960f) Importer(815301076,1909f56bfc062723c751e8b465ee728b) [PhysX] Initialized MultithreadedTaskDispatcher with 8 workers.
[PhysX] Initialized MultithreadedTaskDispatcher with 8 workers.
 -> (artifact id: '022e288c137286d04364233f0ae17ede') in 0.010196 seconds
Number of updated asset objects reloaded before import = 0
Number of asset objects unloaded after import = 3
========================================================================
Received Import Request.
  Time since last request: 0.000022 seconds.
  path: Assets/_Assets/kenney_ui-pack/PNG/Blue/Default/arrow_basic_s_small.png
  artifactKey: Guid(265c7c9d77ee5f941bff9846385dbe73) Importer(815301076,1909f56bfc062723c751e8b465ee728b)
Start importing Assets/_Assets/kenney_ui-pack/PNG/Blue/Default/arrow_basic_s_small.png using Guid(265c7c9d77ee5f941bff9846385dbe73) Importer(815301076,1909f56bfc062723c751e8b465ee728b) [PhysX] Initialized MultithreadedTaskDispatcher with 8 workers.
[PhysX] Initialized MultithreadedTaskDispatcher with 8 workers.
 -> (artifact id: 'cef2b2359763e92506a8ba5d554ef324') in 0.008706 seconds
Number of updated asset objects reloaded before import = 0
Number of asset objects unloaded after import = 3
========================================================================
Received Import Request.
  Time since last request: 0.000016 seconds.
  path: Assets/_Assets/kenney_ui-pack/PNG/Grey/Double/arrow_basic_n_small.png
  artifactKey: Guid(51b41d5e7f1209e419663e534c9ce481) Importer(815301076,1909f56bfc062723c751e8b465ee728b)
Start importing Assets/_Assets/kenney_ui-pack/PNG/Grey/Double/arrow_basic_n_small.png using Guid(51b41d5e7f1209e419663e534c9ce481) Importer(815301076,1909f56bfc062723c751e8b465ee728b) [PhysX] Initialized MultithreadedTaskDispatcher with 8 workers.
[PhysX] Initialized MultithreadedTaskDispatcher with 8 workers.
 -> (artifact id: '73c65cdadc6d228e9535504413d013a6') in 0.007419 seconds
Number of updated asset objects reloaded before import = 0
Number of asset objects unloaded after import = 3
========================================================================
Received Import Request.
  Time since last request: 0.000017 seconds.
  path: Assets/_Assets/kenney_ui-pack/PNG/Yellow/Default/arrow_basic_s.png
  artifactKey: Guid(20a55051099486c469829c122c233b13) Importer(815301076,1909f56bfc062723c751e8b465ee728b)
Start importing Assets/_Assets/kenney_ui-pack/PNG/Yellow/Default/arrow_basic_s.png using Guid(20a55051099486c469829c122c233b13) Importer(815301076,1909f56bfc062723c751e8b465ee728b) [PhysX] Initialized MultithreadedTaskDispatcher with 8 workers.
[PhysX] Initialized MultithreadedTaskDispatcher with 8 workers.
 -> (artifact id: 'a888a56e67c7c75d95f0a9a1dc49f563') in 0.006621 seconds
Number of updated asset objects reloaded before import = 0
Number of asset objects unloaded after import = 3
========================================================================
Received Import Request.
  Time since last request: 0.000016 seconds.
  path: Assets/_Assets/kenney_ui-pack/PNG/Yellow/Default/arrow_basic_w.png
  artifactKey: Guid(18b00bbf7b861564daa97628fbb9187f) Importer(815301076,1909f56bfc062723c751e8b465ee728b)
Start importing Assets/_Assets/kenney_ui-pack/PNG/Yellow/Default/arrow_basic_w.png using Guid(18b00bbf7b861564daa97628fbb9187f) Importer(815301076,1909f56bfc062723c751e8b465ee728b) [PhysX] Initialized MultithreadedTaskDispatcher with 8 workers.
[PhysX] Initialized MultithreadedTaskDispatcher with 8 workers.
 -> (artifact id: '0085bd1f5fadbe06e382552f439a18a1') in 0.007206 seconds
Number of updated asset objects reloaded before import = 0
Number of asset objects unloaded after import = 3
========================================================================
Received Import Request.
  Time since last request: 0.000018 seconds.
  path: Assets/_Assets/kenney_ui-pack/PNG/Red/Default/arrow_basic_w.png
  artifactKey: Guid(0a6de293a48ef96479e2426d078427ad) Importer(815301076,1909f56bfc062723c751e8b465ee728b)
Start importing Assets/_Assets/kenney_ui-pack/PNG/Red/Default/arrow_basic_w.png using Guid(0a6de293a48ef96479e2426d078427ad) Importer(815301076,1909f56bfc062723c751e8b465ee728b) [PhysX] Initialized MultithreadedTaskDispatcher with 8 workers.
[PhysX] Initialized MultithreadedTaskDispatcher with 8 workers.
 -> (artifact id: '9285c4058beda59b4746648cad0a203b') in 0.007687 seconds
Number of updated asset objects reloaded before import = 0
Number of asset objects unloaded after import = 3
========================================================================
Received Import Request.
  Time since last request: 0.000012 seconds.
  path: Assets/_Assets/kenney_ui-pack/PNG/Green/Double/arrow_basic_w_small.png
  artifactKey: Guid(c24f923c3fb94cb49b52fddc2fa91854) Importer(815301076,1909f56bfc062723c751e8b465ee728b)
Start importing Assets/_Assets/kenney_ui-pack/PNG/Green/Double/arrow_basic_w_small.png using Guid(c24f923c3fb94cb49b52fddc2fa91854) Importer(815301076,1909f56bfc062723c751e8b465ee728b) [PhysX] Initialized MultithreadedTaskDispatcher with 8 workers.
[PhysX] Initialized MultithreadedTaskDispatcher with 8 workers.
 -> (artifact id: 'd93dab76e6e25099020e5a2cb0d59670') in 0.008083 seconds
Number of updated asset objects reloaded before import = 0
Number of asset objects unloaded after import = 3
========================================================================
Received Import Request.
  Time since last request: 0.000016 seconds.
  path: Assets/_Assets/kenney_ui-pack/PNG/Blue/Double/arrow_basic_w_small.png
  artifactKey: Guid(6809124d06cb94c449fe1178ef2a56d9) Importer(815301076,1909f56bfc062723c751e8b465ee728b)
Start importing Assets/_Assets/kenney_ui-pack/PNG/Blue/Double/arrow_basic_w_small.png using Guid(6809124d06cb94c449fe1178ef2a56d9) Importer(815301076,1909f56bfc062723c751e8b465ee728b) [PhysX] Initialized MultithreadedTaskDispatcher with 8 workers.
[PhysX] Initialized MultithreadedTaskDispatcher with 8 workers.
 -> (artifact id: 'e16ad1cede00cc60f856ab37a32318dc') in 0.009905 seconds
Number of updated asset objects reloaded before import = 0
Number of asset objects unloaded after import = 3
========================================================================
Received Import Request.
  Time since last request: 0.000015 seconds.
  path: Assets/_Assets/kenney_ui-pack/PNG/Green/Default/arrow_basic_w.png
  artifactKey: Guid(6529f8e72a29e6b4183ff4f356431753) Importer(815301076,1909f56bfc062723c751e8b465ee728b)
Start importing Assets/_Assets/kenney_ui-pack/PNG/Green/Default/arrow_basic_w.png using Guid(6529f8e72a29e6b4183ff4f356431753) Importer(815301076,1909f56bfc062723c751e8b465ee728b) [PhysX] Initialized MultithreadedTaskDispatcher with 8 workers.
[PhysX] Initialized MultithreadedTaskDispatcher with 8 workers.
 -> (artifact id: '71765d70152a6f17ee3100aa77f85459') in 0.008622 seconds
Number of updated asset objects reloaded before import = 0
Number of asset objects unloaded after import = 3
========================================================================
Received Import Request.
  Time since last request: 0.000020 seconds.
  path: Assets/_Assets/kenney_ui-pack/PNG/Red/Double/arrow_basic_w.png
  artifactKey: Guid(e9ecb727c759e314e9521457e94a84e1) Importer(815301076,1909f56bfc062723c751e8b465ee728b)
Start importing Assets/_Assets/kenney_ui-pack/PNG/Red/Double/arrow_basic_w.png using Guid(e9ecb727c759e314e9521457e94a84e1) Importer(815301076,1909f56bfc062723c751e8b465ee728b) [PhysX] Initialized MultithreadedTaskDispatcher with 8 workers.
[PhysX] Initialized MultithreadedTaskDispatcher with 8 workers.
 -> (artifact id: '03b280fd5962b691ff561c160edb6faf') in 0.012141 seconds
Number of updated asset objects reloaded before import = 0
Number of asset objects unloaded after import = 3
========================================================================
Received Import Request.
  Time since last request: 0.000017 seconds.
  path: Assets/_Assets/kenney_ui-pack/PNG/Grey/Default/arrow_basic_n_small.png
  artifactKey: Guid(3e56a455a9a02d241bba94dd55f709d9) Importer(815301076,1909f56bfc062723c751e8b465ee728b)
Start importing Assets/_Assets/kenney_ui-pack/PNG/Grey/Default/arrow_basic_n_small.png using Guid(3e56a455a9a02d241bba94dd55f709d9) Importer(815301076,1909f56bfc062723c751e8b465ee728b) [PhysX] Initialized MultithreadedTaskDispatcher with 8 workers.
[PhysX] Initialized MultithreadedTaskDispatcher with 8 workers.
 -> (artifact id: '805cad8fd0754e4cd2b1e03ee8b765de') in 0.008855 seconds
Number of updated asset objects reloaded before import = 0
Number of asset objects unloaded after import = 3
========================================================================
Received Import Request.
  Time since last request: 0.000014 seconds.
  path: Assets/_Assets/kenney_ui-pack/PNG/Grey/Double/arrow_basic_s_small.png
  artifactKey: Guid(7d665460b82107a43b3dd32d18853b7c) Importer(815301076,1909f56bfc062723c751e8b465ee728b)
Start importing Assets/_Assets/kenney_ui-pack/PNG/Grey/Double/arrow_basic_s_small.png using Guid(7d665460b82107a43b3dd32d18853b7c) Importer(815301076,1909f56bfc062723c751e8b465ee728b) [PhysX] Initialized MultithreadedTaskDispatcher with 8 workers.
[PhysX] Initialized MultithreadedTaskDispatcher with 8 workers.
 -> (artifact id: '5f8919cfe899ac7ea0165483a521dec5') in 0.012558 seconds
Number of updated asset objects reloaded before import = 0
Number of asset objects unloaded after import = 3
========================================================================
Received Import Request.
  Time since last request: 0.000018 seconds.
  path: Assets/_Assets/kenney_ui-pack/PNG/Yellow/Double/arrow_basic_n_small.png
  artifactKey: Guid(3d799bef1a477eb4c90dbc843be8de74) Importer(815301076,1909f56bfc062723c751e8b465ee728b)
Start importing Assets/_Assets/kenney_ui-pack/PNG/Yellow/Double/arrow_basic_n_small.png using Guid(3d799bef1a477eb4c90dbc843be8de74) Importer(815301076,1909f56bfc062723c751e8b465ee728b) [PhysX] Initialized MultithreadedTaskDispatcher with 8 workers.
[PhysX] Initialized MultithreadedTaskDispatcher with 8 workers.
 -> (artifact id: 'f5f10a6923d2ea3c381b523a392237d4') in 0.010792 seconds
Number of updated asset objects reloaded before import = 0
Number of asset objects unloaded after import = 3
========================================================================
Received Import Request.
  Time since last request: 0.000016 seconds.
  path: Assets/_Assets/kenney_ui-pack/PNG/Red/Double/arrow_basic_n_small.png
  artifactKey: Guid(4a56834f72dff644c8d716c704bd5ce4) Importer(815301076,1909f56bfc062723c751e8b465ee728b)
Start importing Assets/_Assets/kenney_ui-pack/PNG/Red/Double/arrow_basic_n_small.png using Guid(4a56834f72dff644c8d716c704bd5ce4) Importer(815301076,1909f56bfc062723c751e8b465ee728b) [PhysX] Initialized MultithreadedTaskDispatcher with 8 workers.
[PhysX] Initialized MultithreadedTaskDispatcher with 8 workers.
 -> (artifact id: 'c6ad9c7a9c375892dddbc5b4f3529285') in 0.008527 seconds
Number of updated asset objects reloaded before import = 0
Number of asset objects unloaded after import = 3
========================================================================
Received Import Request.
  Time since last request: 0.000019 seconds.
  path: Assets/_Assets/kenney_ui-pack/PNG/Yellow/Double/arrow_basic_s.png
  artifactKey: Guid(56f88cef1ce3eed49a9411daa7ff915d) Importer(815301076,1909f56bfc062723c751e8b465ee728b)
Start importing Assets/_Assets/kenney_ui-pack/PNG/Yellow/Double/arrow_basic_s.png using Guid(56f88cef1ce3eed49a9411daa7ff915d) Importer(815301076,1909f56bfc062723c751e8b465ee728b) [PhysX] Initialized MultithreadedTaskDispatcher with 8 workers.
[PhysX] Initialized MultithreadedTaskDispatcher with 8 workers.
 -> (artifact id: 'c678e3265f6413119bfa4f7dfe619fd3') in 0.008594 seconds
Number of updated asset objects reloaded before import = 0
Number of asset objects unloaded after import = 3
========================================================================
Received Import Request.
  Time since last request: 0.000023 seconds.
  path: Assets/_Assets/kenney_ui-pack/PNG/Green/Double/arrow_basic_s_small.png
  artifactKey: Guid(ab95e4801de953247b7692b6a8f2e542) Importer(815301076,1909f56bfc062723c751e8b465ee728b)
Start importing Assets/_Assets/kenney_ui-pack/PNG/Green/Double/arrow_basic_s_small.png using Guid(ab95e4801de953247b7692b6a8f2e542) Importer(815301076,1909f56bfc062723c751e8b465ee728b) [PhysX] Initialized MultithreadedTaskDispatcher with 8 workers.
[PhysX] Initialized MultithreadedTaskDispatcher with 8 workers.
 -> (artifact id: '7290ecf1258b7391f75de113478ea4f1') in 0.013980 seconds
Number of updated asset objects reloaded before import = 0
Number of asset objects unloaded after import = 3
========================================================================
Received Import Request.
  Time since last request: 0.000016 seconds.
  path: Assets/_Assets/kenney_ui-pack/PNG/Red/Double/arrow_basic_w_small.png
  artifactKey: Guid(815ca94b46be10d4296e9779927be9fc) Importer(815301076,1909f56bfc062723c751e8b465ee728b)
Start importing Assets/_Assets/kenney_ui-pack/PNG/Red/Double/arrow_basic_w_small.png using Guid(815ca94b46be10d4296e9779927be9fc) Importer(815301076,1909f56bfc062723c751e8b465ee728b) [PhysX] Initialized MultithreadedTaskDispatcher with 8 workers.
[PhysX] Initialized MultithreadedTaskDispatcher with 8 workers.
 -> (artifact id: 'c22e9711ec3434950ce95b627a13a70c') in 0.011627 seconds
Number of updated asset objects reloaded before import = 0
Number of asset objects unloaded after import = 3
========================================================================
Received Import Request.
  Time since last request: 0.000020 seconds.
  path: Assets/_Assets/kenney_ui-pack/PNG/Blue/Double/arrow_basic_e_small.png
  artifactKey: Guid(b9e3e9ebf2a3fb44f85a6c3549f5e991) Importer(815301076,1909f56bfc062723c751e8b465ee728b)
Start importing Assets/_Assets/kenney_ui-pack/PNG/Blue/Double/arrow_basic_e_small.png using Guid(b9e3e9ebf2a3fb44f85a6c3549f5e991) Importer(815301076,1909f56bfc062723c751e8b465ee728b) [PhysX] Initialized MultithreadedTaskDispatcher with 8 workers.
[PhysX] Initialized MultithreadedTaskDispatcher with 8 workers.
 -> (artifact id: '0509c242ea121bdacf427edda38d1ed2') in 0.009281 seconds
Number of updated asset objects reloaded before import = 0
Number of asset objects unloaded after import = 3
========================================================================
Received Import Request.
  Time since last request: 0.000023 seconds.
  path: Assets/_Assets/kenney_ui-pack/PNG/Green/Default/arrow_basic_e_small.png
  artifactKey: Guid(329e653755cd2e74da704a594dfecd3c) Importer(815301076,1909f56bfc062723c751e8b465ee728b)
Start importing Assets/_Assets/kenney_ui-pack/PNG/Green/Default/arrow_basic_e_small.png using Guid(329e653755cd2e74da704a594dfecd3c) Importer(815301076,1909f56bfc062723c751e8b465ee728b) [PhysX] Initialized MultithreadedTaskDispatcher with 8 workers.
[PhysX] Initialized MultithreadedTaskDispatcher with 8 workers.
 -> (artifact id: '2007187f227d19a2d23f9bd22e8ed2a8') in 0.013389 seconds
Number of updated asset objects reloaded before import = 0
Number of asset objects unloaded after import = 3
========================================================================
Received Import Request.
  Time since last request: 0.000025 seconds.
  path: Assets/_Assets/kenney_ui-pack/PNG/Grey/Default/arrow_basic_s.png
  artifactKey: Guid(f8324bd978726314ab58330829842a0a) Importer(815301076,1909f56bfc062723c751e8b465ee728b)
Start importing Assets/_Assets/kenney_ui-pack/PNG/Grey/Default/arrow_basic_s.png using Guid(f8324bd978726314ab58330829842a0a) Importer(815301076,1909f56bfc062723c751e8b465ee728b) [PhysX] Initialized MultithreadedTaskDispatcher with 8 workers.
[PhysX] Initialized MultithreadedTaskDispatcher with 8 workers.
 -> (artifact id: '1cfe8b75681322b60a65fa71367ae16f') in 0.008248 seconds
Number of updated asset objects reloaded before import = 0
Number of asset objects unloaded after import = 3
========================================================================
Received Import Request.
  Time since last request: 0.000046 seconds.
  path: Assets/_Assets/kenney_ui-pack/PNG/Grey/Default/arrow_basic_w_small.png
  artifactKey: Guid(810dcdba3bba1e64fa1b6e30d1b45662) Importer(815301076,1909f56bfc062723c751e8b465ee728b)
Start importing Assets/_Assets/kenney_ui-pack/PNG/Grey/Default/arrow_basic_w_small.png using Guid(810dcdba3bba1e64fa1b6e30d1b45662) Importer(815301076,1909f56bfc062723c751e8b465ee728b) [PhysX] Initialized MultithreadedTaskDispatcher with 8 workers.
[PhysX] Initialized MultithreadedTaskDispatcher with 8 workers.
 -> (artifact id: '077a605249e1a949a71a96ab1b01af12') in 0.009020 seconds
Number of updated asset objects reloaded before import = 0
Number of asset objects unloaded after import = 3
========================================================================
Received Import Request.
  Time since last request: 0.000015 seconds.
  path: Assets/_Assets/kenney_ui-pack/PNG/Grey/Default/arrow_basic_s_small.png
  artifactKey: Guid(f803bc569aa96ad44a2a8cd524663d38) Importer(815301076,1909f56bfc062723c751e8b465ee728b)
Start importing Assets/_Assets/kenney_ui-pack/PNG/Grey/Default/arrow_basic_s_small.png using Guid(f803bc569aa96ad44a2a8cd524663d38) Importer(815301076,1909f56bfc062723c751e8b465ee728b) [PhysX] Initialized MultithreadedTaskDispatcher with 8 workers.
[PhysX] Initialized MultithreadedTaskDispatcher with 8 workers.
 -> (artifact id: 'c23761a7c41f9b8eda8c65734367061f') in 0.009479 seconds
Number of updated asset objects reloaded before import = 0
Number of asset objects unloaded after import = 3
========================================================================
Received Import Request.
  Time since last request: 0.000026 seconds.
  path: Assets/_Assets/kenney_ui-pack/PNG/Yellow/Default/arrow_basic_w_small.png
  artifactKey: Guid(232a2d7588b93df4fafa7324b7025798) Importer(815301076,1909f56bfc062723c751e8b465ee728b)
Start importing Assets/_Assets/kenney_ui-pack/PNG/Yellow/Default/arrow_basic_w_small.png using Guid(232a2d7588b93df4fafa7324b7025798) Importer(815301076,1909f56bfc062723c751e8b465ee728b) [PhysX] Initialized MultithreadedTaskDispatcher with 8 workers.
[PhysX] Initialized MultithreadedTaskDispatcher with 8 workers.
 -> (artifact id: 'b94ee5586e0dc1c1cc8db156004dc742') in 0.009029 seconds
Number of updated asset objects reloaded before import = 0
Number of asset objects unloaded after import = 3
========================================================================
Received Import Request.
  Time since last request: 0.000013 seconds.
  path: Assets/_Assets/kenney_ui-pack/PNG/Blue/Default/arrow_basic_w.png
  artifactKey: Guid(c01b2003c7bcacd44809fd1a28d34199) Importer(815301076,1909f56bfc062723c751e8b465ee728b)
Start importing Assets/_Assets/kenney_ui-pack/PNG/Blue/Default/arrow_basic_w.png using Guid(c01b2003c7bcacd44809fd1a28d34199) Importer(815301076,1909f56bfc062723c751e8b465ee728b) [PhysX] Initialized MultithreadedTaskDispatcher with 8 workers.
[PhysX] Initialized MultithreadedTaskDispatcher with 8 workers.
 -> (artifact id: 'd6c0a7cc6862dd529b916416ac586c44') in 0.009873 seconds
Number of updated asset objects reloaded before import = 0
Number of asset objects unloaded after import = 3
========================================================================
Received Import Request.
  Time since last request: 0.000020 seconds.
  path: Assets/_Assets/kenney_ui-pack/PNG/Green/Double/arrow_decorative_e.png
  artifactKey: Guid(3ed8129e75983a8468cb0feb5a0f042a) Importer(815301076,1909f56bfc062723c751e8b465ee728b)
Start importing Assets/_Assets/kenney_ui-pack/PNG/Green/Double/arrow_decorative_e.png using Guid(3ed8129e75983a8468cb0feb5a0f042a) Importer(815301076,1909f56bfc062723c751e8b465ee728b) [PhysX] Initialized MultithreadedTaskDispatcher with 8 workers.
[PhysX] Initialized MultithreadedTaskDispatcher with 8 workers.
 -> (artifact id: 'b551eb8f70319c4be8d651cad4307787') in 0.008763 seconds
Number of updated asset objects reloaded before import = 0
Number of asset objects unloaded after import = 3
========================================================================
Received Import Request.
  Time since last request: 0.000016 seconds.
  path: Assets/_Assets/kenney_ui-pack/PNG/Green/Default/arrow_basic_w_small.png
  artifactKey: Guid(acf7db1c25aa2394784e7b73cc19e846) Importer(815301076,1909f56bfc062723c751e8b465ee728b)
Start importing Assets/_Assets/kenney_ui-pack/PNG/Green/Default/arrow_basic_w_small.png using Guid(acf7db1c25aa2394784e7b73cc19e846) Importer(815301076,1909f56bfc062723c751e8b465ee728b) [PhysX] Initialized MultithreadedTaskDispatcher with 8 workers.
[PhysX] Initialized MultithreadedTaskDispatcher with 8 workers.
 -> (artifact id: 'a55ce5448af325295be159a6beffc0df') in 0.008101 seconds
Number of updated asset objects reloaded before import = 0
Number of asset objects unloaded after import = 3
========================================================================
Received Import Request.
  Time since last request: 0.000275 seconds.
  path: Assets/_Assets/kenney_ui-pack/PNG/Red/Default/arrow_basic_n_small.png
  artifactKey: Guid(d9ae161e5ef3bcf459123f345ecd99a6) Importer(815301076,1909f56bfc062723c751e8b465ee728b)
Start importing Assets/_Assets/kenney_ui-pack/PNG/Red/Default/arrow_basic_n_small.png using Guid(d9ae161e5ef3bcf459123f345ecd99a6) Importer(815301076,1909f56bfc062723c751e8b465ee728b) [PhysX] Initialized MultithreadedTaskDispatcher with 8 workers.
[PhysX] Initialized MultithreadedTaskDispatcher with 8 workers.
 -> (artifact id: '0a1f1f70f1f37f729da578167cb790ef') in 0.011785 seconds
Number of updated asset objects reloaded before import = 0
Number of asset objects unloaded after import = 3
========================================================================
Received Import Request.
  Time since last request: 0.037472 seconds.
  path: Assets/_Assets/kenney_ui-pack/PNG/Red/Double/arrow_decorative_e.png
  artifactKey: Guid(4c712f061588ff24fa40c21c197dddc3) Importer(815301076,1909f56bfc062723c751e8b465ee728b)
Start importing Assets/_Assets/kenney_ui-pack/PNG/Red/Double/arrow_decorative_e.png using Guid(4c712f061588ff24fa40c21c197dddc3) Importer(815301076,1909f56bfc062723c751e8b465ee728b) [PhysX] Initialized MultithreadedTaskDispatcher with 8 workers.
[PhysX] Initialized MultithreadedTaskDispatcher with 8 workers.
 -> (artifact id: '32548dc5f618f998955a8e0e27ce2d2f') in 0.009121 seconds
Number of updated asset objects reloaded before import = 0
Number of asset objects unloaded after import = 3
========================================================================
Received Import Request.
  Time since last request: 0.000019 seconds.
  path: Assets/_Assets/kenney_ui-pack/PNG/Yellow/Double/arrow_decorative_e.png
  artifactKey: Guid(7e84a4e78ce816749a6e09e972868bc6) Importer(815301076,1909f56bfc062723c751e8b465ee728b)
Start importing Assets/_Assets/kenney_ui-pack/PNG/Yellow/Double/arrow_decorative_e.png using Guid(7e84a4e78ce816749a6e09e972868bc6) Importer(815301076,1909f56bfc062723c751e8b465ee728b) [PhysX] Initialized MultithreadedTaskDispatcher with 8 workers.
[PhysX] Initialized MultithreadedTaskDispatcher with 8 workers.
 -> (artifact id: 'e2cd9385f563ac6bb2dbf079a6217fe3') in 0.009841 seconds
Number of updated asset objects reloaded before import = 0
Number of asset objects unloaded after import = 3
========================================================================
Received Import Request.
  Time since last request: 0.000227 seconds.
  path: Assets/_Assets/kenney_ui-pack/PNG/Blue/Default/arrow_decorative_e_small.png
  artifactKey: Guid(0881e8bd702ace640a8371eb6bb6e3b6) Importer(815301076,1909f56bfc062723c751e8b465ee728b)
Start importing Assets/_Assets/kenney_ui-pack/PNG/Blue/Default/arrow_decorative_e_small.png using Guid(0881e8bd702ace640a8371eb6bb6e3b6) Importer(815301076,1909f56bfc062723c751e8b465ee728b) [PhysX] Initialized MultithreadedTaskDispatcher with 8 workers.
[PhysX] Initialized MultithreadedTaskDispatcher with 8 workers.
 -> (artifact id: '32d0c8729cbad04e5a49553e67cbe8eb') in 0.008205 seconds
Number of updated asset objects reloaded before import = 0
Number of asset objects unloaded after import = 3
========================================================================
Received Import Request.
  Time since last request: 0.000022 seconds.
  path: Assets/_Assets/kenney_ui-pack/PNG/Blue/Double/arrow_decorative_e.png
  artifactKey: Guid(cae4eac106de68a469d1fd3fb8136737) Importer(815301076,1909f56bfc062723c751e8b465ee728b)
Start importing Assets/_Assets/kenney_ui-pack/PNG/Blue/Double/arrow_decorative_e.png using Guid(cae4eac106de68a469d1fd3fb8136737) Importer(815301076,1909f56bfc062723c751e8b465ee728b) [PhysX] Initialized MultithreadedTaskDispatcher with 8 workers.
[PhysX] Initialized MultithreadedTaskDispatcher with 8 workers.
 -> (artifact id: '5d85461637a559f5b38dd32f8cf1cd0d') in 0.009338 seconds
Number of updated asset objects reloaded before import = 0
Number of asset objects unloaded after import = 3
========================================================================
Received Import Request.
  Time since last request: 0.000073 seconds.
  path: Assets/_Assets/kenney_ui-pack/PNG/Yellow/Default/arrow_decorative_e_small.png
  artifactKey: Guid(2e2d09128b4256f4e9c3b9d5a65eca37) Importer(815301076,1909f56bfc062723c751e8b465ee728b)
Start importing Assets/_Assets/kenney_ui-pack/PNG/Yellow/Default/arrow_decorative_e_small.png using Guid(2e2d09128b4256f4e9c3b9d5a65eca37) Importer(815301076,1909f56bfc062723c751e8b465ee728b) [PhysX] Initialized MultithreadedTaskDispatcher with 8 workers.
[PhysX] Initialized MultithreadedTaskDispatcher with 8 workers.
 -> (artifact id: 'f9f35bd536669387c81506ae36f32f6b') in 0.008773 seconds
Number of updated asset objects reloaded before import = 0
Number of asset objects unloaded after import = 3
========================================================================
Received Import Request.
  Time since last request: 0.000017 seconds.
  path: Assets/_Assets/kenney_ui-pack/PNG/Red/Default/arrow_decorative_n_small.png
  artifactKey: Guid(10255c65dd8aed24cba127628ec56629) Importer(815301076,1909f56bfc062723c751e8b465ee728b)
Start importing Assets/_Assets/kenney_ui-pack/PNG/Red/Default/arrow_decorative_n_small.png using Guid(10255c65dd8aed24cba127628ec56629) Importer(815301076,1909f56bfc062723c751e8b465ee728b) [PhysX] Initialized MultithreadedTaskDispatcher with 8 workers.
[PhysX] Initialized MultithreadedTaskDispatcher with 8 workers.
 -> (artifact id: '843fd78176fb18bcab1da70e4c276bb5') in 0.006892 seconds
Number of updated asset objects reloaded before import = 0
Number of asset objects unloaded after import = 3
========================================================================
Received Import Request.
  Time since last request: 0.000013 seconds.
  path: Assets/_Assets/kenney_ui-pack/PNG/Red/Default/arrow_decorative_s.png
  artifactKey: Guid(9001aad75bce00047b870a0ad1818ad5) Importer(815301076,1909f56bfc062723c751e8b465ee728b)
Start importing Assets/_Assets/kenney_ui-pack/PNG/Red/Default/arrow_decorative_s.png using Guid(9001aad75bce00047b870a0ad1818ad5) Importer(815301076,1909f56bfc062723c751e8b465ee728b) [PhysX] Initialized MultithreadedTaskDispatcher with 8 workers.
[PhysX] Initialized MultithreadedTaskDispatcher with 8 workers.
 -> (artifact id: '8bc58dac1331ba8183230e6b48aa065f') in 0.006980 seconds
Number of updated asset objects reloaded before import = 0
Number of asset objects unloaded after import = 3
========================================================================
Received Import Request.
  Time since last request: 0.000013 seconds.
  path: Assets/_Assets/kenney_ui-pack/PNG/Grey/Double/arrow_decorative_s.png
  artifactKey: Guid(4c5631280ef8f5a449a613432cb072ea) Importer(815301076,1909f56bfc062723c751e8b465ee728b)
Start importing Assets/_Assets/kenney_ui-pack/PNG/Grey/Double/arrow_decorative_s.png using Guid(4c5631280ef8f5a449a613432cb072ea) Importer(815301076,1909f56bfc062723c751e8b465ee728b) [PhysX] Initialized MultithreadedTaskDispatcher with 8 workers.
[PhysX] Initialized MultithreadedTaskDispatcher with 8 workers.
 -> (artifact id: 'deebfb52b8db3f43893533eb8af21536') in 0.006955 seconds
Number of updated asset objects reloaded before import = 0
Number of asset objects unloaded after import = 3
========================================================================
Received Import Request.
  Time since last request: 0.000015 seconds.
  path: Assets/_Assets/kenney_ui-pack/PNG/Red/Double/arrow_decorative_s.png
  artifactKey: Guid(68737259ff2487a4583633e2dcdf346f) Importer(815301076,1909f56bfc062723c751e8b465ee728b)
Start importing Assets/_Assets/kenney_ui-pack/PNG/Red/Double/arrow_decorative_s.png using Guid(68737259ff2487a4583633e2dcdf346f) Importer(815301076,1909f56bfc062723c751e8b465ee728b) [PhysX] Initialized MultithreadedTaskDispatcher with 8 workers.
[PhysX] Initialized MultithreadedTaskDispatcher with 8 workers.
 -> (artifact id: 'b08a7bdc9b4963cc738845827cc57355') in 0.009836 seconds
Number of updated asset objects reloaded before import = 0
Number of asset objects unloaded after import = 3
========================================================================
Received Import Request.
  Time since last request: 0.000016 seconds.
  path: Assets/_Assets/kenney_ui-pack/PNG/Green/Double/arrow_decorative_s_small.png
  artifactKey: Guid(f44a68798b318f94e8348fc56078683b) Importer(815301076,1909f56bfc062723c751e8b465ee728b)
Start importing Assets/_Assets/kenney_ui-pack/PNG/Green/Double/arrow_decorative_s_small.png using Guid(f44a68798b318f94e8348fc56078683b) Importer(815301076,1909f56bfc062723c751e8b465ee728b) [PhysX] Initialized MultithreadedTaskDispatcher with 8 workers.
[PhysX] Initialized MultithreadedTaskDispatcher with 8 workers.
 -> (artifact id: '400d92135c301b1f31871fdc72f90765') in 0.008811 seconds
Number of updated asset objects reloaded before import = 0
Number of asset objects unloaded after import = 3
========================================================================
Received Import Request.
  Time since last request: 0.000036 seconds.
  path: Assets/_Assets/kenney_ui-pack/PNG/Red/Double/arrow_decorative_n_small.png
  artifactKey: Guid(995ccb5f57ff7c54ea65a05d773f952d) Importer(815301076,1909f56bfc062723c751e8b465ee728b)
Start importing Assets/_Assets/kenney_ui-pack/PNG/Red/Double/arrow_decorative_n_small.png using Guid(995ccb5f57ff7c54ea65a05d773f952d) Importer(815301076,1909f56bfc062723c751e8b465ee728b) [PhysX] Initialized MultithreadedTaskDispatcher with 8 workers.
[PhysX] Initialized MultithreadedTaskDispatcher with 8 workers.
 -> (artifact id: 'e9e7d2d3fc24106594791b57a64af351') in 0.007986 seconds
Number of updated asset objects reloaded before import = 0
Number of asset objects unloaded after import = 3
========================================================================
Received Import Request.
  Time since last request: 0.000016 seconds.
  path: Assets/_Assets/kenney_ui-pack/PNG/Grey/Default/arrow_decorative_s_small.png
  artifactKey: Guid(7e45193a6e29c5948ba54bea785d5338) Importer(815301076,1909f56bfc062723c751e8b465ee728b)
Start importing Assets/_Assets/kenney_ui-pack/PNG/Grey/Default/arrow_decorative_s_small.png using Guid(7e45193a6e29c5948ba54bea785d5338) Importer(815301076,1909f56bfc062723c751e8b465ee728b) [PhysX] Initialized MultithreadedTaskDispatcher with 8 workers.
[PhysX] Initialized MultithreadedTaskDispatcher with 8 workers.
 -> (artifact id: 'eccaee243895fbbc1a5523ed0799017f') in 0.007932 seconds
Number of updated asset objects reloaded before import = 0
Number of asset objects unloaded after import = 3
========================================================================
Received Import Request.
  Time since last request: 0.000013 seconds.
  path: Assets/_Assets/kenney_ui-pack/PNG/Green/Default/arrow_decorative_w.png
  artifactKey: Guid(7e7de23295f209140bb0d100d7653f5b) Importer(815301076,1909f56bfc062723c751e8b465ee728b)
Start importing Assets/_Assets/kenney_ui-pack/PNG/Green/Default/arrow_decorative_w.png using Guid(7e7de23295f209140bb0d100d7653f5b) Importer(815301076,1909f56bfc062723c751e8b465ee728b) [PhysX] Initialized MultithreadedTaskDispatcher with 8 workers.
[PhysX] Initialized MultithreadedTaskDispatcher with 8 workers.
 -> (artifact id: '451f02a5b8017bc9ac4bdbd12b06db2e') in 0.006957 seconds
Number of updated asset objects reloaded before import = 0
Number of asset objects unloaded after import = 3
========================================================================
Received Import Request.
  Time since last request: 0.000018 seconds.
  path: Assets/_Assets/kenney_ui-pack/PNG/Grey/Double/arrow_decorative_w_small.png
  artifactKey: Guid(a4a1e45a5944d1e4e84a83372e6e81bc) Importer(815301076,1909f56bfc062723c751e8b465ee728b)
Start importing Assets/_Assets/kenney_ui-pack/PNG/Grey/Double/arrow_decorative_w_small.png using Guid(a4a1e45a5944d1e4e84a83372e6e81bc) Importer(815301076,1909f56bfc062723c751e8b465ee728b) [PhysX] Initialized MultithreadedTaskDispatcher with 8 workers.
[PhysX] Initialized MultithreadedTaskDispatcher with 8 workers.
 -> (artifact id: 'b6a7d48d9ade057ed9ea7e3b50232f62') in 0.010205 seconds
Number of updated asset objects reloaded before import = 0
Number of asset objects unloaded after import = 3
========================================================================
Received Import Request.
  Time since last request: 0.000027 seconds.
  path: Assets/_Assets/kenney_ui-pack/PNG/Yellow/Default/arrow_decorative_w.png
  artifactKey: Guid(96b94e981b0500c4b9be208fb4024ed9) Importer(815301076,1909f56bfc062723c751e8b465ee728b)
Start importing Assets/_Assets/kenney_ui-pack/PNG/Yellow/Default/arrow_decorative_w.png using Guid(96b94e981b0500c4b9be208fb4024ed9) Importer(815301076,1909f56bfc062723c751e8b465ee728b) [PhysX] Initialized MultithreadedTaskDispatcher with 8 workers.
[PhysX] Initialized MultithreadedTaskDispatcher with 8 workers.
 -> (artifact id: '1310a78e4deafa5b625aab6ad92e1325') in 0.010700 seconds
Number of updated asset objects reloaded before import = 0
Number of asset objects unloaded after import = 3
========================================================================
Received Import Request.
  Time since last request: 0.000018 seconds.
  path: Assets/_Assets/kenney_ui-pack/PNG/Yellow/Default/arrow_decorative_n.png
  artifactKey: Guid(7d2e7f6966500d244937674c1c94814f) Importer(815301076,1909f56bfc062723c751e8b465ee728b)
Start importing Assets/_Assets/kenney_ui-pack/PNG/Yellow/Default/arrow_decorative_n.png using Guid(7d2e7f6966500d244937674c1c94814f) Importer(815301076,1909f56bfc062723c751e8b465ee728b) [PhysX] Initialized MultithreadedTaskDispatcher with 8 workers.
[PhysX] Initialized MultithreadedTaskDispatcher with 8 workers.
 -> (artifact id: '25f7cf9d05d5f673c5a1e71d55629548') in 0.008179 seconds
Number of updated asset objects reloaded before import = 0
Number of asset objects unloaded after import = 3
========================================================================
Received Import Request.
  Time since last request: 0.000014 seconds.
  path: Assets/_Assets/kenney_ui-pack/PNG/Green/Default/arrow_decorative_n_small.png
  artifactKey: Guid(d805b3e9b82d3224d99e14961106a3b1) Importer(815301076,1909f56bfc062723c751e8b465ee728b)
Start importing Assets/_Assets/kenney_ui-pack/PNG/Green/Default/arrow_decorative_n_small.png using Guid(d805b3e9b82d3224d99e14961106a3b1) Importer(815301076,1909f56bfc062723c751e8b465ee728b) [PhysX] Initialized MultithreadedTaskDispatcher with 8 workers.
[PhysX] Initialized MultithreadedTaskDispatcher with 8 workers.
 -> (artifact id: 'd6de9db8d99f11b707899eaca42c1581') in 0.009325 seconds
Number of updated asset objects reloaded before import = 0
Number of asset objects unloaded after import = 3
========================================================================
Received Import Request.
  Time since last request: 0.000016 seconds.
  path: Assets/_Assets/kenney_ui-pack/PNG/Green/Default/arrow_decorative_s.png
  artifactKey: Guid(727c9e657386a4b48b75ac6952bf1dc2) Importer(815301076,1909f56bfc062723c751e8b465ee728b)
Start importing Assets/_Assets/kenney_ui-pack/PNG/Green/Default/arrow_decorative_s.png using Guid(727c9e657386a4b48b75ac6952bf1dc2) Importer(815301076,1909f56bfc062723c751e8b465ee728b) [PhysX] Initialized MultithreadedTaskDispatcher with 8 workers.
[PhysX] Initialized MultithreadedTaskDispatcher with 8 workers.
 -> (artifact id: '4ca3ad816373ced280b22333ce6b3dcb') in 0.007083 seconds
Number of updated asset objects reloaded before import = 0
Number of asset objects unloaded after import = 3
========================================================================
Received Import Request.
  Time since last request: 0.000016 seconds.
  path: Assets/_Assets/kenney_ui-pack/PNG/Blue/Double/arrow_decorative_w_small.png
  artifactKey: Guid(673f344e4e2aab1489da1ad2edc8ec66) Importer(815301076,1909f56bfc062723c751e8b465ee728b)
Start importing Assets/_Assets/kenney_ui-pack/PNG/Blue/Double/arrow_decorative_w_small.png using Guid(673f344e4e2aab1489da1ad2edc8ec66) Importer(815301076,1909f56bfc062723c751e8b465ee728b) [PhysX] Initialized MultithreadedTaskDispatcher with 8 workers.
[PhysX] Initialized MultithreadedTaskDispatcher with 8 workers.
 -> (artifact id: '5c47958fb6e518136868fdd968aacafa') in 0.007604 seconds
Number of updated asset objects reloaded before import = 0
Number of asset objects unloaded after import = 3
========================================================================
Received Import Request.
  Time since last request: 0.000015 seconds.
  path: Assets/_Assets/kenney_ui-pack/PNG/Blue/Double/arrow_decorative_e_small.png
  artifactKey: Guid(4e0085a0f6f758444989ca2fab83e704) Importer(815301076,1909f56bfc062723c751e8b465ee728b)
Start importing Assets/_Assets/kenney_ui-pack/PNG/Blue/Double/arrow_decorative_e_small.png using Guid(4e0085a0f6f758444989ca2fab83e704) Importer(815301076,1909f56bfc062723c751e8b465ee728b) [PhysX] Initialized MultithreadedTaskDispatcher with 8 workers.
[PhysX] Initialized MultithreadedTaskDispatcher with 8 workers.
 -> (artifact id: '70a64fbaca78e1b4fee7241d72a81323') in 0.008029 seconds
Number of updated asset objects reloaded before import = 0
Number of asset objects unloaded after import = 3
========================================================================
Received Import Request.
  Time since last request: 0.000482 seconds.
  path: Assets/_Assets/kenney_ui-pack/PNG/Green/Default/arrow_decorative_s_small.png
  artifactKey: Guid(c0d3d07debf5567448f45443deb95544) Importer(815301076,1909f56bfc062723c751e8b465ee728b)
Start importing Assets/_Assets/kenney_ui-pack/PNG/Green/Default/arrow_decorative_s_small.png using Guid(c0d3d07debf5567448f45443deb95544) Importer(815301076,1909f56bfc062723c751e8b465ee728b) [PhysX] Initialized MultithreadedTaskDispatcher with 8 workers.
[PhysX] Initialized MultithreadedTaskDispatcher with 8 workers.
 -> (artifact id: 'beed303ff747eea5d50f17651b83986f') in 0.007107 seconds
Number of updated asset objects reloaded before import = 0
Number of asset objects unloaded after import = 3
========================================================================
Received Import Request.
  Time since last request: 0.000018 seconds.
  path: Assets/_Assets/kenney_ui-pack/PNG/Grey/Default/arrow_decorative_w.png
  artifactKey: Guid(3c3e88d88e4733c4497a7393b6268ddf) Importer(815301076,1909f56bfc062723c751e8b465ee728b)
Start importing Assets/_Assets/kenney_ui-pack/PNG/Grey/Default/arrow_decorative_w.png using Guid(3c3e88d88e4733c4497a7393b6268ddf) Importer(815301076,1909f56bfc062723c751e8b465ee728b) [PhysX] Initialized MultithreadedTaskDispatcher with 8 workers.
[PhysX] Initialized MultithreadedTaskDispatcher with 8 workers.
 -> (artifact id: 'a078cf08b2c1eaae41cc22ccaeea67c5') in 0.008698 seconds
Number of updated asset objects reloaded before import = 0
Number of asset objects unloaded after import = 3
========================================================================
Received Import Request.
  Time since last request: 0.000017 seconds.
  path: Assets/_Assets/kenney_ui-pack/PNG/Green/Default/arrow_decorative_e_small.png
  artifactKey: Guid(c7b956b9a9040eb4e8f951e6fcb3488f) Importer(815301076,1909f56bfc062723c751e8b465ee728b)
Start importing Assets/_Assets/kenney_ui-pack/PNG/Green/Default/arrow_decorative_e_small.png using Guid(c7b956b9a9040eb4e8f951e6fcb3488f) Importer(815301076,1909f56bfc062723c751e8b465ee728b) [PhysX] Initialized MultithreadedTaskDispatcher with 8 workers.
[PhysX] Initialized MultithreadedTaskDispatcher with 8 workers.
 -> (artifact id: '45618914f1052c854568acb74b74fdde') in 0.011103 seconds
Number of updated asset objects reloaded before import = 0
Number of asset objects unloaded after import = 3
========================================================================
Received Import Request.
  Time since last request: 0.000021 seconds.
  path: Assets/_Assets/kenney_ui-pack/PNG/Grey/Default/arrow_decorative_n_small.png
  artifactKey: Guid(bca42fff8e27fef4091123f61aefe7f0) Importer(815301076,1909f56bfc062723c751e8b465ee728b)
Start importing Assets/_Assets/kenney_ui-pack/PNG/Grey/Default/arrow_decorative_n_small.png using Guid(bca42fff8e27fef4091123f61aefe7f0) Importer(815301076,1909f56bfc062723c751e8b465ee728b) [PhysX] Initialized MultithreadedTaskDispatcher with 8 workers.
[PhysX] Initialized MultithreadedTaskDispatcher with 8 workers.
 -> (artifact id: 'b5573d8ffabacb33cc5d8b0b26fb90db') in 0.011373 seconds
Number of updated asset objects reloaded before import = 0
Number of asset objects unloaded after import = 3
========================================================================
Received Import Request.
  Time since last request: 0.000014 seconds.
  path: Assets/_Assets/kenney_ui-pack/PNG/Grey/Double/arrow_decorative_s_small.png
  artifactKey: Guid(30329b32301d3284e807d6a2fa37fd6b) Importer(815301076,1909f56bfc062723c751e8b465ee728b)
Start importing Assets/_Assets/kenney_ui-pack/PNG/Grey/Double/arrow_decorative_s_small.png using Guid(30329b32301d3284e807d6a2fa37fd6b) Importer(815301076,1909f56bfc062723c751e8b465ee728b) [PhysX] Initialized MultithreadedTaskDispatcher with 8 workers.
[PhysX] Initialized MultithreadedTaskDispatcher with 8 workers.
 -> (artifact id: '591df9f56213b62419ee9980d1780dcd') in 0.009525 seconds
Number of updated asset objects reloaded before import = 0
Number of asset objects unloaded after import = 3
========================================================================
Received Import Request.
  Time since last request: 0.000016 seconds.
  path: Assets/_Assets/kenney_ui-pack/PNG/Grey/Double/arrow_decorative_e_small.png
  artifactKey: Guid(bb715768d4f025346a5eb74a291193b6) Importer(815301076,1909f56bfc062723c751e8b465ee728b)
Start importing Assets/_Assets/kenney_ui-pack/PNG/Grey/Double/arrow_decorative_e_small.png using Guid(bb715768d4f025346a5eb74a291193b6) Importer(815301076,1909f56bfc062723c751e8b465ee728b) [PhysX] Initialized MultithreadedTaskDispatcher with 8 workers.
[PhysX] Initialized MultithreadedTaskDispatcher with 8 workers.
 -> (artifact id: '879bcf3c4e154bcbf4e9ad8907c01d02') in 0.009479 seconds
Number of updated asset objects reloaded before import = 0
Number of asset objects unloaded after import = 3
========================================================================
Received Import Request.
  Time since last request: 0.000094 seconds.
  path: Assets/_Assets/kenney_ui-pack/PNG/Grey/Double/arrow_decorative_n.png
  artifactKey: Guid(1dc8c9e4340cca040aea83e3e549b253) Importer(815301076,1909f56bfc062723c751e8b465ee728b)
Start importing Assets/_Assets/kenney_ui-pack/PNG/Grey/Double/arrow_decorative_n.png using Guid(1dc8c9e4340cca040aea83e3e549b253) Importer(815301076,1909f56bfc062723c751e8b465ee728b) [PhysX] Initialized MultithreadedTaskDispatcher with 8 workers.
[PhysX] Initialized MultithreadedTaskDispatcher with 8 workers.
 -> (artifact id: '9bbc1a1344063bdd77b74edab01f191e') in 0.006916 seconds
Number of updated asset objects reloaded before import = 0
Number of asset objects unloaded after import = 3
========================================================================
Received Import Request.
  Time since last request: 0.000012 seconds.
  path: Assets/_Assets/kenney_ui-pack/PNG/Grey/Default/arrow_decorative_e_small.png
  artifactKey: Guid(1ac96ebd6760ec34ea30167a519aa63d) Importer(815301076,1909f56bfc062723c751e8b465ee728b)
Start importing Assets/_Assets/kenney_ui-pack/PNG/Grey/Default/arrow_decorative_e_small.png using Guid(1ac96ebd6760ec34ea30167a519aa63d) Importer(815301076,1909f56bfc062723c751e8b465ee728b) [PhysX] Initialized MultithreadedTaskDispatcher with 8 workers.
[PhysX] Initialized MultithreadedTaskDispatcher with 8 workers.
 -> (artifact id: 'd3163337633710d7024d9b2bb4f367a3') in 0.008411 seconds
Number of updated asset objects reloaded before import = 0
Number of asset objects unloaded after import = 3
========================================================================
Received Import Request.
  Time since last request: 0.000014 seconds.
  path: Assets/_Assets/kenney_ui-pack/PNG/Green/Double/arrow_decorative_e_small.png
  artifactKey: Guid(7c5f1e81bc5f90f4e99b98786df556e2) Importer(815301076,1909f56bfc062723c751e8b465ee728b)
Start importing Assets/_Assets/kenney_ui-pack/PNG/Green/Double/arrow_decorative_e_small.png using Guid(7c5f1e81bc5f90f4e99b98786df556e2) Importer(815301076,1909f56bfc062723c751e8b465ee728b) [PhysX] Initialized MultithreadedTaskDispatcher with 8 workers.
[PhysX] Initialized MultithreadedTaskDispatcher with 8 workers.
 -> (artifact id: '057c8206f32be1c3acfb4b79189d07cd') in 0.008401 seconds
Number of updated asset objects reloaded before import = 0
Number of asset objects unloaded after import = 3
========================================================================
Received Import Request.
  Time since last request: 0.000014 seconds.
  path: Assets/_Assets/kenney_ui-pack/PNG/Yellow/Default/arrow_decorative_s.png
  artifactKey: Guid(00f0befad4319f64fb233e30315996a8) Importer(815301076,1909f56bfc062723c751e8b465ee728b)
Start importing Assets/_Assets/kenney_ui-pack/PNG/Yellow/Default/arrow_decorative_s.png using Guid(00f0befad4319f64fb233e30315996a8) Importer(815301076,1909f56bfc062723c751e8b465ee728b) [PhysX] Initialized MultithreadedTaskDispatcher with 8 workers.
[PhysX] Initialized MultithreadedTaskDispatcher with 8 workers.
 -> (artifact id: 'a0170784be2c05d04ea4325c1f87ce6f') in 0.011130 seconds
Number of updated asset objects reloaded before import = 0
Number of asset objects unloaded after import = 3
========================================================================
Received Import Request.
  Time since last request: 0.000018 seconds.
  path: Assets/_Assets/kenney_ui-pack/PNG/Green/Default/arrow_decorative_n.png
  artifactKey: Guid(1acff72d08a7b4e42af6c8d551c7073d) Importer(815301076,1909f56bfc062723c751e8b465ee728b)
Start importing Assets/_Assets/kenney_ui-pack/PNG/Green/Default/arrow_decorative_n.png using Guid(1acff72d08a7b4e42af6c8d551c7073d) Importer(815301076,1909f56bfc062723c751e8b465ee728b) [PhysX] Initialized MultithreadedTaskDispatcher with 8 workers.
[PhysX] Initialized MultithreadedTaskDispatcher with 8 workers.
 -> (artifact id: '18d5cbe2eaec9c6d7e400324efd5be38') in 0.008417 seconds
Number of updated asset objects reloaded before import = 0
Number of asset objects unloaded after import = 3
========================================================================
Received Import Request.
  Time since last request: 0.000018 seconds.
  path: Assets/_Assets/kenney_ui-pack/PNG/Blue/Default/arrow_decorative_n.png
  artifactKey: Guid(635e1b65c259ffe4a89e8a1b27a011b5) Importer(815301076,1909f56bfc062723c751e8b465ee728b)
Start importing Assets/_Assets/kenney_ui-pack/PNG/Blue/Default/arrow_decorative_n.png using Guid(635e1b65c259ffe4a89e8a1b27a011b5) Importer(815301076,1909f56bfc062723c751e8b465ee728b) [PhysX] Initialized MultithreadedTaskDispatcher with 8 workers.
[PhysX] Initialized MultithreadedTaskDispatcher with 8 workers.
 -> (artifact id: '2bd2c20cc98aaffe0e2657f5143b906f') in 0.007478 seconds
Number of updated asset objects reloaded before import = 0
Number of asset objects unloaded after import = 3
========================================================================
Received Import Request.
  Time since last request: 0.000015 seconds.
  path: Assets/_Assets/kenney_ui-pack/PNG/Blue/Double/arrow_decorative_n.png
  artifactKey: Guid(6c15bfc4bc9c85148a8d46a6818bb255) Importer(815301076,1909f56bfc062723c751e8b465ee728b)
Start importing Assets/_Assets/kenney_ui-pack/PNG/Blue/Double/arrow_decorative_n.png using Guid(6c15bfc4bc9c85148a8d46a6818bb255) Importer(815301076,1909f56bfc062723c751e8b465ee728b) [PhysX] Initialized MultithreadedTaskDispatcher with 8 workers.
[PhysX] Initialized MultithreadedTaskDispatcher with 8 workers.
 -> (artifact id: '70522c9fe4e8fe38d06b132a3100ec8b') in 0.007758 seconds
Number of updated asset objects reloaded before import = 0
Number of asset objects unloaded after import = 3
========================================================================
Received Import Request.
  Time since last request: 0.000031 seconds.
  path: Assets/_Assets/kenney_ui-pack/PNG/Grey/Default/arrow_decorative_n.png
  artifactKey: Guid(c95c5674e94df5a4ebc93d0e892e7638) Importer(815301076,1909f56bfc062723c751e8b465ee728b)
Start importing Assets/_Assets/kenney_ui-pack/PNG/Grey/Default/arrow_decorative_n.png using Guid(c95c5674e94df5a4ebc93d0e892e7638) Importer(815301076,1909f56bfc062723c751e8b465ee728b) [PhysX] Initialized MultithreadedTaskDispatcher with 8 workers.
[PhysX] Initialized MultithreadedTaskDispatcher with 8 workers.
 -> (artifact id: '44a02e4525b06664a0acd4cd2a0291bb') in 0.009104 seconds
Number of updated asset objects reloaded before import = 0
Number of asset objects unloaded after import = 3
========================================================================
Received Import Request.
  Time since last request: 0.000016 seconds.
  path: Assets/_Assets/kenney_ui-pack/PNG/Red/Default/arrow_decorative_n.png
  artifactKey: Guid(b3e1ede17e6b7a34d922827c35486be0) Importer(815301076,1909f56bfc062723c751e8b465ee728b)
Start importing Assets/_Assets/kenney_ui-pack/PNG/Red/Default/arrow_decorative_n.png using Guid(b3e1ede17e6b7a34d922827c35486be0) Importer(815301076,1909f56bfc062723c751e8b465ee728b) [PhysX] Initialized MultithreadedTaskDispatcher with 8 workers.
[PhysX] Initialized MultithreadedTaskDispatcher with 8 workers.
 -> (artifact id: 'cfe6cb0a94f62b250f7f3239f6dce198') in 0.010702 seconds
Number of updated asset objects reloaded before import = 0
Number of asset objects unloaded after import = 3
========================================================================
Received Import Request.
  Time since last request: 0.000022 seconds.
  path: Assets/_Assets/kenney_ui-pack/PNG/Blue/Double/arrow_decorative_s.png
  artifactKey: Guid(60a2a03cfef7a8f43bf7ebf3553e7ad3) Importer(815301076,1909f56bfc062723c751e8b465ee728b)
Start importing Assets/_Assets/kenney_ui-pack/PNG/Blue/Double/arrow_decorative_s.png using Guid(60a2a03cfef7a8f43bf7ebf3553e7ad3) Importer(815301076,1909f56bfc062723c751e8b465ee728b) [PhysX] Initialized MultithreadedTaskDispatcher with 8 workers.
[PhysX] Initialized MultithreadedTaskDispatcher with 8 workers.
 -> (artifact id: 'c9d920bd19fcd5862bb7af871b58fcd5') in 0.007986 seconds
Number of updated asset objects reloaded before import = 0
Number of asset objects unloaded after import = 3
========================================================================
Received Import Request.
  Time since last request: 0.073504 seconds.
  path: Assets/_Assets/kenney_ui-pack/PNG/Blue/Default/arrow_decorative_w_small.png
  artifactKey: Guid(b9c724af3200d2048b7c2d49dc6f6738) Importer(815301076,1909f56bfc062723c751e8b465ee728b)
Start importing Assets/_Assets/kenney_ui-pack/PNG/Blue/Default/arrow_decorative_w_small.png using Guid(b9c724af3200d2048b7c2d49dc6f6738) Importer(815301076,1909f56bfc062723c751e8b465ee728b) [PhysX] Initialized MultithreadedTaskDispatcher with 8 workers.
[PhysX] Initialized MultithreadedTaskDispatcher with 8 workers.
 -> (artifact id: '1769234275eab6a4229cce68e9da7140') in 0.006393 seconds
Number of updated asset objects reloaded before import = 0
Number of asset objects unloaded after import = 3
========================================================================
Received Import Request.
  Time since last request: 0.000013 seconds.
  path: Assets/_Assets/kenney_ui-pack/PNG/Red/Default/arrow_decorative_w_small.png
  artifactKey: Guid(98c219106f4904e449f07747a90a8ab3) Importer(815301076,1909f56bfc062723c751e8b465ee728b)
Start importing Assets/_Assets/kenney_ui-pack/PNG/Red/Default/arrow_decorative_w_small.png using Guid(98c219106f4904e449f07747a90a8ab3) Importer(815301076,1909f56bfc062723c751e8b465ee728b) [PhysX] Initialized MultithreadedTaskDispatcher with 8 workers.
[PhysX] Initialized MultithreadedTaskDispatcher with 8 workers.
 -> (artifact id: '4c4f71f56fe1495e50f3d37c073e2a65') in 0.011483 seconds
Number of updated asset objects reloaded before import = 0
Number of asset objects unloaded after import = 3
========================================================================
Received Import Request.
  Time since last request: 0.000021 seconds.
  path: Assets/_Assets/kenney_ui-pack-rpg-expansion/PNG/arrowBeige_right.png
  artifactKey: Guid(ec226a965bdeda245acad02aa40f4f8c) Importer(815301076,1909f56bfc062723c751e8b465ee728b)
Start importing Assets/_Assets/kenney_ui-pack-rpg-expansion/PNG/arrowBeige_right.png using Guid(ec226a965bdeda245acad02aa40f4f8c) Importer(815301076,1909f56bfc062723c751e8b465ee728b) [PhysX] Initialized MultithreadedTaskDispatcher with 8 workers.
[PhysX] Initialized MultithreadedTaskDispatcher with 8 workers.
 -> (artifact id: '291683a11a60dd29ecf39192a3ee4e26') in 0.011994 seconds
Number of updated asset objects reloaded before import = 0
Number of asset objects unloaded after import = 3
========================================================================
Received Import Request.
  Time since last request: 0.000016 seconds.
  path: Assets/_Assets/kenney_ui-pack-rpg-expansion/PNG/arrowBlue_right.png
  artifactKey: Guid(36b678ff2e66c0a4aa341a493daf1c4a) Importer(815301076,1909f56bfc062723c751e8b465ee728b)
Start importing Assets/_Assets/kenney_ui-pack-rpg-expansion/PNG/arrowBlue_right.png using Guid(36b678ff2e66c0a4aa341a493daf1c4a) Importer(815301076,1909f56bfc062723c751e8b465ee728b) [PhysX] Initialized MultithreadedTaskDispatcher with 8 workers.
[PhysX] Initialized MultithreadedTaskDispatcher with 8 workers.
 -> (artifact id: '309b0e5e3f49b0dd63a592b25ab97d43') in 0.008741 seconds
Number of updated asset objects reloaded before import = 0
Number of asset objects unloaded after import = 3
========================================================================
Received Import Request.
  Time since last request: 0.000018 seconds.
  path: Assets/_Assets/kenney_ui-pack-rpg-expansion/PNG/arrowSilver_left.png
  artifactKey: Guid(0673fec294dc82d4fa93cc31fc4051ae) Importer(815301076,1909f56bfc062723c751e8b465ee728b)
Start importing Assets/_Assets/kenney_ui-pack-rpg-expansion/PNG/arrowSilver_left.png using Guid(0673fec294dc82d4fa93cc31fc4051ae) Importer(815301076,1909f56bfc062723c751e8b465ee728b) [PhysX] Initialized MultithreadedTaskDispatcher with 8 workers.
[PhysX] Initialized MultithreadedTaskDispatcher with 8 workers.
 -> (artifact id: 'be5191f9c487c4f846fa467b1e5ef390') in 0.010230 seconds
Number of updated asset objects reloaded before import = 0
Number of asset objects unloaded after import = 3
========================================================================
Received Import Request.
  Time since last request: 0.000024 seconds.
  path: Assets/_Assets/kenney_ui-pack/PNG/Red/Double/arrow_decorative_w_small.png
  artifactKey: Guid(23a7f6fbeb77cf145b8201042d1cbac9) Importer(815301076,1909f56bfc062723c751e8b465ee728b)
Start importing Assets/_Assets/kenney_ui-pack/PNG/Red/Double/arrow_decorative_w_small.png using Guid(23a7f6fbeb77cf145b8201042d1cbac9) Importer(815301076,1909f56bfc062723c751e8b465ee728b) [PhysX] Initialized MultithreadedTaskDispatcher with 8 workers.
[PhysX] Initialized MultithreadedTaskDispatcher with 8 workers.
 -> (artifact id: 'ddc2b881c3711236b323a7bcd2835a73') in 0.010086 seconds
Number of updated asset objects reloaded before import = 0
Number of asset objects unloaded after import = 3
========================================================================
Received Import Request.
  Time since last request: 0.000013 seconds.
  path: Assets/_Assets/kenney_ui-pack-rpg-expansion/PNG/arrowBrown_right.png
  artifactKey: Guid(2077ab42adcfa264ebffeabdd4bd7870) Importer(815301076,1909f56bfc062723c751e8b465ee728b)
Start importing Assets/_Assets/kenney_ui-pack-rpg-expansion/PNG/arrowBrown_right.png using Guid(2077ab42adcfa264ebffeabdd4bd7870) Importer(815301076,1909f56bfc062723c751e8b465ee728b) [PhysX] Initialized MultithreadedTaskDispatcher with 8 workers.
[PhysX] Initialized MultithreadedTaskDispatcher with 8 workers.
 -> (artifact id: '633385e2cdd17ad96fe4506ab9cb4a15') in 0.007116 seconds
Number of updated asset objects reloaded before import = 0
Number of asset objects unloaded after import = 3
========================================================================
Received Import Request.
  Time since last request: 0.000015 seconds.
  path: Assets/_Assets/kenney_ui-pack-adventure/PNG/Double/banner_classic_curtain.png
  artifactKey: Guid(c69da101fcecff34b9b72a118de789b4) Importer(815301076,1909f56bfc062723c751e8b465ee728b)
Start importing Assets/_Assets/kenney_ui-pack-adventure/PNG/Double/banner_classic_curtain.png using Guid(c69da101fcecff34b9b72a118de789b4) Importer(815301076,1909f56bfc062723c751e8b465ee728b) [PhysX] Initialized MultithreadedTaskDispatcher with 8 workers.
[PhysX] Initialized MultithreadedTaskDispatcher with 8 workers.
 -> (artifact id: '6d744433c0fd16448a4323a5a73583f3') in 0.007706 seconds
Number of updated asset objects reloaded before import = 0
Number of asset objects unloaded after import = 3
========================================================================
Received Import Request.
  Time since last request: 0.000015 seconds.
  path: Assets/_Assets/kenney_ui-pack-rpg-expansion/PNG/barBack_verticalMid.png
  artifactKey: Guid(859482b07672eee43a58fce8b56f2da1) Importer(815301076,1909f56bfc062723c751e8b465ee728b)
Start importing Assets/_Assets/kenney_ui-pack-rpg-expansion/PNG/barBack_verticalMid.png using Guid(859482b07672eee43a58fce8b56f2da1) Importer(815301076,1909f56bfc062723c751e8b465ee728b) [PhysX] Initialized MultithreadedTaskDispatcher with 8 workers.
[PhysX] Initialized MultithreadedTaskDispatcher with 8 workers.
 -> (artifact id: '0f771ff0fa9ad298d6f6e9f9dbbcc066') in 0.006804 seconds
Number of updated asset objects reloaded before import = 0
Number of asset objects unloaded after import = 3
========================================================================
Received Import Request.
  Time since last request: 0.000020 seconds.
  path: Assets/_Assets/kenney_ui-pack-rpg-expansion/PNG/barGreen_verticalBottom.png
  artifactKey: Guid(bf68ae5b9c16c3c4d9a4141dc9751529) Importer(815301076,1909f56bfc062723c751e8b465ee728b)
Start importing Assets/_Assets/kenney_ui-pack-rpg-expansion/PNG/barGreen_verticalBottom.png using Guid(bf68ae5b9c16c3c4d9a4141dc9751529) Importer(815301076,1909f56bfc062723c751e8b465ee728b) [PhysX] Initialized MultithreadedTaskDispatcher with 8 workers.
[PhysX] Initialized MultithreadedTaskDispatcher with 8 workers.
 -> (artifact id: '48f4114442f0cc2b28538aab40d4f624') in 0.008469 seconds
Number of updated asset objects reloaded before import = 0
Number of asset objects unloaded after import = 3
========================================================================
Received Import Request.
  Time since last request: 0.000019 seconds.
  path: Assets/_Assets/kenney_ui-pack-rpg-expansion/PNG/barYellow_verticalBottom.png
  artifactKey: Guid(7e70708453d1f1a4b94e25e430257ccb) Importer(815301076,1909f56bfc062723c751e8b465ee728b)
Start importing Assets/_Assets/kenney_ui-pack-rpg-expansion/PNG/barYellow_verticalBottom.png using Guid(7e70708453d1f1a4b94e25e430257ccb) Importer(815301076,1909f56bfc062723c751e8b465ee728b) [PhysX] Initialized MultithreadedTaskDispatcher with 8 workers.
[PhysX] Initialized MultithreadedTaskDispatcher with 8 workers.
 -> (artifact id: '01f11141c00cf376a99a8ef698d54396') in 0.008177 seconds
Number of updated asset objects reloaded before import = 0
Number of asset objects unloaded after import = 3
========================================================================
Received Import Request.
  Time since last request: 0.000021 seconds.
  path: Assets/_Assets/kenney_ui-pack-rpg-expansion/PNG/barRed_horizontalMid.png
  artifactKey: Guid(bb4c87b14bf05d343a7ae3a9c9cde3ef) Importer(815301076,1909f56bfc062723c751e8b465ee728b)
Start importing Assets/_Assets/kenney_ui-pack-rpg-expansion/PNG/barRed_horizontalMid.png using Guid(bb4c87b14bf05d343a7ae3a9c9cde3ef) Importer(815301076,1909f56bfc062723c751e8b465ee728b) [PhysX] Initialized MultithreadedTaskDispatcher with 8 workers.
[PhysX] Initialized MultithreadedTaskDispatcher with 8 workers.
 -> (artifact id: '294dd1563f31e89b4e3b949608958ffa') in 0.006151 seconds
Number of updated asset objects reloaded before import = 0
Number of asset objects unloaded after import = 3
========================================================================
Received Import Request.
  Time since last request: 0.000017 seconds.
  path: Assets/_Assets/kenney_ui-pack-rpg-expansion/PNG/barBack_horizontalRight.png
  artifactKey: Guid(4c84b2afcda1eb74480f26ac346995c1) Importer(815301076,1909f56bfc062723c751e8b465ee728b)
Start importing Assets/_Assets/kenney_ui-pack-rpg-expansion/PNG/barBack_horizontalRight.png using Guid(4c84b2afcda1eb74480f26ac346995c1) Importer(815301076,1909f56bfc062723c751e8b465ee728b) [PhysX] Initialized MultithreadedTaskDispatcher with 8 workers.
[PhysX] Initialized MultithreadedTaskDispatcher with 8 workers.
 -> (artifact id: '48c7c22207bb1200891f640b7793d82a') in 0.009637 seconds
Number of updated asset objects reloaded before import = 0
Number of asset objects unloaded after import = 3
========================================================================
Received Import Request.
  Time since last request: 0.000014 seconds.
  path: Assets/_Assets/kenney_ui-pack-rpg-expansion/PNG/barYellow_verticalMid.png
  artifactKey: Guid(498ab41129965234ea505285f2572bf9) Importer(815301076,1909f56bfc062723c751e8b465ee728b)
Start importing Assets/_Assets/kenney_ui-pack-rpg-expansion/PNG/barYellow_verticalMid.png using Guid(498ab41129965234ea505285f2572bf9) Importer(815301076,1909f56bfc062723c751e8b465ee728b) [PhysX] Initialized MultithreadedTaskDispatcher with 8 workers.
[PhysX] Initialized MultithreadedTaskDispatcher with 8 workers.
 -> (artifact id: '019bb67eb925d6ded6bcf3767a715544') in 0.007256 seconds
Number of updated asset objects reloaded before import = 0
Number of asset objects unloaded after import = 3
========================================================================
Received Import Request.
  Time since last request: 0.000013 seconds.
  path: Assets/_Assets/kenney_ui-pack-adventure/PNG/Double/button_grey.png
  artifactKey: Guid(d8e36010cb4c2ce43b7e0fe95bd3899b) Importer(815301076,1909f56bfc062723c751e8b465ee728b)
Start importing Assets/_Assets/kenney_ui-pack-adventure/PNG/Double/button_grey.png using Guid(d8e36010cb4c2ce43b7e0fe95bd3899b) Importer(815301076,1909f56bfc062723c751e8b465ee728b) [PhysX] Initialized MultithreadedTaskDispatcher with 8 workers.
[PhysX] Initialized MultithreadedTaskDispatcher with 8 workers.
 -> (artifact id: '9f33d187d772344bc64973ae0682a4c9') in 0.008908 seconds
Number of updated asset objects reloaded before import = 0
Number of asset objects unloaded after import = 3
========================================================================
Received Import Request.
  Time since last request: 0.000012 seconds.
  path: Assets/_Assets/kenney_ui-pack/PNG/Red/Double/button_rectangle_border.png
  artifactKey: Guid(e5a5904c62fe4874b90946a8ab4e61f8) Importer(815301076,1909f56bfc062723c751e8b465ee728b)
Start importing Assets/_Assets/kenney_ui-pack/PNG/Red/Double/button_rectangle_border.png using Guid(e5a5904c62fe4874b90946a8ab4e61f8) Importer(815301076,1909f56bfc062723c751e8b465ee728b) [PhysX] Initialized MultithreadedTaskDispatcher with 8 workers.
[PhysX] Initialized MultithreadedTaskDispatcher with 8 workers.
 -> (artifact id: '121c77d09a3fa0650d1d24cd270cb005') in 0.008404 seconds
Number of updated asset objects reloaded before import = 0
Number of asset objects unloaded after import = 3
========================================================================
Received Import Request.
  Time since last request: 0.000014 seconds.
  path: Assets/_Assets/kenney_ui-pack/PNG/Green/Double/button_rectangle_depth_border.png
  artifactKey: Guid(6f4c154d1683b5a46a4972b03e156b86) Importer(815301076,1909f56bfc062723c751e8b465ee728b)
Start importing Assets/_Assets/kenney_ui-pack/PNG/Green/Double/button_rectangle_depth_border.png using Guid(6f4c154d1683b5a46a4972b03e156b86) Importer(815301076,1909f56bfc062723c751e8b465ee728b) [PhysX] Initialized MultithreadedTaskDispatcher with 8 workers.
[PhysX] Initialized MultithreadedTaskDispatcher with 8 workers.
 -> (artifact id: '07d3eea6bac6cd5b6bda465218755f1a') in 0.008334 seconds
Number of updated asset objects reloaded before import = 0
Number of asset objects unloaded after import = 3
========================================================================
Received Import Request.
  Time since last request: 0.000014 seconds.
  path: Assets/_Assets/kenney_ui-pack/PNG/Blue/Double/button_rectangle_depth_border.png
  artifactKey: Guid(6c18f0d0195d6244f8d551a438d719b7) Importer(815301076,1909f56bfc062723c751e8b465ee728b)
Start importing Assets/_Assets/kenney_ui-pack/PNG/Blue/Double/button_rectangle_depth_border.png using Guid(6c18f0d0195d6244f8d551a438d719b7) Importer(815301076,1909f56bfc062723c751e8b465ee728b) [PhysX] Initialized MultithreadedTaskDispatcher with 8 workers.
[PhysX] Initialized MultithreadedTaskDispatcher with 8 workers.
 -> (artifact id: 'c998451faeb4830ad39cb807b99dc418') in 0.009762 seconds
Number of updated asset objects reloaded before import = 0
Number of asset objects unloaded after import = 3
========================================================================
Received Import Request.
  Time since last request: 0.000025 seconds.
  path: Assets/_Assets/kenney_ui-pack-rpg-expansion/PNG/barGreen_verticalMid.png
  artifactKey: Guid(472dc27e2f6b3414f85bb98b1d3f3b49) Importer(815301076,1909f56bfc062723c751e8b465ee728b)
Start importing Assets/_Assets/kenney_ui-pack-rpg-expansion/PNG/barGreen_verticalMid.png using Guid(472dc27e2f6b3414f85bb98b1d3f3b49) Importer(815301076,1909f56bfc062723c751e8b465ee728b) [PhysX] Initialized MultithreadedTaskDispatcher with 8 workers.
[PhysX] Initialized MultithreadedTaskDispatcher with 8 workers.
 -> (artifact id: '8c43d7208ab6c587c6a246d27548d04d') in 0.006903 seconds
Number of updated asset objects reloaded before import = 0
Number of asset objects unloaded after import = 3
========================================================================
Received Import Request.
  Time since last request: 0.000015 seconds.
  path: Assets/_Assets/kenney_ui-pack/PNG/Blue/Default/button_rectangle_border.png
  artifactKey: Guid(5c7db6850b3ea1248af24b6a11cec2f7) Importer(815301076,1909f56bfc062723c751e8b465ee728b)
Start importing Assets/_Assets/kenney_ui-pack/PNG/Blue/Default/button_rectangle_border.png using Guid(5c7db6850b3ea1248af24b6a11cec2f7) Importer(815301076,1909f56bfc062723c751e8b465ee728b) [PhysX] Initialized MultithreadedTaskDispatcher with 8 workers.
[PhysX] Initialized MultithreadedTaskDispatcher with 8 workers.
 -> (artifact id: '142d3a9abcf50c1e624d942e76b9866d') in 0.009954 seconds
Number of updated asset objects reloaded before import = 0
Number of asset objects unloaded after import = 3
========================================================================
Received Import Request.
  Time since last request: 0.000017 seconds.
  path: Assets/_Assets/kenney_ui-pack-rpg-expansion/PNG/barBack_horizontalMid.png
  artifactKey: Guid(f5ded5654d7e26847a8e3bd710ea0004) Importer(815301076,1909f56bfc062723c751e8b465ee728b)
Start importing Assets/_Assets/kenney_ui-pack-rpg-expansion/PNG/barBack_horizontalMid.png using Guid(f5ded5654d7e26847a8e3bd710ea0004) Importer(815301076,1909f56bfc062723c751e8b465ee728b) [PhysX] Initialized MultithreadedTaskDispatcher with 8 workers.
[PhysX] Initialized MultithreadedTaskDispatcher with 8 workers.
 -> (artifact id: '04294d589e161119dd791cdecb7b93cf') in 0.009261 seconds
Number of updated asset objects reloaded before import = 0
Number of asset objects unloaded after import = 3
========================================================================
Received Import Request.
  Time since last request: 0.000018 seconds.
  path: Assets/_Assets/kenney_ui-pack-rpg-expansion/PNG/barRed_horizontalRight.png
  artifactKey: Guid(d3ef0d4bc8e515343b91fccd665db3cd) Importer(815301076,1909f56bfc062723c751e8b465ee728b)
Start importing Assets/_Assets/kenney_ui-pack-rpg-expansion/PNG/barRed_horizontalRight.png using Guid(d3ef0d4bc8e515343b91fccd665db3cd) Importer(815301076,1909f56bfc062723c751e8b465ee728b) [PhysX] Initialized MultithreadedTaskDispatcher with 8 workers.
[PhysX] Initialized MultithreadedTaskDispatcher with 8 workers.
 -> (artifact id: '3d7f2a38680930cc19509dca0f7d2165') in 0.007456 seconds
Number of updated asset objects reloaded before import = 0
Number of asset objects unloaded after import = 3
========================================================================
Received Import Request.
  Time since last request: 0.000014 seconds.
  path: Assets/_Assets/kenney_ui-pack-rpg-expansion/PNG/barYellow_horizontalLeft.png
  artifactKey: Guid(5af9cc7328bef884c919e0e0f88ba2d2) Importer(815301076,1909f56bfc062723c751e8b465ee728b)
Start importing Assets/_Assets/kenney_ui-pack-rpg-expansion/PNG/barYellow_horizontalLeft.png using Guid(5af9cc7328bef884c919e0e0f88ba2d2) Importer(815301076,1909f56bfc062723c751e8b465ee728b) [PhysX] Initialized MultithreadedTaskDispatcher with 8 workers.
[PhysX] Initialized MultithreadedTaskDispatcher with 8 workers.
 -> (artifact id: '7f7ff7cc3c443a67d119c3ed98082da7') in 0.007700 seconds
Number of updated asset objects reloaded before import = 0
Number of asset objects unloaded after import = 3
========================================================================
Received Import Request.
  Time since last request: 0.000016 seconds.
  path: Assets/_Assets/kenney_ui-pack-adventure/PNG/Default/button_brown.png
  artifactKey: Guid(bc1ec47edb5f5524abf65ac263220ccd) Importer(815301076,1909f56bfc062723c751e8b465ee728b)
Start importing Assets/_Assets/kenney_ui-pack-adventure/PNG/Default/button_brown.png using Guid(bc1ec47edb5f5524abf65ac263220ccd) Importer(815301076,1909f56bfc062723c751e8b465ee728b) [PhysX] Initialized MultithreadedTaskDispatcher with 8 workers.
[PhysX] Initialized MultithreadedTaskDispatcher with 8 workers.
 -> (artifact id: '72946ec25b51e82d5ed4fb65076f578e') in 0.007751 seconds
Number of updated asset objects reloaded before import = 0
Number of asset objects unloaded after import = 3
========================================================================
Received Import Request.
  Time since last request: 0.000013 seconds.
  path: Assets/_Assets/kenney_ui-pack-adventure/PNG/Double/button_brown.png
  artifactKey: Guid(968ac6330632c6c49b30ff7a479790de) Importer(815301076,1909f56bfc062723c751e8b465ee728b)
Start importing Assets/_Assets/kenney_ui-pack-adventure/PNG/Double/button_brown.png using Guid(968ac6330632c6c49b30ff7a479790de) Importer(815301076,1909f56bfc062723c751e8b465ee728b) [PhysX] Initialized MultithreadedTaskDispatcher with 8 workers.
[PhysX] Initialized MultithreadedTaskDispatcher with 8 workers.
 -> (artifact id: '81ec2e0769f8d1c9ccc43a1d1012667d') in 0.008650 seconds
Number of updated asset objects reloaded before import = 0
Number of asset objects unloaded after import = 3
========================================================================
Received Import Request.
  Time since last request: 0.000015 seconds.
  path: Assets/_Assets/kenney_ui-pack-rpg-expansion/PNG/barBlue_horizontalLeft.png
  artifactKey: Guid(6b1c6b9d0a1369a4eac63b6aa2e4f704) Importer(815301076,1909f56bfc062723c751e8b465ee728b)
Start importing Assets/_Assets/kenney_ui-pack-rpg-expansion/PNG/barBlue_horizontalLeft.png using Guid(6b1c6b9d0a1369a4eac63b6aa2e4f704) Importer(815301076,1909f56bfc062723c751e8b465ee728b) [PhysX] Initialized MultithreadedTaskDispatcher with 8 workers.
[PhysX] Initialized MultithreadedTaskDispatcher with 8 workers.
 -> (artifact id: '9554c7cf45e2d20b3c611d1e8d31a0a7') in 0.007922 seconds
Number of updated asset objects reloaded before import = 0
Number of asset objects unloaded after import = 3
========================================================================
Received Import Request.
  Time since last request: 0.000014 seconds.
  path: Assets/_Assets/kenney_ui-pack/PNG/Blue/Double/button_rectangle_border.png
  artifactKey: Guid(94b99631fdaffc14982171bfa4d62217) Importer(815301076,1909f56bfc062723c751e8b465ee728b)
Start importing Assets/_Assets/kenney_ui-pack/PNG/Blue/Double/button_rectangle_border.png using Guid(94b99631fdaffc14982171bfa4d62217) Importer(815301076,1909f56bfc062723c751e8b465ee728b) [PhysX] Initialized MultithreadedTaskDispatcher with 8 workers.
[PhysX] Initialized MultithreadedTaskDispatcher with 8 workers.
 -> (artifact id: '89a824ecc9715b76836e7923e6286014') in 0.007910 seconds
Number of updated asset objects reloaded before import = 0
Number of asset objects unloaded after import = 3
========================================================================
Received Import Request.
  Time since last request: 0.000013 seconds.
  path: Assets/_Assets/kenney_ui-pack-rpg-expansion/PNG/barBack_verticalTop.png
  artifactKey: Guid(d709dfc70ab975b4abc0e8565c0f2e75) Importer(815301076,1909f56bfc062723c751e8b465ee728b)
Start importing Assets/_Assets/kenney_ui-pack-rpg-expansion/PNG/barBack_verticalTop.png using Guid(d709dfc70ab975b4abc0e8565c0f2e75) Importer(815301076,1909f56bfc062723c751e8b465ee728b) [PhysX] Initialized MultithreadedTaskDispatcher with 8 workers.
[PhysX] Initialized MultithreadedTaskDispatcher with 8 workers.
 -> (artifact id: 'e8cabb5317863b2b6a4a4759f0911af1') in 0.009423 seconds
Number of updated asset objects reloaded before import = 0
Number of asset objects unloaded after import = 3
========================================================================
Received Import Request.
  Time since last request: 0.000017 seconds.
  path: Assets/_Assets/kenney_ui-pack-rpg-expansion/PNG/barRed_verticalTop.png
  artifactKey: Guid(516f8e69f52c24f48be3b5847dcb917f) Importer(815301076,1909f56bfc062723c751e8b465ee728b)
Start importing Assets/_Assets/kenney_ui-pack-rpg-expansion/PNG/barRed_verticalTop.png using Guid(516f8e69f52c24f48be3b5847dcb917f) Importer(815301076,1909f56bfc062723c751e8b465ee728b) [PhysX] Initialized MultithreadedTaskDispatcher with 8 workers.
[PhysX] Initialized MultithreadedTaskDispatcher with 8 workers.
 -> (artifact id: '9cb6f3d3b70f45e986dfe449da335b73') in 0.008186 seconds
Number of updated asset objects reloaded before import = 0
Number of asset objects unloaded after import = 3
========================================================================
Received Import Request.
  Time since last request: 0.000027 seconds.
  path: Assets/_Assets/kenney_ui-pack-rpg-expansion/PNG/barYellow_horizontalMid.png
  artifactKey: Guid(36a908042c6242046b09a76b19624e50) Importer(815301076,1909f56bfc062723c751e8b465ee728b)
Start importing Assets/_Assets/kenney_ui-pack-rpg-expansion/PNG/barYellow_horizontalMid.png using Guid(36a908042c6242046b09a76b19624e50) Importer(815301076,1909f56bfc062723c751e8b465ee728b) [PhysX] Initialized MultithreadedTaskDispatcher with 8 workers.
[PhysX] Initialized MultithreadedTaskDispatcher with 8 workers.
 -> (artifact id: '5fa48dd3efc091b1ccff867448d59f87') in 0.010936 seconds
Number of updated asset objects reloaded before import = 0
Number of asset objects unloaded after import = 3
========================================================================
Received Import Request.
  Time since last request: 0.000019 seconds.
  path: Assets/_Assets/kenney_ui-pack-adventure/PNG/Default/button_grey.png
  artifactKey: Guid(348d2068ec62816468c6206f8fcaa3cb) Importer(815301076,1909f56bfc062723c751e8b465ee728b)
Start importing Assets/_Assets/kenney_ui-pack-adventure/PNG/Default/button_grey.png using Guid(348d2068ec62816468c6206f8fcaa3cb) Importer(815301076,1909f56bfc062723c751e8b465ee728b) [PhysX] Initialized MultithreadedTaskDispatcher with 8 workers.
[PhysX] Initialized MultithreadedTaskDispatcher with 8 workers.
 -> (artifact id: '0d4edc4ee34af4bea876cabae9d74d4c') in 0.008574 seconds
Number of updated asset objects reloaded before import = 0
Number of asset objects unloaded after import = 3
========================================================================
Received Import Request.
  Time since last request: 0.000018 seconds.
  path: Assets/_Assets/kenney_ui-pack/PNG/Yellow/Default/arrow_decorative_w_small.png
  artifactKey: Guid(b11afb4b19383a5429f2f4bd4bc9cfad) Importer(815301076,1909f56bfc062723c751e8b465ee728b)
Start importing Assets/_Assets/kenney_ui-pack/PNG/Yellow/Default/arrow_decorative_w_small.png using Guid(b11afb4b19383a5429f2f4bd4bc9cfad) Importer(815301076,1909f56bfc062723c751e8b465ee728b) [PhysX] Initialized MultithreadedTaskDispatcher with 8 workers.
[PhysX] Initialized MultithreadedTaskDispatcher with 8 workers.
 -> (artifact id: '230abd5ae17d7c07f3d1a815dfcad485') in 0.011843 seconds
Number of updated asset objects reloaded before import = 0
Number of asset objects unloaded after import = 3
========================================================================
Received Import Request.
  Time since last request: 0.000021 seconds.
  path: Assets/_Assets/kenney_ui-pack/PNG/Grey/Double/button_rectangle_depth_border.png
  artifactKey: Guid(c6a62ccd87a06e1439b4637d09101a1e) Importer(815301076,1909f56bfc062723c751e8b465ee728b)
Start importing Assets/_Assets/kenney_ui-pack/PNG/Grey/Double/button_rectangle_depth_border.png using Guid(c6a62ccd87a06e1439b4637d09101a1e) Importer(815301076,1909f56bfc062723c751e8b465ee728b) [PhysX] Initialized MultithreadedTaskDispatcher with 8 workers.
[PhysX] Initialized MultithreadedTaskDispatcher with 8 workers.
 -> (artifact id: '68d1804d14b674a8e41f113f45ecc298') in 0.011536 seconds
Number of updated asset objects reloaded before import = 0
Number of asset objects unloaded after import = 3
========================================================================
Received Import Request.
  Time since last request: 0.000017 seconds.
  path: Assets/_Assets/kenney_ui-pack-rpg-expansion/PNG/barBlue_horizontalBlue.png
  artifactKey: Guid(d315894383ae5f0488bee84480681471) Importer(815301076,1909f56bfc062723c751e8b465ee728b)
Start importing Assets/_Assets/kenney_ui-pack-rpg-expansion/PNG/barBlue_horizontalBlue.png using Guid(d315894383ae5f0488bee84480681471) Importer(815301076,1909f56bfc062723c751e8b465ee728b) [PhysX] Initialized MultithreadedTaskDispatcher with 8 workers.
[PhysX] Initialized MultithreadedTaskDispatcher with 8 workers.
 -> (artifact id: 'a2ace37cce7cf221b31a50f5149a12e8') in 0.012098 seconds
Number of updated asset objects reloaded before import = 0
Number of asset objects unloaded after import = 3
========================================================================
Received Import Request.
  Time since last request: 0.000019 seconds.
  path: Assets/_Assets/kenney_ui-pack/PNG/Green/Default/button_rectangle_depth_border.png
  artifactKey: Guid(7bbe609961c003641b6c4f851bc5ef7b) Importer(815301076,1909f56bfc062723c751e8b465ee728b)
Start importing Assets/_Assets/kenney_ui-pack/PNG/Green/Default/button_rectangle_depth_border.png using Guid(7bbe609961c003641b6c4f851bc5ef7b) Importer(815301076,1909f56bfc062723c751e8b465ee728b) [PhysX] Initialized MultithreadedTaskDispatcher with 8 workers.
[PhysX] Initialized MultithreadedTaskDispatcher with 8 workers.
 -> (artifact id: 'd89267f90d128311266efac6fc959c60') in 0.009542 seconds
Number of updated asset objects reloaded before import = 0
Number of asset objects unloaded after import = 3
========================================================================
Received Import Request.
  Time since last request: 0.000014 seconds.
  path: Assets/_Assets/kenney_ui-pack-rpg-expansion/PNG/barBlue_horizontalRight.png
  artifactKey: Guid(9aa5a492ba979db40aa9a7412780d89a) Importer(815301076,1909f56bfc062723c751e8b465ee728b)
Start importing Assets/_Assets/kenney_ui-pack-rpg-expansion/PNG/barBlue_horizontalRight.png using Guid(9aa5a492ba979db40aa9a7412780d89a) Importer(815301076,1909f56bfc062723c751e8b465ee728b) [PhysX] Initialized MultithreadedTaskDispatcher with 8 workers.
[PhysX] Initialized MultithreadedTaskDispatcher with 8 workers.
 -> (artifact id: 'f74c188cc0f7675147e8e4e5b138c270') in 0.008830 seconds
Number of updated asset objects reloaded before import = 0
Number of asset objects unloaded after import = 3
========================================================================
Received Import Request.
  Time since last request: 0.000019 seconds.
  path: Assets/_Assets/kenney_ui-pack-rpg-expansion/PNG/barBlue_verticalMid.png
  artifactKey: Guid(e48d89a6dcf392e49a3bc3ccbbc4886c) Importer(815301076,1909f56bfc062723c751e8b465ee728b)
Start importing Assets/_Assets/kenney_ui-pack-rpg-expansion/PNG/barBlue_verticalMid.png using Guid(e48d89a6dcf392e49a3bc3ccbbc4886c) Importer(815301076,1909f56bfc062723c751e8b465ee728b) [PhysX] Initialized MultithreadedTaskDispatcher with 8 workers.
[PhysX] Initialized MultithreadedTaskDispatcher with 8 workers.
 -> (artifact id: '4885844541d13bfb89f4850fbe76e3b2') in 0.007756 seconds
Number of updated asset objects reloaded before import = 0
Number of asset objects unloaded after import = 3
========================================================================
Received Import Request.
  Time since last request: 0.000014 seconds.
  path: Assets/_Assets/kenney_ui-pack/PNG/Grey/Double/button_rectangle_border.png
  artifactKey: Guid(8084c0ae75719204f8800a5028e4f25d) Importer(815301076,1909f56bfc062723c751e8b465ee728b)
Start importing Assets/_Assets/kenney_ui-pack/PNG/Grey/Double/button_rectangle_border.png using Guid(8084c0ae75719204f8800a5028e4f25d) Importer(815301076,1909f56bfc062723c751e8b465ee728b) [PhysX] Initialized MultithreadedTaskDispatcher with 8 workers.
[PhysX] Initialized MultithreadedTaskDispatcher with 8 workers.
 -> (artifact id: '61ebc76175b7c65f46136ac66b1c7bfe') in 0.008075 seconds
Number of updated asset objects reloaded before import = 0
Number of asset objects unloaded after import = 3
========================================================================
Received Import Request.
  Time since last request: 0.211653 seconds.
  path: Assets/_Assets/kenney_ui-pack/PNG/Red/Default/button_rectangle_depth_border.png
  artifactKey: Guid(22ecb10ac1dd58943a0a964f67ca138d) Importer(815301076,1909f56bfc062723c751e8b465ee728b)
Start importing Assets/_Assets/kenney_ui-pack/PNG/Red/Default/button_rectangle_depth_border.png using Guid(22ecb10ac1dd58943a0a964f67ca138d) Importer(815301076,1909f56bfc062723c751e8b465ee728b) [PhysX] Initialized MultithreadedTaskDispatcher with 8 workers.
[PhysX] Initialized MultithreadedTaskDispatcher with 8 workers.
 -> (artifact id: '768904388b86a3f0475d01d37eae8383') in 0.006773 seconds
Number of updated asset objects reloaded before import = 0
Number of asset objects unloaded after import = 3
========================================================================
Received Import Request.
  Time since last request: 0.000014 seconds.
  path: Assets/_Assets/kenney_ui-pack/PNG/Red/Default/button_rectangle_depth_flat.png
  artifactKey: Guid(370f91a50ece2f046b5bbcb8c2a2370e) Importer(815301076,1909f56bfc062723c751e8b465ee728b)
Start importing Assets/_Assets/kenney_ui-pack/PNG/Red/Default/button_rectangle_depth_flat.png using Guid(370f91a50ece2f046b5bbcb8c2a2370e) Importer(815301076,1909f56bfc062723c751e8b465ee728b) [PhysX] Initialized MultithreadedTaskDispatcher with 8 workers.
[PhysX] Initialized MultithreadedTaskDispatcher with 8 workers.
 -> (artifact id: '94c7b6a19087afb61f40cae98cc87059') in 0.006190 seconds
Number of updated asset objects reloaded before import = 0
Number of asset objects unloaded after import = 3
========================================================================
Received Import Request.
  Time since last request: 0.000020 seconds.
  path: Assets/_Assets/kenney_ui-pack/PNG/Yellow/Default/button_rectangle_depth_gloss.png
  artifactKey: Guid(9aa464d95131ba644b880f3ef9149313) Importer(815301076,1909f56bfc062723c751e8b465ee728b)
Start importing Assets/_Assets/kenney_ui-pack/PNG/Yellow/Default/button_rectangle_depth_gloss.png using Guid(9aa464d95131ba644b880f3ef9149313) Importer(815301076,1909f56bfc062723c751e8b465ee728b) [PhysX] Initialized MultithreadedTaskDispatcher with 8 workers.
[PhysX] Initialized MultithreadedTaskDispatcher with 8 workers.
 -> (artifact id: 'a2f0b3ccf7ff23f9bc124693d7f2ccaa') in 0.006643 seconds
Number of updated asset objects reloaded before import = 0
Number of asset objects unloaded after import = 3
========================================================================
Received Import Request.
  Time since last request: 0.000015 seconds.
  path: Assets/_Assets/kenney_ui-pack/PNG/Grey/Double/button_rectangle_depth_flat.png
  artifactKey: Guid(9cf86a4d06dbab5458918eae213afa48) Importer(815301076,1909f56bfc062723c751e8b465ee728b)
Start importing Assets/_Assets/kenney_ui-pack/PNG/Grey/Double/button_rectangle_depth_flat.png using Guid(9cf86a4d06dbab5458918eae213afa48) Importer(815301076,1909f56bfc062723c751e8b465ee728b) [PhysX] Initialized MultithreadedTaskDispatcher with 8 workers.
[PhysX] Initialized MultithreadedTaskDispatcher with 8 workers.
 -> (artifact id: '8fdf11729719d7346b281e778d64d2fe') in 0.005854 seconds
Number of updated asset objects reloaded before import = 0
Number of asset objects unloaded after import = 3
========================================================================
Received Import Request.
  Time since last request: 0.000020 seconds.
  path: Assets/_Assets/kenney_ui-pack/PNG/Red/Default/button_rectangle_depth_gloss.png
  artifactKey: Guid(92e5e04398f877f419169ca341fd5835) Importer(815301076,1909f56bfc062723c751e8b465ee728b)
Start importing Assets/_Assets/kenney_ui-pack/PNG/Red/Default/button_rectangle_depth_gloss.png using Guid(92e5e04398f877f419169ca341fd5835) Importer(815301076,1909f56bfc062723c751e8b465ee728b) [PhysX] Initialized MultithreadedTaskDispatcher with 8 workers.
[PhysX] Initialized MultithreadedTaskDispatcher with 8 workers.
 -> (artifact id: '689ec33dffde86460c2317c79f9b2a0f') in 0.006189 seconds
Number of updated asset objects reloaded before import = 0
Number of asset objects unloaded after import = 3
========================================================================
Received Import Request.
  Time since last request: 0.000016 seconds.
  path: Assets/_Assets/kenney_ui-pack/PNG/Yellow/Default/button_rectangle_depth_flat.png
  artifactKey: Guid(8a2531882a0c9c9469633ee5b9243757) Importer(815301076,1909f56bfc062723c751e8b465ee728b)
Start importing Assets/_Assets/kenney_ui-pack/PNG/Yellow/Default/button_rectangle_depth_flat.png using Guid(8a2531882a0c9c9469633ee5b9243757) Importer(815301076,1909f56bfc062723c751e8b465ee728b) [PhysX] Initialized MultithreadedTaskDispatcher with 8 workers.
[PhysX] Initialized MultithreadedTaskDispatcher with 8 workers.
 -> (artifact id: '9e34abc4e27fe6980e9ad5f419b2ec78') in 0.007506 seconds
Number of updated asset objects reloaded before import = 0
Number of asset objects unloaded after import = 3
========================================================================
Received Import Request.
  Time since last request: 0.000016 seconds.
  path: Assets/_Assets/kenney_ui-pack/PNG/Green/Default/button_rectangle_depth_flat.png
  artifactKey: Guid(c5f3bd1bb441c1e4c957d7995ac005d7) Importer(815301076,1909f56bfc062723c751e8b465ee728b)
Start importing Assets/_Assets/kenney_ui-pack/PNG/Green/Default/button_rectangle_depth_flat.png using Guid(c5f3bd1bb441c1e4c957d7995ac005d7) Importer(815301076,1909f56bfc062723c751e8b465ee728b) [PhysX] Initialized MultithreadedTaskDispatcher with 8 workers.
[PhysX] Initialized MultithreadedTaskDispatcher with 8 workers.
 -> (artifact id: 'ceebba2531fa7b0227c29989760a01da') in 0.007412 seconds
Number of updated asset objects reloaded before import = 0
Number of asset objects unloaded after import = 3
========================================================================
Received Import Request.
  Time since last request: 0.000017 seconds.
  path: Assets/_Assets/kenney_ui-pack/PNG/Blue/Default/button_rectangle_depth_flat.png
  artifactKey: Guid(1dbe53dd72d1a9640bea12596a15e70a) Importer(815301076,1909f56bfc062723c751e8b465ee728b)
Start importing Assets/_Assets/kenney_ui-pack/PNG/Blue/Default/button_rectangle_depth_flat.png using Guid(1dbe53dd72d1a9640bea12596a15e70a) Importer(815301076,1909f56bfc062723c751e8b465ee728b) [PhysX] Initialized MultithreadedTaskDispatcher with 8 workers.
[PhysX] Initialized MultithreadedTaskDispatcher with 8 workers.
 -> (artifact id: '13c437ba3d91b485de022b5326ed9e0b') in 0.006252 seconds
Number of updated asset objects reloaded before import = 0
Number of asset objects unloaded after import = 3
========================================================================
Received Import Request.
  Time since last request: 0.000016 seconds.
  path: Assets/_Assets/kenney_ui-pack/PNG/Green/Double/button_rectangle_depth_flat.png
  artifactKey: Guid(1f05f2a921f1c594bb27624603555060) Importer(815301076,1909f56bfc062723c751e8b465ee728b)
Start importing Assets/_Assets/kenney_ui-pack/PNG/Green/Double/button_rectangle_depth_flat.png using Guid(1f05f2a921f1c594bb27624603555060) Importer(815301076,1909f56bfc062723c751e8b465ee728b) [PhysX] Initialized MultithreadedTaskDispatcher with 8 workers.
[PhysX] Initialized MultithreadedTaskDispatcher with 8 workers.
 -> (artifact id: '055dfca3b5096b653dd2b95b45da3e52') in 0.010595 seconds
Number of updated asset objects reloaded before import = 0
Number of asset objects unloaded after import = 3
========================================================================
Received Import Request.
  Time since last request: 0.041271 seconds.
  path: Assets/_Assets/kenney_ui-pack/PNG/Blue/Double/button_rectangle_depth_gloss.png
  artifactKey: Guid(7d0047b20b2d7df41aacf1fa57b445e7) Importer(815301076,1909f56bfc062723c751e8b465ee728b)
Start importing Assets/_Assets/kenney_ui-pack/PNG/Blue/Double/button_rectangle_depth_gloss.png using Guid(7d0047b20b2d7df41aacf1fa57b445e7) Importer(815301076,1909f56bfc062723c751e8b465ee728b) [PhysX] Initialized MultithreadedTaskDispatcher with 8 workers.
[PhysX] Initialized MultithreadedTaskDispatcher with 8 workers.
 -> (artifact id: 'b7a319bece3e1c51f69aa868056d1268') in 0.006295 seconds
Number of updated asset objects reloaded before import = 0
Number of asset objects unloaded after import = 3
========================================================================
Received Import Request.
  Time since last request: 0.001793 seconds.
  path: Assets/_Assets/kenney_ui-pack/PNG/Green/Default/button_rectangle_depth_gloss.png
  artifactKey: Guid(09031074552e3f042a49ccf55cf9deb3) Importer(815301076,1909f56bfc062723c751e8b465ee728b)
Start importing Assets/_Assets/kenney_ui-pack/PNG/Green/Default/button_rectangle_depth_gloss.png using Guid(09031074552e3f042a49ccf55cf9deb3) Importer(815301076,1909f56bfc062723c751e8b465ee728b) [PhysX] Initialized MultithreadedTaskDispatcher with 8 workers.
[PhysX] Initialized MultithreadedTaskDispatcher with 8 workers.
 -> (artifact id: '5313edd093c5d5823c9da0510a15c50e') in 0.009312 seconds
Number of updated asset objects reloaded before import = 0
Number of asset objects unloaded after import = 3
========================================================================
Received Import Request.
  Time since last request: 0.000016 seconds.
  path: Assets/_Assets/kenney_ui-pack/PNG/Yellow/Default/button_rectangle_depth_gradient.png
  artifactKey: Guid(89cb8555d839911428196a252842de14) Importer(815301076,1909f56bfc062723c751e8b465ee728b)
Start importing Assets/_Assets/kenney_ui-pack/PNG/Yellow/Default/button_rectangle_depth_gradient.png using Guid(89cb8555d839911428196a252842de14) Importer(815301076,1909f56bfc062723c751e8b465ee728b) [PhysX] Initialized MultithreadedTaskDispatcher with 8 workers.
[PhysX] Initialized MultithreadedTaskDispatcher with 8 workers.
 -> (artifact id: '1951f4cc9fa1a73b094637c5b52e6458') in 0.008375 seconds
Number of updated asset objects reloaded before import = 0
Number of asset objects unloaded after import = 3
========================================================================
Received Import Request.
  Time since last request: 0.000017 seconds.
  path: Assets/_Assets/kenney_ui-pack/PNG/Extra/Double/button_rectangle_depth_line.png
  artifactKey: Guid(93bba5f17c036bb4ba22a0659d61724c) Importer(815301076,1909f56bfc062723c751e8b465ee728b)
Start importing Assets/_Assets/kenney_ui-pack/PNG/Extra/Double/button_rectangle_depth_line.png using Guid(93bba5f17c036bb4ba22a0659d61724c) Importer(815301076,1909f56bfc062723c751e8b465ee728b) [PhysX] Initialized MultithreadedTaskDispatcher with 8 workers.
[PhysX] Initialized MultithreadedTaskDispatcher with 8 workers.
 -> (artifact id: 'f15eac59146dd5339b3021a54f0d62a0') in 0.012940 seconds
Number of updated asset objects reloaded before import = 0
Number of asset objects unloaded after import = 3
========================================================================
Received Import Request.
  Time since last request: 0.000051 seconds.
  path: Assets/_Assets/kenney_ui-pack/PNG/Blue/Default/button_rectangle_depth_gloss.png
  artifactKey: Guid(879232baee1f501409e25f340234e752) Importer(815301076,1909f56bfc062723c751e8b465ee728b)
Start importing Assets/_Assets/kenney_ui-pack/PNG/Blue/Default/button_rectangle_depth_gloss.png using Guid(879232baee1f501409e25f340234e752) Importer(815301076,1909f56bfc062723c751e8b465ee728b) [PhysX] Initialized MultithreadedTaskDispatcher with 8 workers.
[PhysX] Initialized MultithreadedTaskDispatcher with 8 workers.
 -> (artifact id: '5bd15c9f38c8c547eeebe89769d78d98') in 0.007424 seconds
Number of updated asset objects reloaded before import = 0
Number of asset objects unloaded after import = 3
========================================================================
Received Import Request.
  Time since last request: 0.000015 seconds.
  path: Assets/_Assets/kenney_ui-pack/PNG/Yellow/Double/button_rectangle_depth_line.png
  artifactKey: Guid(99a4ef44df89e5b4da375aa1e6a0bf36) Importer(815301076,1909f56bfc062723c751e8b465ee728b)
Start importing Assets/_Assets/kenney_ui-pack/PNG/Yellow/Double/button_rectangle_depth_line.png using Guid(99a4ef44df89e5b4da375aa1e6a0bf36) Importer(815301076,1909f56bfc062723c751e8b465ee728b) [PhysX] Initialized MultithreadedTaskDispatcher with 8 workers.
[PhysX] Initialized MultithreadedTaskDispatcher with 8 workers.
 -> (artifact id: 'b741f7086b264ad8007d0379294a47bf') in 0.010530 seconds
Number of updated asset objects reloaded before import = 0
Number of asset objects unloaded after import = 3
========================================================================
Received Import Request.
  Time since last request: 0.000017 seconds.
  path: Assets/_Assets/kenney_ui-pack/PNG/Red/Double/button_rectangle_depth_gradient.png
  artifactKey: Guid(b2a94668ef439904fb4099d0031a14a6) Importer(815301076,1909f56bfc062723c751e8b465ee728b)
Start importing Assets/_Assets/kenney_ui-pack/PNG/Red/Double/button_rectangle_depth_gradient.png using Guid(b2a94668ef439904fb4099d0031a14a6) Importer(815301076,1909f56bfc062723c751e8b465ee728b) [PhysX] Initialized MultithreadedTaskDispatcher with 8 workers.
[PhysX] Initialized MultithreadedTaskDispatcher with 8 workers.
 -> (artifact id: 'd5c70538b22bb4a068d5222b046fdf6f') in 0.006987 seconds
Number of updated asset objects reloaded before import = 0
Number of asset objects unloaded after import = 3
========================================================================
Received Import Request.
  Time since last request: 0.000019 seconds.
  path: Assets/_Assets/kenney_ui-pack/PNG/Extra/Default/button_rectangle_depth_line.png
  artifactKey: Guid(99782905ab069ec4d865d6227a38d773) Importer(815301076,1909f56bfc062723c751e8b465ee728b)
Start importing Assets/_Assets/kenney_ui-pack/PNG/Extra/Default/button_rectangle_depth_line.png using Guid(99782905ab069ec4d865d6227a38d773) Importer(815301076,1909f56bfc062723c751e8b465ee728b) [PhysX] Initialized MultithreadedTaskDispatcher with 8 workers.
[PhysX] Initialized MultithreadedTaskDispatcher with 8 workers.
 -> (artifact id: '3656ef1778a4838a09ed8b98050852f5') in 0.006685 seconds
Number of updated asset objects reloaded before import = 0
Number of asset objects unloaded after import = 3
========================================================================
Received Import Request.
  Time since last request: 0.000015 seconds.
  path: Assets/_Assets/kenney_ui-pack/PNG/Grey/Double/button_rectangle_flat.png
  artifactKey: Guid(1dd0f691c8bf2a948b0703674e6eafbb) Importer(815301076,1909f56bfc062723c751e8b465ee728b)
Start importing Assets/_Assets/kenney_ui-pack/PNG/Grey/Double/button_rectangle_flat.png using Guid(1dd0f691c8bf2a948b0703674e6eafbb) Importer(815301076,1909f56bfc062723c751e8b465ee728b) [PhysX] Initialized MultithreadedTaskDispatcher with 8 workers.
[PhysX] Initialized MultithreadedTaskDispatcher with 8 workers.
 -> (artifact id: 'de929af7a24135f368f11d35581ee940') in 0.006361 seconds
Number of updated asset objects reloaded before import = 0
Number of asset objects unloaded after import = 3
========================================================================
Received Import Request.
  Time since last request: 0.000067 seconds.
  path: Assets/_Assets/kenney_ui-pack/PNG/Blue/Double/button_rectangle_depth_gradient.png
  artifactKey: Guid(0e9a796ec94c6fa4db67c61ad9fe5947) Importer(815301076,1909f56bfc062723c751e8b465ee728b)
Start importing Assets/_Assets/kenney_ui-pack/PNG/Blue/Double/button_rectangle_depth_gradient.png using Guid(0e9a796ec94c6fa4db67c61ad9fe5947) Importer(815301076,1909f56bfc062723c751e8b465ee728b) [PhysX] Initialized MultithreadedTaskDispatcher with 8 workers.
[PhysX] Initialized MultithreadedTaskDispatcher with 8 workers.
 -> (artifact id: 'a3fa8378deed8842e2126cd68c845782') in 0.006329 seconds
Number of updated asset objects reloaded before import = 0
Number of asset objects unloaded after import = 3
========================================================================
Received Import Request.
  Time since last request: 0.000015 seconds.
  path: Assets/_Assets/kenney_ui-pack/PNG/Yellow/Default/button_rectangle_depth_line.png
  artifactKey: Guid(f57c37b65c613e44499486a71a4fa088) Importer(815301076,1909f56bfc062723c751e8b465ee728b)
Start importing Assets/_Assets/kenney_ui-pack/PNG/Yellow/Default/button_rectangle_depth_line.png using Guid(f57c37b65c613e44499486a71a4fa088) Importer(815301076,1909f56bfc062723c751e8b465ee728b) [PhysX] Initialized MultithreadedTaskDispatcher with 8 workers.
[PhysX] Initialized MultithreadedTaskDispatcher with 8 workers.
 -> (artifact id: '5c1a2189bf84a73f34e399516ce9b227') in 0.006099 seconds
Number of updated asset objects reloaded before import = 0
Number of asset objects unloaded after import = 3
========================================================================
Received Import Request.
  Time since last request: 0.000023 seconds.
  path: Assets/_Assets/kenney_ui-pack/PNG/Blue/Default/button_rectangle_depth_line.png
  artifactKey: Guid(1094d07957bdecc4e93469041e376201) Importer(815301076,1909f56bfc062723c751e8b465ee728b)
Start importing Assets/_Assets/kenney_ui-pack/PNG/Blue/Default/button_rectangle_depth_line.png using Guid(1094d07957bdecc4e93469041e376201) Importer(815301076,1909f56bfc062723c751e8b465ee728b) [PhysX] Initialized MultithreadedTaskDispatcher with 8 workers.
[PhysX] Initialized MultithreadedTaskDispatcher with 8 workers.
 -> (artifact id: '8055f0b50dc225a0372ecc57d17c838e') in 0.007949 seconds
Number of updated asset objects reloaded before import = 0
Number of asset objects unloaded after import = 3
========================================================================
Received Import Request.
  Time since last request: 0.000014 seconds.
  path: Assets/_Assets/kenney_ui-pack/PNG/Red/Default/button_rectangle_flat.png
  artifactKey: Guid(ccd3abfa33a18e54ba7b6f02a5715949) Importer(815301076,1909f56bfc062723c751e8b465ee728b)
Start importing Assets/_Assets/kenney_ui-pack/PNG/Red/Default/button_rectangle_flat.png using Guid(ccd3abfa33a18e54ba7b6f02a5715949) Importer(815301076,1909f56bfc062723c751e8b465ee728b) [PhysX] Initialized MultithreadedTaskDispatcher with 8 workers.
[PhysX] Initialized MultithreadedTaskDispatcher with 8 workers.
 -> (artifact id: '912b2c16bb3c21f3f122f752f1cb8101') in 0.008735 seconds
Number of updated asset objects reloaded before import = 0
Number of asset objects unloaded after import = 3
========================================================================
Received Import Request.
  Time since last request: 0.000016 seconds.
  path: Assets/_Assets/kenney_ui-pack/PNG/Red/Default/button_rectangle_depth_gradient.png
  artifactKey: Guid(98dbeb1011807d049af98cdad73db306) Importer(815301076,1909f56bfc062723c751e8b465ee728b)
Start importing Assets/_Assets/kenney_ui-pack/PNG/Red/Default/button_rectangle_depth_gradient.png using Guid(98dbeb1011807d049af98cdad73db306) Importer(815301076,1909f56bfc062723c751e8b465ee728b) [PhysX] Initialized MultithreadedTaskDispatcher with 8 workers.
[PhysX] Initialized MultithreadedTaskDispatcher with 8 workers.
 -> (artifact id: '903f169b0dedc8686f244f2a24f9bc7f') in 0.007287 seconds
Number of updated asset objects reloaded before import = 0
Number of asset objects unloaded after import = 3
========================================================================
Received Import Request.
  Time since last request: 0.000015 seconds.
  path: Assets/_Assets/kenney_ui-pack/PNG/Blue/Default/button_rectangle_flat.png
  artifactKey: Guid(804ad10af6380d04db6511733ac5b62c) Importer(815301076,1909f56bfc062723c751e8b465ee728b)
Start importing Assets/_Assets/kenney_ui-pack/PNG/Blue/Default/button_rectangle_flat.png using Guid(804ad10af6380d04db6511733ac5b62c) Importer(815301076,1909f56bfc062723c751e8b465ee728b) [PhysX] Initialized MultithreadedTaskDispatcher with 8 workers.
[PhysX] Initialized MultithreadedTaskDispatcher with 8 workers.
 -> (artifact id: '509a90945ce66eb3e1395ae12f945b36') in 0.007969 seconds
Number of updated asset objects reloaded before import = 0
Number of asset objects unloaded after import = 3
========================================================================
Received Import Request.
  Time since last request: 0.000026 seconds.
  path: Assets/_Assets/kenney_ui-pack/PNG/Grey/Default/button_rectangle_depth_line.png
  artifactKey: Guid(38d089467d0170f47a7a37ce0995d88f) Importer(815301076,1909f56bfc062723c751e8b465ee728b)
Start importing Assets/_Assets/kenney_ui-pack/PNG/Grey/Default/button_rectangle_depth_line.png using Guid(38d089467d0170f47a7a37ce0995d88f) Importer(815301076,1909f56bfc062723c751e8b465ee728b) [PhysX] Initialized MultithreadedTaskDispatcher with 8 workers.
[PhysX] Initialized MultithreadedTaskDispatcher with 8 workers.
 -> (artifact id: '080c5a223c4c09b72597280b45143d49') in 0.008588 seconds
Number of updated asset objects reloaded before import = 0
Number of asset objects unloaded after import = 3
========================================================================
Received Import Request.
  Time since last request: 0.000029 seconds.
  path: Assets/_Assets/kenney_ui-pack/PNG/Red/Default/button_rectangle_depth_line.png
  artifactKey: Guid(8c63d51fdb17fe342bfeb962bd2b03b4) Importer(815301076,1909f56bfc062723c751e8b465ee728b)
Start importing Assets/_Assets/kenney_ui-pack/PNG/Red/Default/button_rectangle_depth_line.png using Guid(8c63d51fdb17fe342bfeb962bd2b03b4) Importer(815301076,1909f56bfc062723c751e8b465ee728b) [PhysX] Initialized MultithreadedTaskDispatcher with 8 workers.
[PhysX] Initialized MultithreadedTaskDispatcher with 8 workers.
 -> (artifact id: '7d30764a0f21c05a63c28481e5e827e4') in 0.008259 seconds
Number of updated asset objects reloaded before import = 0
Number of asset objects unloaded after import = 3
========================================================================
Received Import Request.
  Time since last request: 0.000016 seconds.
  path: Assets/_Assets/kenney_ui-pack/PNG/Grey/Double/button_rectangle_depth_gradient.png
  artifactKey: Guid(5576ec673eb8ce34f87d90454e5cfacb) Importer(815301076,1909f56bfc062723c751e8b465ee728b)
Start importing Assets/_Assets/kenney_ui-pack/PNG/Grey/Double/button_rectangle_depth_gradient.png using Guid(5576ec673eb8ce34f87d90454e5cfacb) Importer(815301076,1909f56bfc062723c751e8b465ee728b) [PhysX] Initialized MultithreadedTaskDispatcher with 8 workers.
[PhysX] Initialized MultithreadedTaskDispatcher with 8 workers.
 -> (artifact id: '3d41db8c996a78d68eeab1b020cdaf7b') in 0.007985 seconds
Number of updated asset objects reloaded before import = 0
Number of asset objects unloaded after import = 3
========================================================================
Received Import Request.
  Time since last request: 4.376070 seconds.
  path: Assets/_Assets/kenney_ui-pack/PNG/Blue/Double/button_rectangle_flat.png
  artifactKey: Guid(56c5d59d7baa2404a923c7ad873a7c27) Importer(815301076,1909f56bfc062723c751e8b465ee728b)
Start importing Assets/_Assets/kenney_ui-pack/PNG/Blue/Double/button_rectangle_flat.png using Guid(56c5d59d7baa2404a923c7ad873a7c27) Importer(815301076,1909f56bfc062723c751e8b465ee728b) [PhysX] Initialized MultithreadedTaskDispatcher with 8 workers.
[PhysX] Initialized MultithreadedTaskDispatcher with 8 workers.
 -> (artifact id: '30d06f4faea9e3ab6cd4281da60d92fd') in 0.007779 seconds
Number of updated asset objects reloaded before import = 0
Number of asset objects unloaded after import = 3
========================================================================
Received Import Request.
  Time since last request: 0.000013 seconds.
  path: Assets/_Assets/kenney_ui-pack/PNG/Yellow/Default/button_rectangle_gloss.png
  artifactKey: Guid(e62ed94e966739d43926f25c7641ea15) Importer(815301076,1909f56bfc062723c751e8b465ee728b)
Start importing Assets/_Assets/kenney_ui-pack/PNG/Yellow/Default/button_rectangle_gloss.png using Guid(e62ed94e966739d43926f25c7641ea15) Importer(815301076,1909f56bfc062723c751e8b465ee728b) [PhysX] Initialized MultithreadedTaskDispatcher with 8 workers.
[PhysX] Initialized MultithreadedTaskDispatcher with 8 workers.
 -> (artifact id: '157adae07c4e884878a8afa000c554aa') in 0.009147 seconds
Number of updated asset objects reloaded before import = 0
Number of asset objects unloaded after import = 3
========================================================================
Received Import Request.
  Time since last request: 0.000022 seconds.
  path: Assets/_Assets/kenney_ui-pack/PNG/Blue/Default/button_rectangle_gradient.png
  artifactKey: Guid(4cc1f99074b8795429b25367a3c166fe) Importer(815301076,1909f56bfc062723c751e8b465ee728b)
Start importing Assets/_Assets/kenney_ui-pack/PNG/Blue/Default/button_rectangle_gradient.png using Guid(4cc1f99074b8795429b25367a3c166fe) Importer(815301076,1909f56bfc062723c751e8b465ee728b) [PhysX] Initialized MultithreadedTaskDispatcher with 8 workers.
[PhysX] Initialized MultithreadedTaskDispatcher with 8 workers.
 -> (artifact id: 'cf587f0cf22d97ad606c15fc4dbae9e3') in 0.010869 seconds
Number of updated asset objects reloaded before import = 0
Number of asset objects unloaded after import = 3
========================================================================
Received Import Request.
  Time since last request: 0.000018 seconds.
  path: Assets/_Assets/kenney_ui-pack/PNG/Blue/Double/button_rectangle_gloss.png
  artifactKey: Guid(c3adb8304125d72448230cb7a9c171d8) Importer(815301076,1909f56bfc062723c751e8b465ee728b)
Start importing Assets/_Assets/kenney_ui-pack/PNG/Blue/Double/button_rectangle_gloss.png using Guid(c3adb8304125d72448230cb7a9c171d8) Importer(815301076,1909f56bfc062723c751e8b465ee728b) [PhysX] Initialized MultithreadedTaskDispatcher with 8 workers.
[PhysX] Initialized MultithreadedTaskDispatcher with 8 workers.
 -> (artifact id: '8453b837d6bc75781740619161650c81') in 0.008316 seconds
Number of updated asset objects reloaded before import = 0
Number of asset objects unloaded after import = 3
========================================================================
Received Import Request.
  Time since last request: 0.000019 seconds.
  path: Assets/_Assets/kenney_ui-pack/PNG/Yellow/Double/button_rectangle_gloss.png
  artifactKey: Guid(8b2e9f2051738e54d899128d1652904d) Importer(815301076,1909f56bfc062723c751e8b465ee728b)
Start importing Assets/_Assets/kenney_ui-pack/PNG/Yellow/Double/button_rectangle_gloss.png using Guid(8b2e9f2051738e54d899128d1652904d) Importer(815301076,1909f56bfc062723c751e8b465ee728b) [PhysX] Initialized MultithreadedTaskDispatcher with 8 workers.
[PhysX] Initialized MultithreadedTaskDispatcher with 8 workers.
 -> (artifact id: '0f9ef2a5c9909b10ec2d16313b02258e') in 0.009876 seconds
Number of updated asset objects reloaded before import = 0
Number of asset objects unloaded after import = 3
========================================================================
Received Import Request.
  Time since last request: 0.000016 seconds.
  path: Assets/_Assets/kenney_ui-pack/PNG/Yellow/Double/button_rectangle_gradient.png
  artifactKey: Guid(bf7ff4e3b6125924382ba325dc1fd595) Importer(815301076,1909f56bfc062723c751e8b465ee728b)
Start importing Assets/_Assets/kenney_ui-pack/PNG/Yellow/Double/button_rectangle_gradient.png using Guid(bf7ff4e3b6125924382ba325dc1fd595) Importer(815301076,1909f56bfc062723c751e8b465ee728b) [PhysX] Initialized MultithreadedTaskDispatcher with 8 workers.
[PhysX] Initialized MultithreadedTaskDispatcher with 8 workers.
 -> (artifact id: '1a0436add09320ed38623de0454745f4') in 0.007694 seconds
Number of updated asset objects reloaded before import = 0
Number of asset objects unloaded after import = 3
========================================================================
Received Import Request.
  Time since last request: 0.000016 seconds.
  path: Assets/_Assets/kenney_ui-pack/PNG/Green/Default/button_rectangle_gloss.png
  artifactKey: Guid(f6c25642eb9029b4c81fe284490a3ec2) Importer(815301076,1909f56bfc062723c751e8b465ee728b)
Start importing Assets/_Assets/kenney_ui-pack/PNG/Green/Default/button_rectangle_gloss.png using Guid(f6c25642eb9029b4c81fe284490a3ec2) Importer(815301076,1909f56bfc062723c751e8b465ee728b) [PhysX] Initialized MultithreadedTaskDispatcher with 8 workers.
[PhysX] Initialized MultithreadedTaskDispatcher with 8 workers.
 -> (artifact id: '03f809f1be4d5d7dd2ba66db9ff9335c') in 0.011873 seconds
Number of updated asset objects reloaded before import = 0
Number of asset objects unloaded after import = 3
========================================================================
Received Import Request.
  Time since last request: 0.000022 seconds.
  path: Assets/_Assets/kenney_ui-pack/PNG/Blue/Double/button_rectangle_gradient.png
  artifactKey: Guid(0e2fba12f684f384e8322c22c015d15e) Importer(815301076,1909f56bfc062723c751e8b465ee728b)
Start importing Assets/_Assets/kenney_ui-pack/PNG/Blue/Double/button_rectangle_gradient.png using Guid(0e2fba12f684f384e8322c22c015d15e) Importer(815301076,1909f56bfc062723c751e8b465ee728b) [PhysX] Initialized MultithreadedTaskDispatcher with 8 workers.
[PhysX] Initialized MultithreadedTaskDispatcher with 8 workers.
 -> (artifact id: '8dc3c3aaa33534182e04b1205b1805c5') in 0.012271 seconds
Number of updated asset objects reloaded before import = 0
Number of asset objects unloaded after import = 3
========================================================================
Received Import Request.
  Time since last request: 0.000014 seconds.
  path: Assets/_Assets/kenney_ui-pack/PNG/Red/Double/button_rectangle_gradient.png
  artifactKey: Guid(4c9c5e3c669ff7f4b99eb58db267f315) Importer(815301076,1909f56bfc062723c751e8b465ee728b)
Start importing Assets/_Assets/kenney_ui-pack/PNG/Red/Double/button_rectangle_gradient.png using Guid(4c9c5e3c669ff7f4b99eb58db267f315) Importer(815301076,1909f56bfc062723c751e8b465ee728b) [PhysX] Initialized MultithreadedTaskDispatcher with 8 workers.
[PhysX] Initialized MultithreadedTaskDispatcher with 8 workers.
 -> (artifact id: '706b8779cca59b84d48772321e584cd8') in 0.008518 seconds
Number of updated asset objects reloaded before import = 0
Number of asset objects unloaded after import = 3
========================================================================
Received Import Request.
  Time since last request: 0.767582 seconds.
  path: Assets/_Assets/kenney_ui-pack/PNG/Yellow/Default/button_rectangle_gradient.png
  artifactKey: Guid(13aa7f70ea57caa49829c7af1465b40b) Importer(815301076,1909f56bfc062723c751e8b465ee728b)
Start importing Assets/_Assets/kenney_ui-pack/PNG/Yellow/Default/button_rectangle_gradient.png using Guid(13aa7f70ea57caa49829c7af1465b40b) Importer(815301076,1909f56bfc062723c751e8b465ee728b) [PhysX] Initialized MultithreadedTaskDispatcher with 8 workers.
[PhysX] Initialized MultithreadedTaskDispatcher with 8 workers.
 -> (artifact id: '0c1a6f4cccd6a8049c1012ee3e7790cb') in 0.006602 seconds
Number of updated asset objects reloaded before import = 0
Number of asset objects unloaded after import = 3
========================================================================
Received Import Request.
  Time since last request: 0.000038 seconds.
  path: Assets/_Assets/kenney_ui-pack/PNG/Green/Default/button_rectangle_line.png
  artifactKey: Guid(21341c11b19d5db489390dc57488c5ba) Importer(815301076,1909f56bfc062723c751e8b465ee728b)
Start importing Assets/_Assets/kenney_ui-pack/PNG/Green/Default/button_rectangle_line.png using Guid(21341c11b19d5db489390dc57488c5ba) Importer(815301076,1909f56bfc062723c751e8b465ee728b) [PhysX] Initialized MultithreadedTaskDispatcher with 8 workers.
[PhysX] Initialized MultithreadedTaskDispatcher with 8 workers.
 -> (artifact id: 'f3da00f1cd3d4eabacd81492f912d94a') in 0.009292 seconds
Number of updated asset objects reloaded before import = 0
Number of asset objects unloaded after import = 3
========================================================================
Received Import Request.
  Time since last request: 0.000021 seconds.
  path: Assets/_Assets/kenney_ui-pack/PNG/Blue/Default/button_rectangle_line.png
  artifactKey: Guid(eefa742b41a03a047ba74e988ba39f97) Importer(815301076,1909f56bfc062723c751e8b465ee728b)
Start importing Assets/_Assets/kenney_ui-pack/PNG/Blue/Default/button_rectangle_line.png using Guid(eefa742b41a03a047ba74e988ba39f97) Importer(815301076,1909f56bfc062723c751e8b465ee728b) [PhysX] Initialized MultithreadedTaskDispatcher with 8 workers.
[PhysX] Initialized MultithreadedTaskDispatcher with 8 workers.
 -> (artifact id: '6e2afc975c1482ac1f6b5a2866b67903') in 0.010493 seconds
Number of updated asset objects reloaded before import = 0
Number of asset objects unloaded after import = 3
========================================================================
Received Import Request.
  Time since last request: 0.000016 seconds.
  path: Assets/_Assets/kenney_ui-pack/PNG/Red/Double/button_rectangle_line.png
  artifactKey: Guid(71d78e0c81e09ed4299f5e8b8eb827b3) Importer(815301076,1909f56bfc062723c751e8b465ee728b)
Start importing Assets/_Assets/kenney_ui-pack/PNG/Red/Double/button_rectangle_line.png using Guid(71d78e0c81e09ed4299f5e8b8eb827b3) Importer(815301076,1909f56bfc062723c751e8b465ee728b) [PhysX] Initialized MultithreadedTaskDispatcher with 8 workers.
[PhysX] Initialized MultithreadedTaskDispatcher with 8 workers.
 -> (artifact id: '1f79467be2032c8b8a8ae7d2ddf3abda') in 0.009275 seconds
Number of updated asset objects reloaded before import = 0
Number of asset objects unloaded after import = 3
========================================================================
Received Import Request.
  Time since last request: 0.000048 seconds.
  path: Assets/_Assets/kenney_ui-pack/PNG/Extra/Default/button_rectangle_line.png
  artifactKey: Guid(b9b134c1f974ae44d95c2270953b92cf) Importer(815301076,1909f56bfc062723c751e8b465ee728b)
Start importing Assets/_Assets/kenney_ui-pack/PNG/Extra/Default/button_rectangle_line.png using Guid(b9b134c1f974ae44d95c2270953b92cf) Importer(815301076,1909f56bfc062723c751e8b465ee728b) [PhysX] Initialized MultithreadedTaskDispatcher with 8 workers.
[PhysX] Initialized MultithreadedTaskDispatcher with 8 workers.
 -> (artifact id: '6b331374277b277c20e007433deed25d') in 0.008884 seconds
Number of updated asset objects reloaded before import = 0
Number of asset objects unloaded after import = 3
========================================================================
Received Import Request.
  Time since last request: 0.411933 seconds.
  path: Assets/_Assets/kenney_ui-pack-adventure/PNG/Default/button_red_close.png
  artifactKey: Guid(3d2ad5a962a307f498c31065580ba35a) Importer(815301076,1909f56bfc062723c751e8b465ee728b)
Start importing Assets/_Assets/kenney_ui-pack-adventure/PNG/Default/button_red_close.png using Guid(3d2ad5a962a307f498c31065580ba35a) Importer(815301076,1909f56bfc062723c751e8b465ee728b) [PhysX] Initialized MultithreadedTaskDispatcher with 8 workers.
[PhysX] Initialized MultithreadedTaskDispatcher with 8 workers.
 -> (artifact id: '4dac07d60fde773aa480d93c527261b1') in 0.007583 seconds
Number of updated asset objects reloaded before import = 0
Number of asset objects unloaded after import = 3
========================================================================
Received Import Request.
  Time since last request: 0.000011 seconds.
  path: Assets/_Assets/kenney_ui-pack/PNG/Red/Double/button_round_border.png
  artifactKey: Guid(60dffbf0d3d0c3940b606b9c7a37d294) Importer(815301076,1909f56bfc062723c751e8b465ee728b)
Start importing Assets/_Assets/kenney_ui-pack/PNG/Red/Double/button_round_border.png using Guid(60dffbf0d3d0c3940b606b9c7a37d294) Importer(815301076,1909f56bfc062723c751e8b465ee728b) [PhysX] Initialized MultithreadedTaskDispatcher with 8 workers.
[PhysX] Initialized MultithreadedTaskDispatcher with 8 workers.
 -> (artifact id: '11dbaffe50cd8357152c5f523f0f4f68') in 0.012691 seconds
Number of updated asset objects reloaded before import = 0
Number of asset objects unloaded after import = 3
========================================================================
Received Import Request.
  Time since last request: 0.000017 seconds.
  path: Assets/_Assets/kenney_ui-pack/PNG/Yellow/Default/button_round_depth_border.png
  artifactKey: Guid(b7629d2872217794db5d52b132fa1427) Importer(815301076,1909f56bfc062723c751e8b465ee728b)
Start importing Assets/_Assets/kenney_ui-pack/PNG/Yellow/Default/button_round_depth_border.png using Guid(b7629d2872217794db5d52b132fa1427) Importer(815301076,1909f56bfc062723c751e8b465ee728b) [PhysX] Initialized MultithreadedTaskDispatcher with 8 workers.
[PhysX] Initialized MultithreadedTaskDispatcher with 8 workers.
 -> (artifact id: 'e2659a2de9c61934fe96d7a218cba835') in 0.011308 seconds
Number of updated asset objects reloaded before import = 0
Number of asset objects unloaded after import = 3
========================================================================
Received Import Request.
  Time since last request: 0.000017 seconds.
  path: Assets/_Assets/kenney_ui-pack/PNG/Green/Double/button_round_depth_border.png
  artifactKey: Guid(e7fa4b65653e4ef4baa18db8ff4be8a1) Importer(815301076,1909f56bfc062723c751e8b465ee728b)
Start importing Assets/_Assets/kenney_ui-pack/PNG/Green/Double/button_round_depth_border.png using Guid(e7fa4b65653e4ef4baa18db8ff4be8a1) Importer(815301076,1909f56bfc062723c751e8b465ee728b) [PhysX] Initialized MultithreadedTaskDispatcher with 8 workers.
[PhysX] Initialized MultithreadedTaskDispatcher with 8 workers.
 -> (artifact id: '02f36a7c404aa0461c3bb69f7f44ad27') in 0.011758 seconds
Number of updated asset objects reloaded before import = 0
Number of asset objects unloaded after import = 3
========================================================================
Received Import Request.
  Time since last request: 0.000018 seconds.
  path: Assets/_Assets/kenney_ui-pack/PNG/Yellow/Double/button_round_border.png
  artifactKey: Guid(ac86e9c7bad0fa145b147fcfc5e878fc) Importer(815301076,1909f56bfc062723c751e8b465ee728b)
Start importing Assets/_Assets/kenney_ui-pack/PNG/Yellow/Double/button_round_border.png using Guid(ac86e9c7bad0fa145b147fcfc5e878fc) Importer(815301076,1909f56bfc062723c751e8b465ee728b) [PhysX] Initialized MultithreadedTaskDispatcher with 8 workers.
[PhysX] Initialized MultithreadedTaskDispatcher with 8 workers.
 -> (artifact id: '0f35553c8c91f5d6e1f42b4f6bb249b1') in 0.010970 seconds
Number of updated asset objects reloaded before import = 0
Number of asset objects unloaded after import = 3
========================================================================
Received Import Request.
  Time since last request: 0.008325 seconds.
  path: Assets/_Assets/kenney_ui-pack/PNG/Red/Default/button_round_depth_border.png
  artifactKey: Guid(b995685156f17cd49b73f1003ec7f4c0) Importer(815301076,1909f56bfc062723c751e8b465ee728b)
Start importing Assets/_Assets/kenney_ui-pack/PNG/Red/Default/button_round_depth_border.png using Guid(b995685156f17cd49b73f1003ec7f4c0) Importer(815301076,1909f56bfc062723c751e8b465ee728b) [PhysX] Initialized MultithreadedTaskDispatcher with 8 workers.
[PhysX] Initialized MultithreadedTaskDispatcher with 8 workers.
 -> (artifact id: '753c6d78e54ab18eb8c7ecbe349a80e6') in 0.008442 seconds
Number of updated asset objects reloaded before import = 0
Number of asset objects unloaded after import = 3
========================================================================
Received Import Request.
  Time since last request: 0.000015 seconds.
  path: Assets/_Assets/kenney_ui-pack/PNG/Grey/Double/button_round_depth_flat.png
  artifactKey: Guid(2049cb1107fbb3f46aa5338422e59b46) Importer(815301076,1909f56bfc062723c751e8b465ee728b)
Start importing Assets/_Assets/kenney_ui-pack/PNG/Grey/Double/button_round_depth_flat.png using Guid(2049cb1107fbb3f46aa5338422e59b46) Importer(815301076,1909f56bfc062723c751e8b465ee728b) [PhysX] Initialized MultithreadedTaskDispatcher with 8 workers.
[PhysX] Initialized MultithreadedTaskDispatcher with 8 workers.
 -> (artifact id: '1b66f67ba488beaa2178e9ec90d3aa65') in 0.010708 seconds
Number of updated asset objects reloaded before import = 0
Number of asset objects unloaded after import = 3
========================================================================
Received Import Request.
  Time since last request: 0.000018 seconds.
  path: Assets/_Assets/kenney_ui-pack/PNG/Grey/Default/button_round_depth_flat.png
  artifactKey: Guid(e46ff911aac255041a1406b83e7bf35f) Importer(815301076,1909f56bfc062723c751e8b465ee728b)
Start importing Assets/_Assets/kenney_ui-pack/PNG/Grey/Default/button_round_depth_flat.png using Guid(e46ff911aac255041a1406b83e7bf35f) Importer(815301076,1909f56bfc062723c751e8b465ee728b) [PhysX] Initialized MultithreadedTaskDispatcher with 8 workers.
[PhysX] Initialized MultithreadedTaskDispatcher with 8 workers.
 -> (artifact id: '8ddd7acb2b410dfd3f353bb9597b6bcf') in 0.012429 seconds
Number of updated asset objects reloaded before import = 0
Number of asset objects unloaded after import = 3
========================================================================
Received Import Request.
  Time since last request: 0.000023 seconds.
  path: Assets/_Assets/kenney_ui-pack/PNG/Yellow/Default/button_round_depth_flat.png
  artifactKey: Guid(c285566d7d8fcff478bc7f91aa04b81d) Importer(815301076,1909f56bfc062723c751e8b465ee728b)
Start importing Assets/_Assets/kenney_ui-pack/PNG/Yellow/Default/button_round_depth_flat.png using Guid(c285566d7d8fcff478bc7f91aa04b81d) Importer(815301076,1909f56bfc062723c751e8b465ee728b) [PhysX] Initialized MultithreadedTaskDispatcher with 8 workers.
[PhysX] Initialized MultithreadedTaskDispatcher with 8 workers.
 -> (artifact id: 'a67be11443c6463015ca68527d4b01da') in 0.008797 seconds
Number of updated asset objects reloaded before import = 0
Number of asset objects unloaded after import = 3
========================================================================
Received Import Request.
  Time since last request: 0.000023 seconds.
  path: Assets/_Assets/kenney_ui-pack/PNG/Blue/Default/button_round_depth_flat.png
  artifactKey: Guid(ed1fa1964862f1f42bdef87b33e72d0b) Importer(815301076,1909f56bfc062723c751e8b465ee728b)
Start importing Assets/_Assets/kenney_ui-pack/PNG/Blue/Default/button_round_depth_flat.png using Guid(ed1fa1964862f1f42bdef87b33e72d0b) Importer(815301076,1909f56bfc062723c751e8b465ee728b) [PhysX] Initialized MultithreadedTaskDispatcher with 8 workers.
[PhysX] Initialized MultithreadedTaskDispatcher with 8 workers.
 -> (artifact id: '29da7e5f09290895b47d15c21e1e4a30') in 0.009606 seconds
Number of updated asset objects reloaded before import = 0
Number of asset objects unloaded after import = 3
========================================================================
Received Import Request.
  Time since last request: 0.525539 seconds.
  path: Assets/_Assets/kenney_ui-pack/PNG/Grey/Double/button_round_depth_gloss.png
  artifactKey: Guid(62857357d51ab2c448321505d6bc47b0) Importer(815301076,1909f56bfc062723c751e8b465ee728b)
Start importing Assets/_Assets/kenney_ui-pack/PNG/Grey/Double/button_round_depth_gloss.png using Guid(62857357d51ab2c448321505d6bc47b0) Importer(815301076,1909f56bfc062723c751e8b465ee728b) [PhysX] Initialized MultithreadedTaskDispatcher with 8 workers.
[PhysX] Initialized MultithreadedTaskDispatcher with 8 workers.
 -> (artifact id: 'a5803364f9e8889435e58fc160565ca6') in 0.008360 seconds
Number of updated asset objects reloaded before import = 0
Number of asset objects unloaded after import = 3
========================================================================
Received Import Request.
  Time since last request: 0.000015 seconds.
  path: Assets/_Assets/kenney_ui-pack/PNG/Green/Default/button_round_depth_gradient.png
  artifactKey: Guid(c4e88c1ce50a0e446bc998af5aec7173) Importer(815301076,1909f56bfc062723c751e8b465ee728b)
Start importing Assets/_Assets/kenney_ui-pack/PNG/Green/Default/button_round_depth_gradient.png using Guid(c4e88c1ce50a0e446bc998af5aec7173) Importer(815301076,1909f56bfc062723c751e8b465ee728b) [PhysX] Initialized MultithreadedTaskDispatcher with 8 workers.
[PhysX] Initialized MultithreadedTaskDispatcher with 8 workers.
 -> (artifact id: '58f170b29c1f8216df3c7165aae81234') in 0.008082 seconds
Number of updated asset objects reloaded before import = 0
Number of asset objects unloaded after import = 3
========================================================================
Received Import Request.
  Time since last request: 0.000013 seconds.
  path: Assets/_Assets/kenney_ui-pack/PNG/Blue/Double/button_round_depth_gradient.png
  artifactKey: Guid(3d15d7b24781fe242899eeed96156861) Importer(815301076,1909f56bfc062723c751e8b465ee728b)
Start importing Assets/_Assets/kenney_ui-pack/PNG/Blue/Double/button_round_depth_gradient.png using Guid(3d15d7b24781fe242899eeed96156861) Importer(815301076,1909f56bfc062723c751e8b465ee728b) [PhysX] Initialized MultithreadedTaskDispatcher with 8 workers.
[PhysX] Initialized MultithreadedTaskDispatcher with 8 workers.
 -> (artifact id: 'a85bf5bbaa83a103b832ab41cd57a7fa') in 0.011684 seconds
Number of updated asset objects reloaded before import = 0
Number of asset objects unloaded after import = 3
========================================================================
Received Import Request.
  Time since last request: 0.000013 seconds.
  path: Assets/_Assets/kenney_ui-pack/PNG/Grey/Default/button_round_depth_line.png
  artifactKey: Guid(c83d1eeb66564ef47aaa8df89ac28fc4) Importer(815301076,1909f56bfc062723c751e8b465ee728b)
Start importing Assets/_Assets/kenney_ui-pack/PNG/Grey/Default/button_round_depth_line.png using Guid(c83d1eeb66564ef47aaa8df89ac28fc4) Importer(815301076,1909f56bfc062723c751e8b465ee728b) [PhysX] Initialized MultithreadedTaskDispatcher with 8 workers.
[PhysX] Initialized MultithreadedTaskDispatcher with 8 workers.
 -> (artifact id: 'd58e2fee93cd9561fbda226600092987') in 0.009348 seconds
Number of updated asset objects reloaded before import = 0
Number of asset objects unloaded after import = 3
========================================================================
Received Import Request.
  Time since last request: 0.000023 seconds.
  path: Assets/_Assets/kenney_ui-pack/PNG/Grey/Double/button_round_depth_gradient.png
  artifactKey: Guid(c40067444e139444bb303efcad227f2a) Importer(815301076,1909f56bfc062723c751e8b465ee728b)
Start importing Assets/_Assets/kenney_ui-pack/PNG/Grey/Double/button_round_depth_gradient.png using Guid(c40067444e139444bb303efcad227f2a) Importer(815301076,1909f56bfc062723c751e8b465ee728b) [PhysX] Initialized MultithreadedTaskDispatcher with 8 workers.
[PhysX] Initialized MultithreadedTaskDispatcher with 8 workers.
 -> (artifact id: '48d5040e7dafe9277597f9d4df77140d') in 0.009335 seconds
Number of updated asset objects reloaded before import = 0
Number of asset objects unloaded after import = 3
========================================================================
Received Import Request.
  Time since last request: 0.000020 seconds.
  path: Assets/_Assets/kenney_ui-pack/PNG/Extra/Default/button_round_depth_line.png
  artifactKey: Guid(6ee1568dcb37e5b4a90ef5cb6c7a8363) Importer(815301076,1909f56bfc062723c751e8b465ee728b)
Start importing Assets/_Assets/kenney_ui-pack/PNG/Extra/Default/button_round_depth_line.png using Guid(6ee1568dcb37e5b4a90ef5cb6c7a8363) Importer(815301076,1909f56bfc062723c751e8b465ee728b) [PhysX] Initialized MultithreadedTaskDispatcher with 8 workers.
[PhysX] Initialized MultithreadedTaskDispatcher with 8 workers.
 -> (artifact id: 'b65e222f9369b6fd7e520de1c1f7cfe7') in 0.008850 seconds
Number of updated asset objects reloaded before import = 0
Number of asset objects unloaded after import = 3
========================================================================
Received Import Request.
  Time since last request: 0.000015 seconds.
  path: Assets/_Assets/kenney_ui-pack/PNG/Grey/Default/button_round_flat.png
  artifactKey: Guid(643e1de994c842744974c1647b7656f8) Importer(815301076,1909f56bfc062723c751e8b465ee728b)
Start importing Assets/_Assets/kenney_ui-pack/PNG/Grey/Default/button_round_flat.png using Guid(643e1de994c842744974c1647b7656f8) Importer(815301076,1909f56bfc062723c751e8b465ee728b) [PhysX] Initialized MultithreadedTaskDispatcher with 8 workers.
[PhysX] Initialized MultithreadedTaskDispatcher with 8 workers.
 -> (artifact id: '022828a9fb22cfd94db75941468b2025') in 0.009611 seconds
Number of updated asset objects reloaded before import = 0
Number of asset objects unloaded after import = 3
========================================================================
Received Import Request.
  Time since last request: 0.000020 seconds.
  path: Assets/_Assets/kenney_ui-pack/PNG/Blue/Double/button_round_flat.png
  artifactKey: Guid(82efe0e052be1e34dadb72ef59568c66) Importer(815301076,1909f56bfc062723c751e8b465ee728b)
Start importing Assets/_Assets/kenney_ui-pack/PNG/Blue/Double/button_round_flat.png using Guid(82efe0e052be1e34dadb72ef59568c66) Importer(815301076,1909f56bfc062723c751e8b465ee728b) [PhysX] Initialized MultithreadedTaskDispatcher with 8 workers.
[PhysX] Initialized MultithreadedTaskDispatcher with 8 workers.
 -> (artifact id: 'd0ab56d0f9d0b9f85bab2f9bb756eff0') in 0.010101 seconds
Number of updated asset objects reloaded before import = 0
Number of asset objects unloaded after import = 3
========================================================================
Received Import Request.
  Time since last request: 0.000017 seconds.
  path: Assets/_Assets/kenney_ui-pack/PNG/Yellow/Default/button_round_flat.png
  artifactKey: Guid(28824995e95c13545b64fac7d973e6c6) Importer(815301076,1909f56bfc062723c751e8b465ee728b)
Start importing Assets/_Assets/kenney_ui-pack/PNG/Yellow/Default/button_round_flat.png using Guid(28824995e95c13545b64fac7d973e6c6) Importer(815301076,1909f56bfc062723c751e8b465ee728b) [PhysX] Initialized MultithreadedTaskDispatcher with 8 workers.
[PhysX] Initialized MultithreadedTaskDispatcher with 8 workers.
 -> (artifact id: 'b806aca57d5fd2f198ed70658cb4f94a') in 0.010063 seconds
Number of updated asset objects reloaded before import = 0
Number of asset objects unloaded after import = 3
========================================================================
Received Import Request.
  Time since last request: 0.599074 seconds.
  path: Assets/_Assets/kenney_ui-pack/PNG/Grey/Double/button_round_flat.png
  artifactKey: Guid(f077cec26ec82ab4290b9f1549616ec8) Importer(815301076,1909f56bfc062723c751e8b465ee728b)
Start importing Assets/_Assets/kenney_ui-pack/PNG/Grey/Double/button_round_flat.png using Guid(f077cec26ec82ab4290b9f1549616ec8) Importer(815301076,1909f56bfc062723c751e8b465ee728b) [PhysX] Initialized MultithreadedTaskDispatcher with 8 workers.
[PhysX] Initialized MultithreadedTaskDispatcher with 8 workers.
 -> (artifact id: '0e63f15ad2ae5763ed7c28f2eb6df0cf') in 0.008266 seconds
Number of updated asset objects reloaded before import = 0
Number of asset objects unloaded after import = 3
========================================================================
Received Import Request.
  Time since last request: 0.000013 seconds.
  path: Assets/_Assets/kenney_ui-pack/PNG/Red/Double/button_round_gloss.png
  artifactKey: Guid(3ba4ade8220e2fe4f99fa572f03953dd) Importer(815301076,1909f56bfc062723c751e8b465ee728b)
Start importing Assets/_Assets/kenney_ui-pack/PNG/Red/Double/button_round_gloss.png using Guid(3ba4ade8220e2fe4f99fa572f03953dd) Importer(815301076,1909f56bfc062723c751e8b465ee728b) [PhysX] Initialized MultithreadedTaskDispatcher with 8 workers.
[PhysX] Initialized MultithreadedTaskDispatcher with 8 workers.
 -> (artifact id: '7c24efe08b67ce5243933e73d472b789') in 0.009948 seconds
Number of updated asset objects reloaded before import = 0
Number of asset objects unloaded after import = 3
========================================================================
Received Import Request.
  Time since last request: 0.000053 seconds.
  path: Assets/_Assets/kenney_ui-pack/PNG/Blue/Default/button_round_gradient.png
  artifactKey: Guid(f9ab7bd87f7a16b4c9df76748fb4db30) Importer(815301076,1909f56bfc062723c751e8b465ee728b)
Start importing Assets/_Assets/kenney_ui-pack/PNG/Blue/Default/button_round_gradient.png using Guid(f9ab7bd87f7a16b4c9df76748fb4db30) Importer(815301076,1909f56bfc062723c751e8b465ee728b) [PhysX] Initialized MultithreadedTaskDispatcher with 8 workers.
[PhysX] Initialized MultithreadedTaskDispatcher with 8 workers.
 -> (artifact id: '9f433feb078f6ccf4c56f28448e971e9') in 0.010383 seconds
Number of updated asset objects reloaded before import = 0
Number of asset objects unloaded after import = 3
========================================================================
Received Import Request.
  Time since last request: 0.000304 seconds.
  path: Assets/_Assets/kenney_ui-pack/PNG/Red/Default/button_round_gloss.png
  artifactKey: Guid(d70ce9c074537644681505daf56f4c9f) Importer(815301076,1909f56bfc062723c751e8b465ee728b)
Start importing Assets/_Assets/kenney_ui-pack/PNG/Red/Default/button_round_gloss.png using Guid(d70ce9c074537644681505daf56f4c9f) Importer(815301076,1909f56bfc062723c751e8b465ee728b) [PhysX] Initialized MultithreadedTaskDispatcher with 8 workers.
[PhysX] Initialized MultithreadedTaskDispatcher with 8 workers.
 -> (artifact id: '07bc31cf3460095d5b784c79f0e82923') in 0.010208 seconds
Number of updated asset objects reloaded before import = 0
Number of asset objects unloaded after import = 3
========================================================================
Received Import Request.
  Time since last request: 0.000017 seconds.
  path: Assets/_Assets/kenney_ui-pack/PNG/Red/Default/button_round_gradient.png
  artifactKey: Guid(31636976da7f2204393f80895977fe3f) Importer(815301076,1909f56bfc062723c751e8b465ee728b)
Start importing Assets/_Assets/kenney_ui-pack/PNG/Red/Default/button_round_gradient.png using Guid(31636976da7f2204393f80895977fe3f) Importer(815301076,1909f56bfc062723c751e8b465ee728b) [PhysX] Initialized MultithreadedTaskDispatcher with 8 workers.
[PhysX] Initialized MultithreadedTaskDispatcher with 8 workers.
 -> (artifact id: 'b331c15902bc5685fd2de197b1e38e01') in 0.008133 seconds
Number of updated asset objects reloaded before import = 0
Number of asset objects unloaded after import = 3
========================================================================
Received Import Request.
  Time since last request: 0.000015 seconds.
  path: Assets/_Assets/kenney_ui-pack/PNG/Extra/Double/button_round_line.png
  artifactKey: Guid(619ba68cda6b27c4fa02117e49804abf) Importer(815301076,1909f56bfc062723c751e8b465ee728b)
Start importing Assets/_Assets/kenney_ui-pack/PNG/Extra/Double/button_round_line.png using Guid(619ba68cda6b27c4fa02117e49804abf) Importer(815301076,1909f56bfc062723c751e8b465ee728b) [PhysX] Initialized MultithreadedTaskDispatcher with 8 workers.
[PhysX] Initialized MultithreadedTaskDispatcher with 8 workers.
 -> (artifact id: 'c9279f72cae530dde1739966cb79a279') in 0.009733 seconds
Number of updated asset objects reloaded before import = 0
Number of asset objects unloaded after import = 3
========================================================================
Received Import Request.
  Time since last request: 0.000024 seconds.
  path: Assets/_Assets/kenney_ui-pack/PNG/Green/Double/button_round_line.png
  artifactKey: Guid(ebd763e2560c6b646abe02a175ea17ac) Importer(815301076,1909f56bfc062723c751e8b465ee728b)
Start importing Assets/_Assets/kenney_ui-pack/PNG/Green/Double/button_round_line.png using Guid(ebd763e2560c6b646abe02a175ea17ac) Importer(815301076,1909f56bfc062723c751e8b465ee728b) [PhysX] Initialized MultithreadedTaskDispatcher with 8 workers.
[PhysX] Initialized MultithreadedTaskDispatcher with 8 workers.
 -> (artifact id: 'a2f01c667399eabf456dc357ee65d6d4') in 0.011929 seconds
Number of updated asset objects reloaded before import = 0
Number of asset objects unloaded after import = 3
========================================================================
Received Import Request.
  Time since last request: 0.000018 seconds.
  path: Assets/_Assets/kenney_ui-pack/PNG/Grey/Double/button_round_gradient.png
  artifactKey: Guid(b23048c5e459a7242abcec5045cd3eee) Importer(815301076,1909f56bfc062723c751e8b465ee728b)
Start importing Assets/_Assets/kenney_ui-pack/PNG/Grey/Double/button_round_gradient.png using Guid(b23048c5e459a7242abcec5045cd3eee) Importer(815301076,1909f56bfc062723c751e8b465ee728b) [PhysX] Initialized MultithreadedTaskDispatcher with 8 workers.
[PhysX] Initialized MultithreadedTaskDispatcher with 8 workers.
 -> (artifact id: '6125dbd619f3b5b65a3d4267258a59b8') in 0.010612 seconds
Number of updated asset objects reloaded before import = 0
Number of asset objects unloaded after import = 3
========================================================================
Received Import Request.
  Time since last request: 0.000014 seconds.
  path: Assets/_Assets/kenney_ui-pack/PNG/Yellow/Default/button_round_gradient.png
  artifactKey: Guid(24b725e8257cfb040a6d6731590a655d) Importer(815301076,1909f56bfc062723c751e8b465ee728b)
Start importing Assets/_Assets/kenney_ui-pack/PNG/Yellow/Default/button_round_gradient.png using Guid(24b725e8257cfb040a6d6731590a655d) Importer(815301076,1909f56bfc062723c751e8b465ee728b) [PhysX] Initialized MultithreadedTaskDispatcher with 8 workers.
[PhysX] Initialized MultithreadedTaskDispatcher with 8 workers.
 -> (artifact id: '7ca443c0f0f9c109a63c3afb333ee779') in 0.009726 seconds
Number of updated asset objects reloaded before import = 0
Number of asset objects unloaded after import = 3
========================================================================
Received Import Request.
  Time since last request: 0.030713 seconds.
  path: Assets/_Assets/kenney_ui-pack/PNG/Green/Default/button_square_border.png
  artifactKey: Guid(6e84e8acc2824134da3b964ac9ce3ee9) Importer(815301076,1909f56bfc062723c751e8b465ee728b)
Start importing Assets/_Assets/kenney_ui-pack/PNG/Green/Default/button_square_border.png using Guid(6e84e8acc2824134da3b964ac9ce3ee9) Importer(815301076,1909f56bfc062723c751e8b465ee728b) [PhysX] Initialized MultithreadedTaskDispatcher with 8 workers.
[PhysX] Initialized MultithreadedTaskDispatcher with 8 workers.
 -> (artifact id: '659b65ee179d1025f6bee4d3bba8cfd5') in 0.007342 seconds
Number of updated asset objects reloaded before import = 0
Number of asset objects unloaded after import = 3
========================================================================
Received Import Request.
  Time since last request: 0.000014 seconds.
  path: Assets/_Assets/kenney_ui-pack/PNG/Yellow/Double/button_square_depth_border.png
  artifactKey: Guid(67bd6a34a4e353f479be06d46181b5f6) Importer(815301076,1909f56bfc062723c751e8b465ee728b)
Start importing Assets/_Assets/kenney_ui-pack/PNG/Yellow/Double/button_square_depth_border.png using Guid(67bd6a34a4e353f479be06d46181b5f6) Importer(815301076,1909f56bfc062723c751e8b465ee728b) [PhysX] Initialized MultithreadedTaskDispatcher with 8 workers.
[PhysX] Initialized MultithreadedTaskDispatcher with 8 workers.
 -> (artifact id: 'a153c98eaea188a30819e0bf8c248a12') in 0.008763 seconds
Number of updated asset objects reloaded before import = 0
Number of asset objects unloaded after import = 3
========================================================================
Received Import Request.
  Time since last request: 0.000015 seconds.
  path: Assets/_Assets/kenney_ui-pack/PNG/Blue/Default/button_square_depth_border.png
  artifactKey: Guid(a054048cfd1c38f45bd2255c3e79761e) Importer(815301076,1909f56bfc062723c751e8b465ee728b)
Start importing Assets/_Assets/kenney_ui-pack/PNG/Blue/Default/button_square_depth_border.png using Guid(a054048cfd1c38f45bd2255c3e79761e) Importer(815301076,1909f56bfc062723c751e8b465ee728b) [PhysX] Initialized MultithreadedTaskDispatcher with 8 workers.
[PhysX] Initialized MultithreadedTaskDispatcher with 8 workers.
 -> (artifact id: '389462d0699ada344a53074d2953e753') in 0.008321 seconds
Number of updated asset objects reloaded before import = 0
Number of asset objects unloaded after import = 3
========================================================================
Received Import Request.
  Time since last request: 0.001378 seconds.
  path: Assets/_Assets/kenney_ui-pack/PNG/Grey/Double/button_square_depth_border.png
  artifactKey: Guid(8e65e13b1c5475c409e48ca2d15cb154) Importer(815301076,1909f56bfc062723c751e8b465ee728b)
Start importing Assets/_Assets/kenney_ui-pack/PNG/Grey/Double/button_square_depth_border.png using Guid(8e65e13b1c5475c409e48ca2d15cb154) Importer(815301076,1909f56bfc062723c751e8b465ee728b) [PhysX] Initialized MultithreadedTaskDispatcher with 8 workers.
[PhysX] Initialized MultithreadedTaskDispatcher with 8 workers.
 -> (artifact id: '8ccf935e3ec5f184bea896ae3c940250') in 0.010213 seconds
Number of updated asset objects reloaded before import = 0
Number of asset objects unloaded after import = 3
========================================================================
Received Import Request.
  Time since last request: 0.000016 seconds.
  path: Assets/_Assets/kenney_ui-pack/PNG/Blue/Double/button_square_depth_border.png
  artifactKey: Guid(270f138290dbaab469d30e58796446ac) Importer(815301076,1909f56bfc062723c751e8b465ee728b)
Start importing Assets/_Assets/kenney_ui-pack/PNG/Blue/Double/button_square_depth_border.png using Guid(270f138290dbaab469d30e58796446ac) Importer(815301076,1909f56bfc062723c751e8b465ee728b) [PhysX] Initialized MultithreadedTaskDispatcher with 8 workers.
[PhysX] Initialized MultithreadedTaskDispatcher with 8 workers.
 -> (artifact id: 'f1d656e08c99a66bbbaa211ed50e7473') in 0.007749 seconds
Number of updated asset objects reloaded before import = 0
Number of asset objects unloaded after import = 3
========================================================================
Received Import Request.
  Time since last request: 0.272015 seconds.
  path: Assets/_Assets/kenney_ui-pack/PNG/Green/Double/button_square_depth_flat.png
  artifactKey: Guid(59fb7692ea2b91948b2b3e25e40f1115) Importer(815301076,1909f56bfc062723c751e8b465ee728b)
Start importing Assets/_Assets/kenney_ui-pack/PNG/Green/Double/button_square_depth_flat.png using Guid(59fb7692ea2b91948b2b3e25e40f1115) Importer(815301076,1909f56bfc062723c751e8b465ee728b) [PhysX] Initialized MultithreadedTaskDispatcher with 8 workers.
[PhysX] Initialized MultithreadedTaskDispatcher with 8 workers.
 -> (artifact id: 'db6f4c44fabe48cd8d8f24d746943752') in 0.008471 seconds
Number of updated asset objects reloaded before import = 0
Number of asset objects unloaded after import = 3
========================================================================
Received Import Request.
  Time since last request: 0.000014 seconds.
  path: Assets/_Assets/kenney_ui-pack/PNG/Yellow/Double/button_square_depth_gloss.png
  artifactKey: Guid(663cdde7a4280d3498630bf0eeadd2dc) Importer(815301076,1909f56bfc062723c751e8b465ee728b)
Start importing Assets/_Assets/kenney_ui-pack/PNG/Yellow/Double/button_square_depth_gloss.png using Guid(663cdde7a4280d3498630bf0eeadd2dc) Importer(815301076,1909f56bfc062723c751e8b465ee728b) [PhysX] Initialized MultithreadedTaskDispatcher with 8 workers.
[PhysX] Initialized MultithreadedTaskDispatcher with 8 workers.
 -> (artifact id: 'cc8e919e41a36fb7d53845b109141cd7') in 0.009235 seconds
Number of updated asset objects reloaded before import = 0
Number of asset objects unloaded after import = 3
========================================================================
Received Import Request.
  Time since last request: 0.000013 seconds.
  path: Assets/_Assets/kenney_ui-pack/PNG/Grey/Default/button_square_depth_gloss.png
  artifactKey: Guid(391a71203ba83e74b8dfd3cf1375a3b8) Importer(815301076,1909f56bfc062723c751e8b465ee728b)
Start importing Assets/_Assets/kenney_ui-pack/PNG/Grey/Default/button_square_depth_gloss.png using Guid(391a71203ba83e74b8dfd3cf1375a3b8) Importer(815301076,1909f56bfc062723c751e8b465ee728b) [PhysX] Initialized MultithreadedTaskDispatcher with 8 workers.
[PhysX] Initialized MultithreadedTaskDispatcher with 8 workers.
 -> (artifact id: '82cbd7339b711119ca076443f7eed94a') in 0.009970 seconds
Number of updated asset objects reloaded before import = 0
Number of asset objects unloaded after import = 3
========================================================================
Received Import Request.
  Time since last request: 0.000023 seconds.
  path: Assets/_Assets/kenney_ui-pack/PNG/Green/Default/button_square_depth_gloss.png
  artifactKey: Guid(2e5ea4f63262175408f8b25b7677136b) Importer(815301076,1909f56bfc062723c751e8b465ee728b)
Start importing Assets/_Assets/kenney_ui-pack/PNG/Green/Default/button_square_depth_gloss.png using Guid(2e5ea4f63262175408f8b25b7677136b) Importer(815301076,1909f56bfc062723c751e8b465ee728b) [PhysX] Initialized MultithreadedTaskDispatcher with 8 workers.
[PhysX] Initialized MultithreadedTaskDispatcher with 8 workers.
 -> (artifact id: 'f2a2ebf3627a25c37f428b1ee64d63a9') in 0.008672 seconds
Number of updated asset objects reloaded before import = 0
Number of asset objects unloaded after import = 3
========================================================================
Received Import Request.
  Time since last request: 0.000015 seconds.
  path: Assets/_Assets/kenney_ui-pack/PNG/Blue/Double/button_square_depth_flat.png
  artifactKey: Guid(047d4d48ed47daf419617b1acdcc4356) Importer(815301076,1909f56bfc062723c751e8b465ee728b)
Start importing Assets/_Assets/kenney_ui-pack/PNG/Blue/Double/button_square_depth_flat.png using Guid(047d4d48ed47daf419617b1acdcc4356) Importer(815301076,1909f56bfc062723c751e8b465ee728b) [PhysX] Initialized MultithreadedTaskDispatcher with 8 workers.
[PhysX] Initialized MultithreadedTaskDispatcher with 8 workers.
 -> (artifact id: '27a1a22977910a51ae7435e0ab4e7b9a') in 0.010455 seconds
Number of updated asset objects reloaded before import = 0
Number of asset objects unloaded after import = 3
========================================================================
Received Import Request.
  Time since last request: 0.036460 seconds.
  path: Assets/_Assets/kenney_ui-pack/PNG/Red/Default/button_square_depth_gloss.png
  artifactKey: Guid(82ef45d4ea395a140b8206582ecb0e15) Importer(815301076,1909f56bfc062723c751e8b465ee728b)
Start importing Assets/_Assets/kenney_ui-pack/PNG/Red/Default/button_square_depth_gloss.png using Guid(82ef45d4ea395a140b8206582ecb0e15) Importer(815301076,1909f56bfc062723c751e8b465ee728b) [PhysX] Initialized MultithreadedTaskDispatcher with 8 workers.
[PhysX] Initialized MultithreadedTaskDispatcher with 8 workers.
 -> (artifact id: '54e59758da323a9c68016325c1c5fc30') in 0.007092 seconds
Number of updated asset objects reloaded before import = 0
Number of asset objects unloaded after import = 3
========================================================================
Received Import Request.
  Time since last request: 0.000012 seconds.
  path: Assets/_Assets/kenney_ui-pack/PNG/Blue/Default/button_square_depth_gradient.png
  artifactKey: Guid(3224e601d390d7740b4a21fee5ed5d8c) Importer(815301076,1909f56bfc062723c751e8b465ee728b)
Start importing Assets/_Assets/kenney_ui-pack/PNG/Blue/Default/button_square_depth_gradient.png using Guid(3224e601d390d7740b4a21fee5ed5d8c) Importer(815301076,1909f56bfc062723c751e8b465ee728b) [PhysX] Initialized MultithreadedTaskDispatcher with 8 workers.
[PhysX] Initialized MultithreadedTaskDispatcher with 8 workers.
 -> (artifact id: 'b8359fae385895e85d3188a55a8db947') in 0.008115 seconds
Number of updated asset objects reloaded before import = 0
Number of asset objects unloaded after import = 3
========================================================================
Received Import Request.
  Time since last request: 0.000016 seconds.
  path: Assets/_Assets/kenney_ui-pack/PNG/Extra/Default/button_square_depth_line.png
  artifactKey: Guid(d32fa865c5bb3b04eae9d7fb83134647) Importer(815301076,1909f56bfc062723c751e8b465ee728b)
Start importing Assets/_Assets/kenney_ui-pack/PNG/Extra/Default/button_square_depth_line.png using Guid(d32fa865c5bb3b04eae9d7fb83134647) Importer(815301076,1909f56bfc062723c751e8b465ee728b) [PhysX] Initialized MultithreadedTaskDispatcher with 8 workers.
[PhysX] Initialized MultithreadedTaskDispatcher with 8 workers.
 -> (artifact id: 'e52d593861ab7a44597ad73c150b3030') in 0.009281 seconds
Number of updated asset objects reloaded before import = 0
Number of asset objects unloaded after import = 3
========================================================================
Received Import Request.
  Time since last request: 0.000017 seconds.
  path: Assets/_Assets/kenney_ui-pack/PNG/Green/Default/button_square_depth_gradient.png
  artifactKey: Guid(6a567eb6f20544d498b31b542b2a8d8b) Importer(815301076,1909f56bfc062723c751e8b465ee728b)
Start importing Assets/_Assets/kenney_ui-pack/PNG/Green/Default/button_square_depth_gradient.png using Guid(6a567eb6f20544d498b31b542b2a8d8b) Importer(815301076,1909f56bfc062723c751e8b465ee728b) [PhysX] Initialized MultithreadedTaskDispatcher with 8 workers.
[PhysX] Initialized MultithreadedTaskDispatcher with 8 workers.
 -> (artifact id: '5e7297ef167b6717cbd78f83ab99c1c7') in 0.008755 seconds
Number of updated asset objects reloaded before import = 0
Number of asset objects unloaded after import = 3
========================================================================
Received Import Request.
  Time since last request: 0.000023 seconds.
  path: Assets/_Assets/kenney_ui-pack/PNG/Yellow/Default/button_square_depth_gradient.png
  artifactKey: Guid(e9d1f339e4b9a4e40b9c5b11ee88c051) Importer(815301076,1909f56bfc062723c751e8b465ee728b)
Start importing Assets/_Assets/kenney_ui-pack/PNG/Yellow/Default/button_square_depth_gradient.png using Guid(e9d1f339e4b9a4e40b9c5b11ee88c051) Importer(815301076,1909f56bfc062723c751e8b465ee728b) [PhysX] Initialized MultithreadedTaskDispatcher with 8 workers.
[PhysX] Initialized MultithreadedTaskDispatcher with 8 workers.
 -> (artifact id: '4a4e21bf3f08d7d0b5f8693c9d85f75c') in 0.007443 seconds
Number of updated asset objects reloaded before import = 0
Number of asset objects unloaded after import = 3
========================================================================
Received Import Request.
  Time since last request: 0.002178 seconds.
  path: Assets/_Assets/kenney_ui-pack/PNG/Red/Double/button_square_depth_line.png
  artifactKey: Guid(a2905cf5b0f209947b751dfa2786051d) Importer(815301076,1909f56bfc062723c751e8b465ee728b)
Start importing Assets/_Assets/kenney_ui-pack/PNG/Red/Double/button_square_depth_line.png using Guid(a2905cf5b0f209947b751dfa2786051d) Importer(815301076,1909f56bfc062723c751e8b465ee728b) [PhysX] Initialized MultithreadedTaskDispatcher with 8 workers.
[PhysX] Initialized MultithreadedTaskDispatcher with 8 workers.
 -> (artifact id: 'ead829364f2e21b4ca2f94042d48df40') in 0.008648 seconds
Number of updated asset objects reloaded before import = 0
Number of asset objects unloaded after import = 3
========================================================================
Received Import Request.
  Time since last request: 0.000019 seconds.
  path: Assets/_Assets/kenney_ui-pack/PNG/Grey/Default/button_square_flat.png
  artifactKey: Guid(f8ec8c2351dfdb14db9fca7030234f47) Importer(815301076,1909f56bfc062723c751e8b465ee728b)
Start importing Assets/_Assets/kenney_ui-pack/PNG/Grey/Default/button_square_flat.png using Guid(f8ec8c2351dfdb14db9fca7030234f47) Importer(815301076,1909f56bfc062723c751e8b465ee728b) [PhysX] Initialized MultithreadedTaskDispatcher with 8 workers.
[PhysX] Initialized MultithreadedTaskDispatcher with 8 workers.
 -> (artifact id: '509d1035256c935283c8a2742808b43e') in 0.008724 seconds
Number of updated asset objects reloaded before import = 0
Number of asset objects unloaded after import = 3
========================================================================
Received Import Request.
  Time since last request: 0.000012 seconds.
  path: Assets/_Assets/kenney_ui-pack/PNG/Green/Double/button_square_flat.png
  artifactKey: Guid(50adccff7f9a8164187495543a3e5bc5) Importer(815301076,1909f56bfc062723c751e8b465ee728b)
Start importing Assets/_Assets/kenney_ui-pack/PNG/Green/Double/button_square_flat.png using Guid(50adccff7f9a8164187495543a3e5bc5) Importer(815301076,1909f56bfc062723c751e8b465ee728b) [PhysX] Initialized MultithreadedTaskDispatcher with 8 workers.
[PhysX] Initialized MultithreadedTaskDispatcher with 8 workers.
 -> (artifact id: '898dda25cccafc6c33c568caf4a66760') in 0.010097 seconds
Number of updated asset objects reloaded before import = 0
Number of asset objects unloaded after import = 3
========================================================================
Received Import Request.
  Time since last request: 0.000019 seconds.
  path: Assets/_Assets/kenney_ui-pack/PNG/Red/Double/button_square_flat.png
  artifactKey: Guid(7457ece576375f24b98ef9b400854442) Importer(815301076,1909f56bfc062723c751e8b465ee728b)
Start importing Assets/_Assets/kenney_ui-pack/PNG/Red/Double/button_square_flat.png using Guid(7457ece576375f24b98ef9b400854442) Importer(815301076,1909f56bfc062723c751e8b465ee728b) [PhysX] Initialized MultithreadedTaskDispatcher with 8 workers.
[PhysX] Initialized MultithreadedTaskDispatcher with 8 workers.
 -> (artifact id: 'cd2b5e910f5c270b99f62b0be7efbfc1') in 0.009263 seconds
Number of updated asset objects reloaded before import = 0
Number of asset objects unloaded after import = 3
========================================================================
Received Import Request.
  Time since last request: 0.363332 seconds.
  path: Assets/_Assets/kenney_ui-pack/PNG/Grey/Double/button_square_gloss.png
  artifactKey: Guid(11deefc11fa1f2948bf18941c1c49918) Importer(815301076,1909f56bfc062723c751e8b465ee728b)
Start importing Assets/_Assets/kenney_ui-pack/PNG/Grey/Double/button_square_gloss.png using Guid(11deefc11fa1f2948bf18941c1c49918) Importer(815301076,1909f56bfc062723c751e8b465ee728b) [PhysX] Initialized MultithreadedTaskDispatcher with 8 workers.
[PhysX] Initialized MultithreadedTaskDispatcher with 8 workers.
 -> (artifact id: '6b447d87b68cdcdf8c2d893fdce254bb') in 0.009137 seconds
Number of updated asset objects reloaded before import = 0
Number of asset objects unloaded after import = 3
========================================================================
Received Import Request.
  Time since last request: 0.000018 seconds.
  path: Assets/_Assets/kenney_ui-pack/PNG/Grey/Default/button_square_gradient.png
  artifactKey: Guid(4f32176af61603642b2510b6f81b09fa) Importer(815301076,1909f56bfc062723c751e8b465ee728b)
Start importing Assets/_Assets/kenney_ui-pack/PNG/Grey/Default/button_square_gradient.png using Guid(4f32176af61603642b2510b6f81b09fa) Importer(815301076,1909f56bfc062723c751e8b465ee728b) [PhysX] Initialized MultithreadedTaskDispatcher with 8 workers.
[PhysX] Initialized MultithreadedTaskDispatcher with 8 workers.
 -> (artifact id: 'e2e1d77661ff8ef1c657fbb3aa230215') in 0.009515 seconds
Number of updated asset objects reloaded before import = 0
Number of asset objects unloaded after import = 3
========================================================================
Received Import Request.
  Time since last request: 0.000020 seconds.
  path: Assets/_Assets/kenney_ui-pack/PNG/Blue/Default/button_square_gradient.png
  artifactKey: Guid(b2452620b95131c46ad8620ba7759428) Importer(815301076,1909f56bfc062723c751e8b465ee728b)
Start importing Assets/_Assets/kenney_ui-pack/PNG/Blue/Default/button_square_gradient.png using Guid(b2452620b95131c46ad8620ba7759428) Importer(815301076,1909f56bfc062723c751e8b465ee728b) [PhysX] Initialized MultithreadedTaskDispatcher with 8 workers.
[PhysX] Initialized MultithreadedTaskDispatcher with 8 workers.
 -> (artifact id: '7cf01e29ab85547afc9ea645cc5f23d0') in 0.012367 seconds
Number of updated asset objects reloaded before import = 0
Number of asset objects unloaded after import = 3
========================================================================
Received Import Request.
  Time since last request: 0.000015 seconds.
  path: Assets/_Assets/kenney_ui-pack/PNG/Green/Default/button_square_gradient.png
  artifactKey: Guid(6b516fc622578944a9d245e0eefb8b23) Importer(815301076,1909f56bfc062723c751e8b465ee728b)
Start importing Assets/_Assets/kenney_ui-pack/PNG/Green/Default/button_square_gradient.png using Guid(6b516fc622578944a9d245e0eefb8b23) Importer(815301076,1909f56bfc062723c751e8b465ee728b) [PhysX] Initialized MultithreadedTaskDispatcher with 8 workers.
[PhysX] Initialized MultithreadedTaskDispatcher with 8 workers.
 -> (artifact id: '6304be5aa56d0c49975729f6475cc0c1') in 0.009724 seconds
Number of updated asset objects reloaded before import = 0
Number of asset objects unloaded after import = 3
========================================================================
Received Import Request.
  Time since last request: 0.000019 seconds.
  path: Assets/_Assets/kenney_ui-pack/PNG/Yellow/Double/button_square_gloss.png
  artifactKey: Guid(5b983d79a5a64b6478db7cb4764c3dcc) Importer(815301076,1909f56bfc062723c751e8b465ee728b)
Start importing Assets/_Assets/kenney_ui-pack/PNG/Yellow/Double/button_square_gloss.png using Guid(5b983d79a5a64b6478db7cb4764c3dcc) Importer(815301076,1909f56bfc062723c751e8b465ee728b) [PhysX] Initialized MultithreadedTaskDispatcher with 8 workers.
[PhysX] Initialized MultithreadedTaskDispatcher with 8 workers.
 -> (artifact id: 'b17a13fa4bd2c268718bcd53e28dce08') in 0.007007 seconds
Number of updated asset objects reloaded before import = 0
Number of asset objects unloaded after import = 3
========================================================================
Received Import Request.
  Time since last request: 0.293788 seconds.
  path: Assets/_Assets/kenney_ui-pack/PNG/Green/Double/button_square_line.png
  artifactKey: Guid(cdc174e39f823f34ea6f3e6e2e0d61ca) Importer(815301076,1909f56bfc062723c751e8b465ee728b)
Start importing Assets/_Assets/kenney_ui-pack/PNG/Green/Double/button_square_line.png using Guid(cdc174e39f823f34ea6f3e6e2e0d61ca) Importer(815301076,1909f56bfc062723c751e8b465ee728b) [PhysX] Initialized MultithreadedTaskDispatcher with 8 workers.
[PhysX] Initialized MultithreadedTaskDispatcher with 8 workers.
 -> (artifact id: 'd0349632b272eeccf9106ad1445572cc') in 0.010514 seconds
Number of updated asset objects reloaded before import = 0
Number of asset objects unloaded after import = 3
========================================================================
Received Import Request.
  Time since last request: 0.000018 seconds.
  path: Assets/_Assets/kenney_ui-pack/PNG/Green/Default/button_square_line.png
  artifactKey: Guid(c86a7622f9afb8449908b252e1ad6d9e) Importer(815301076,1909f56bfc062723c751e8b465ee728b)
Start importing Assets/_Assets/kenney_ui-pack/PNG/Green/Default/button_square_line.png using Guid(c86a7622f9afb8449908b252e1ad6d9e) Importer(815301076,1909f56bfc062723c751e8b465ee728b) [PhysX] Initialized MultithreadedTaskDispatcher with 8 workers.
[PhysX] Initialized MultithreadedTaskDispatcher with 8 workers.
 -> (artifact id: '1db21de72b5ccb00b712f53a4200434a') in 0.011721 seconds
Number of updated asset objects reloaded before import = 0
Number of asset objects unloaded after import = 3
========================================================================
Received Import Request.
  Time since last request: 0.000016 seconds.
  path: Assets/_Assets/kenney_ui-pack/PNG/Grey/Double/button_square_line.png
  artifactKey: Guid(4748bf515ce04c343a1b85c3044ba0c2) Importer(815301076,1909f56bfc062723c751e8b465ee728b)
Start importing Assets/_Assets/kenney_ui-pack/PNG/Grey/Double/button_square_line.png using Guid(4748bf515ce04c343a1b85c3044ba0c2) Importer(815301076,1909f56bfc062723c751e8b465ee728b) [PhysX] Initialized MultithreadedTaskDispatcher with 8 workers.
[PhysX] Initialized MultithreadedTaskDispatcher with 8 workers.
 -> (artifact id: '123d7ca88d4ef3703a5e00a0ceafc8b3') in 0.011550 seconds
Number of updated asset objects reloaded before import = 0
Number of asset objects unloaded after import = 3
========================================================================
Received Import Request.
  Time since last request: 0.000025 seconds.
  path: Assets/_Assets/kenney_ui-pack/PNG/Yellow/Default/button_square_line.png
  artifactKey: Guid(3546e7a77ec62594f9737c8e2814f0a5) Importer(815301076,1909f56bfc062723c751e8b465ee728b)
Start importing Assets/_Assets/kenney_ui-pack/PNG/Yellow/Default/button_square_line.png using Guid(3546e7a77ec62594f9737c8e2814f0a5) Importer(815301076,1909f56bfc062723c751e8b465ee728b) [PhysX] Initialized MultithreadedTaskDispatcher with 8 workers.
[PhysX] Initialized MultithreadedTaskDispatcher with 8 workers.
 -> (artifact id: '115ff54d815c3ddaf6dabd1e1407863b') in 0.010229 seconds
Number of updated asset objects reloaded before import = 0
Number of asset objects unloaded after import = 3
========================================================================
Received Import Request.
  Time since last request: 0.000019 seconds.
  path: Assets/_Assets/kenney_ui-pack-rpg-expansion/PNG/buttonLong_beige.png
  artifactKey: Guid(2b92162478127e748a57c04bc72334d9) Importer(815301076,1909f56bfc062723c751e8b465ee728b)
Start importing Assets/_Assets/kenney_ui-pack-rpg-expansion/PNG/buttonLong_beige.png using Guid(2b92162478127e748a57c04bc72334d9) Importer(815301076,1909f56bfc062723c751e8b465ee728b) [PhysX] Initialized MultithreadedTaskDispatcher with 8 workers.
[PhysX] Initialized MultithreadedTaskDispatcher with 8 workers.
 -> (artifact id: '5ad39283dcde991fd8eea5416b74bd51') in 0.011831 seconds
Number of updated asset objects reloaded before import = 0
Number of asset objects unloaded after import = 3
========================================================================
Received Import Request.
  Time since last request: 0.013025 seconds.
  path: Assets/_Assets/kenney_ui-pack-rpg-expansion/PNG/buttonLong_grey_pressed.png
  artifactKey: Guid(aaf54623febfa5d4eaaf6b6f7febdc52) Importer(815301076,1909f56bfc062723c751e8b465ee728b)
Start importing Assets/_Assets/kenney_ui-pack-rpg-expansion/PNG/buttonLong_grey_pressed.png using Guid(aaf54623febfa5d4eaaf6b6f7febdc52) Importer(815301076,1909f56bfc062723c751e8b465ee728b) [PhysX] Initialized MultithreadedTaskDispatcher with 8 workers.
[PhysX] Initialized MultithreadedTaskDispatcher with 8 workers.
 -> (artifact id: '4bfe04b8954474683995007776a051fe') in 0.008037 seconds
Number of updated asset objects reloaded before import = 0
Number of asset objects unloaded after import = 3
========================================================================
Received Import Request.
  Time since last request: 0.000015 seconds.
  path: Assets/_Assets/kenney_ui-pack-rpg-expansion/PNG/buttonSquare_brown_pressed.png
  artifactKey: Guid(aaf32d397bd0a304b82300b8b028bc34) Importer(815301076,1909f56bfc062723c751e8b465ee728b)
Start importing Assets/_Assets/kenney_ui-pack-rpg-expansion/PNG/buttonSquare_brown_pressed.png using Guid(aaf32d397bd0a304b82300b8b028bc34) Importer(815301076,1909f56bfc062723c751e8b465ee728b) [PhysX] Initialized MultithreadedTaskDispatcher with 8 workers.
[PhysX] Initialized MultithreadedTaskDispatcher with 8 workers.
 -> (artifact id: '2435b82246db139305c651f6467c8ce3') in 0.014411 seconds
Number of updated asset objects reloaded before import = 0
Number of asset objects unloaded after import = 3
========================================================================
Received Import Request.
  Time since last request: 0.000018 seconds.
  path: Assets/_Assets/kenney_ui-pack-rpg-expansion/PNG/buttonSquare_beige.png
  artifactKey: Guid(00cd72588dd1340448178b0dfba55256) Importer(815301076,1909f56bfc062723c751e8b465ee728b)
Start importing Assets/_Assets/kenney_ui-pack-rpg-expansion/PNG/buttonSquare_beige.png using Guid(00cd72588dd1340448178b0dfba55256) Importer(815301076,1909f56bfc062723c751e8b465ee728b) [PhysX] Initialized MultithreadedTaskDispatcher with 8 workers.
[PhysX] Initialized MultithreadedTaskDispatcher with 8 workers.
 -> (artifact id: 'c3b122721dc8fa232e36d9fef37840f9') in 0.009866 seconds
Number of updated asset objects reloaded before import = 0
Number of asset objects unloaded after import = 3
========================================================================
Received Import Request.
  Time since last request: 0.327410 seconds.
  path: Assets/_Assets/kenney_ui-pack/PNG/Red/Double/check_round_color.png
  artifactKey: Guid(bdff79a3c00eaae4a8e3ee9222cca318) Importer(815301076,1909f56bfc062723c751e8b465ee728b)
Start importing Assets/_Assets/kenney_ui-pack/PNG/Red/Double/check_round_color.png using Guid(bdff79a3c00eaae4a8e3ee9222cca318) Importer(815301076,1909f56bfc062723c751e8b465ee728b) [PhysX] Initialized MultithreadedTaskDispatcher with 8 workers.
[PhysX] Initialized MultithreadedTaskDispatcher with 8 workers.
 -> (artifact id: '2a41b9424b053ca42d14aef41bf36178') in 0.008822 seconds
Number of updated asset objects reloaded before import = 0
Number of asset objects unloaded after import = 3
========================================================================
Received Import Request.
  Time since last request: 0.000931 seconds.
  path: Assets/_Assets/kenney_ui-pack/PNG/Blue/Double/check_round_grey.png
  artifactKey: Guid(510ef3a76f2568b44a841db1dae8aac6) Importer(815301076,1909f56bfc062723c751e8b465ee728b)
Start importing Assets/_Assets/kenney_ui-pack/PNG/Blue/Double/check_round_grey.png using Guid(510ef3a76f2568b44a841db1dae8aac6) Importer(815301076,1909f56bfc062723c751e8b465ee728b) [PhysX] Initialized MultithreadedTaskDispatcher with 8 workers.
[PhysX] Initialized MultithreadedTaskDispatcher with 8 workers.
 -> (artifact id: '0f8a6ba23a1bcb69de37149dde8b2d35') in 0.009166 seconds
Number of updated asset objects reloaded before import = 0
Number of asset objects unloaded after import = 3
========================================================================
Received Import Request.
  Time since last request: 0.000019 seconds.
  path: Assets/_Assets/kenney_ui-pack/PNG/Green/Double/check_round_grey.png
  artifactKey: Guid(ba75ae679db2ee74bb96e8bbb995e9fb) Importer(815301076,1909f56bfc062723c751e8b465ee728b)
Start importing Assets/_Assets/kenney_ui-pack/PNG/Green/Double/check_round_grey.png using Guid(ba75ae679db2ee74bb96e8bbb995e9fb) Importer(815301076,1909f56bfc062723c751e8b465ee728b) [PhysX] Initialized MultithreadedTaskDispatcher with 8 workers.
[PhysX] Initialized MultithreadedTaskDispatcher with 8 workers.
 -> (artifact id: '0addc88dbaf1b909e693d3a892dabf42') in 0.010386 seconds
Number of updated asset objects reloaded before import = 0
Number of asset objects unloaded after import = 3
========================================================================
Received Import Request.
  Time since last request: 0.000015 seconds.
  path: Assets/_Assets/kenney_ui-pack/PNG/Grey/Double/check_round_grey.png
  artifactKey: Guid(d7cac705381acea4ba2350e4d92bc877) Importer(815301076,1909f56bfc062723c751e8b465ee728b)
Start importing Assets/_Assets/kenney_ui-pack/PNG/Grey/Double/check_round_grey.png using Guid(d7cac705381acea4ba2350e4d92bc877) Importer(815301076,1909f56bfc062723c751e8b465ee728b) [PhysX] Initialized MultithreadedTaskDispatcher with 8 workers.
[PhysX] Initialized MultithreadedTaskDispatcher with 8 workers.
 -> (artifact id: '61c50f768dfdfc259d3fca1bd11de2fd') in 0.010575 seconds
Number of updated asset objects reloaded before import = 0
Number of asset objects unloaded after import = 3
========================================================================
Received Import Request.
  Time since last request: 0.000016 seconds.
  path: Assets/_Assets/kenney_ui-pack/PNG/Green/Double/check_round_color.png
  artifactKey: Guid(4b3e616b657f9444a9c75ee536854eb0) Importer(815301076,1909f56bfc062723c751e8b465ee728b)
Start importing Assets/_Assets/kenney_ui-pack/PNG/Green/Double/check_round_color.png using Guid(4b3e616b657f9444a9c75ee536854eb0) Importer(815301076,1909f56bfc062723c751e8b465ee728b) [PhysX] Initialized MultithreadedTaskDispatcher with 8 workers.
[PhysX] Initialized MultithreadedTaskDispatcher with 8 workers.
 -> (artifact id: 'c3ce909e64207983fd07d0ba007248ea') in 0.009963 seconds
Number of updated asset objects reloaded before import = 0
Number of asset objects unloaded after import = 3
========================================================================
Received Import Request.
  Time since last request: 0.000017 seconds.
  path: Assets/_Assets/kenney_ui-pack/PNG/Grey/Default/check_round_grey_circle.png
  artifactKey: Guid(ee336211925572a45899430479098929) Importer(815301076,1909f56bfc062723c751e8b465ee728b)
Start importing Assets/_Assets/kenney_ui-pack/PNG/Grey/Default/check_round_grey_circle.png using Guid(ee336211925572a45899430479098929) Importer(815301076,1909f56bfc062723c751e8b465ee728b) [PhysX] Initialized MultithreadedTaskDispatcher with 8 workers.
[PhysX] Initialized MultithreadedTaskDispatcher with 8 workers.
 -> (artifact id: '5a9f7c00716115fc1f715124c121048e') in 0.009923 seconds
Number of updated asset objects reloaded before import = 0
Number of asset objects unloaded after import = 3
========================================================================
Received Import Request.
  Time since last request: 0.000015 seconds.
  path: Assets/_Assets/kenney_ui-pack/PNG/Green/Default/check_round_grey_circle.png
  artifactKey: Guid(c30018aa6512fd94fa769a90f1495dcd) Importer(815301076,1909f56bfc062723c751e8b465ee728b)
Start importing Assets/_Assets/kenney_ui-pack/PNG/Green/Default/check_round_grey_circle.png using Guid(c30018aa6512fd94fa769a90f1495dcd) Importer(815301076,1909f56bfc062723c751e8b465ee728b) [PhysX] Initialized MultithreadedTaskDispatcher with 8 workers.
[PhysX] Initialized MultithreadedTaskDispatcher with 8 workers.
 -> (artifact id: 'd5409ff256b5eb7a6127ffb62c9afdae') in 0.011086 seconds
Number of updated asset objects reloaded before import = 0
Number of asset objects unloaded after import = 3
========================================================================
Received Import Request.
  Time since last request: 0.000020 seconds.
  path: Assets/_Assets/kenney_ui-pack/PNG/Blue/Default/check_round_round_circle.png
  artifactKey: Guid(eb365a37332844647904008837740aae) Importer(815301076,1909f56bfc062723c751e8b465ee728b)
Start importing Assets/_Assets/kenney_ui-pack/PNG/Blue/Default/check_round_round_circle.png using Guid(eb365a37332844647904008837740aae) Importer(815301076,1909f56bfc062723c751e8b465ee728b) [PhysX] Initialized MultithreadedTaskDispatcher with 8 workers.
[PhysX] Initialized MultithreadedTaskDispatcher with 8 workers.
 -> (artifact id: 'd766ec6cbe26d310aa1a82bd0816d079') in 0.011724 seconds
Number of updated asset objects reloaded before import = 0
Number of asset objects unloaded after import = 3
========================================================================
Received Import Request.
  Time since last request: 0.000315 seconds.
  path: Assets/_Assets/kenney_ui-pack/PNG/Red/Default/check_round_round_circle.png
  artifactKey: Guid(825f5b9a9356a0b45a1f83a012bfc2be) Importer(815301076,1909f56bfc062723c751e8b465ee728b)
Start importing Assets/_Assets/kenney_ui-pack/PNG/Red/Default/check_round_round_circle.png using Guid(825f5b9a9356a0b45a1f83a012bfc2be) Importer(815301076,1909f56bfc062723c751e8b465ee728b) [PhysX] Initialized MultithreadedTaskDispatcher with 8 workers.
[PhysX] Initialized MultithreadedTaskDispatcher with 8 workers.
 -> (artifact id: 'd4f746a343ea959ad4d3fa75c345a5a7') in 0.008847 seconds
Number of updated asset objects reloaded before import = 0
Number of asset objects unloaded after import = 3
========================================================================
Received Import Request.
  Time since last request: 0.000013 seconds.
  path: Assets/_Assets/kenney_ui-pack/PNG/Red/Double/check_square_color.png
  artifactKey: Guid(411ac688ff5d62042b6af7a1fe56bcfb) Importer(815301076,1909f56bfc062723c751e8b465ee728b)
Start importing Assets/_Assets/kenney_ui-pack/PNG/Red/Double/check_square_color.png using Guid(411ac688ff5d62042b6af7a1fe56bcfb) Importer(815301076,1909f56bfc062723c751e8b465ee728b) [PhysX] Initialized MultithreadedTaskDispatcher with 8 workers.
[PhysX] Initialized MultithreadedTaskDispatcher with 8 workers.
 -> (artifact id: '718469ff8c3f5b2620d4e28fab75adfb') in 0.007547 seconds
Number of updated asset objects reloaded before import = 0
Number of asset objects unloaded after import = 3
========================================================================
Received Import Request.
  Time since last request: 0.000022 seconds.
  path: Assets/_Assets/kenney_ui-pack/PNG/Grey/Double/check_square_color_checkmark.png
  artifactKey: Guid(81895e37198c1014fb14b30ea9e68662) Importer(815301076,1909f56bfc062723c751e8b465ee728b)
Start importing Assets/_Assets/kenney_ui-pack/PNG/Grey/Double/check_square_color_checkmark.png using Guid(81895e37198c1014fb14b30ea9e68662) Importer(815301076,1909f56bfc062723c751e8b465ee728b) [PhysX] Initialized MultithreadedTaskDispatcher with 8 workers.
[PhysX] Initialized MultithreadedTaskDispatcher with 8 workers.
 -> (artifact id: 'dce57f693eb6e978b8a40ef6ad519dc5') in 0.013783 seconds
Number of updated asset objects reloaded before import = 0
Number of asset objects unloaded after import = 3
========================================================================
Received Import Request.
  Time since last request: 0.000021 seconds.
  path: Assets/_Assets/kenney_ui-pack/PNG/Green/Double/check_square_color_checkmark.png
  artifactKey: Guid(8450ad5ac19e61b45bf83e620a13e28c) Importer(815301076,1909f56bfc062723c751e8b465ee728b)
Start importing Assets/_Assets/kenney_ui-pack/PNG/Green/Double/check_square_color_checkmark.png using Guid(8450ad5ac19e61b45bf83e620a13e28c) Importer(815301076,1909f56bfc062723c751e8b465ee728b) [PhysX] Initialized MultithreadedTaskDispatcher with 8 workers.
[PhysX] Initialized MultithreadedTaskDispatcher with 8 workers.
 -> (artifact id: '6b00a60a85aadd94b24102f99d3ef6fa') in 0.008034 seconds
Number of updated asset objects reloaded before import = 0
Number of asset objects unloaded after import = 3
========================================================================
Received Import Request.
  Time since last request: 0.000021 seconds.
  path: Assets/_Assets/kenney_ui-pack/PNG/Blue/Default/check_square_color.png
  artifactKey: Guid(fffa918a7551fe74789af52ac3e2a05b) Importer(815301076,1909f56bfc062723c751e8b465ee728b)
Start importing Assets/_Assets/kenney_ui-pack/PNG/Blue/Default/check_square_color.png using Guid(fffa918a7551fe74789af52ac3e2a05b) Importer(815301076,1909f56bfc062723c751e8b465ee728b) [PhysX] Initialized MultithreadedTaskDispatcher with 8 workers.
[PhysX] Initialized MultithreadedTaskDispatcher with 8 workers.
 -> (artifact id: '1a267c93aebff2f2760c2b2f81c4d5dc') in 0.009544 seconds
Number of updated asset objects reloaded before import = 0
Number of asset objects unloaded after import = 3
========================================================================
Received Import Request.
  Time since last request: 0.057723 seconds.
  path: Assets/_Assets/kenney_ui-pack/PNG/Red/Default/check_square_color_checkmark.png
  artifactKey: Guid(f45275c22ad90774093bcc7b1df6ee41) Importer(815301076,1909f56bfc062723c751e8b465ee728b)
Start importing Assets/_Assets/kenney_ui-pack/PNG/Red/Default/check_square_color_checkmark.png using Guid(f45275c22ad90774093bcc7b1df6ee41) Importer(815301076,1909f56bfc062723c751e8b465ee728b) [PhysX] Initialized MultithreadedTaskDispatcher with 8 workers.
[PhysX] Initialized MultithreadedTaskDispatcher with 8 workers.
 -> (artifact id: '7a7eae79cb9b915abf1643ae655cc8f0') in 0.006660 seconds
Number of updated asset objects reloaded before import = 0
Number of asset objects unloaded after import = 3
========================================================================
Received Import Request.
  Time since last request: 0.000025 seconds.
  path: Assets/_Assets/kenney_ui-pack/PNG/Yellow/Default/check_square_color_cross.png
  artifactKey: Guid(2dcdc1ce504d4f148a271053b4fa9d35) Importer(815301076,1909f56bfc062723c751e8b465ee728b)
Start importing Assets/_Assets/kenney_ui-pack/PNG/Yellow/Default/check_square_color_cross.png using Guid(2dcdc1ce504d4f148a271053b4fa9d35) Importer(815301076,1909f56bfc062723c751e8b465ee728b) [PhysX] Initialized MultithreadedTaskDispatcher with 8 workers.
[PhysX] Initialized MultithreadedTaskDispatcher with 8 workers.
 -> (artifact id: 'bffa0a7b54237b60c1d9362b8c040e42') in 0.008554 seconds
Number of updated asset objects reloaded before import = 0
Number of asset objects unloaded after import = 3
========================================================================
Received Import Request.
  Time since last request: 0.000021 seconds.
  path: Assets/_Assets/kenney_ui-pack/PNG/Blue/Default/check_square_color_square.png
  artifactKey: Guid(e5d105cc75f50f044b6aa6796c9b32da) Importer(815301076,1909f56bfc062723c751e8b465ee728b)
Start importing Assets/_Assets/kenney_ui-pack/PNG/Blue/Default/check_square_color_square.png using Guid(e5d105cc75f50f044b6aa6796c9b32da) Importer(815301076,1909f56bfc062723c751e8b465ee728b) [PhysX] Initialized MultithreadedTaskDispatcher with 8 workers.
[PhysX] Initialized MultithreadedTaskDispatcher with 8 workers.
 -> (artifact id: '5cb20a095fed23084fb93db7d488e48b') in 0.013075 seconds
Number of updated asset objects reloaded before import = 0
Number of asset objects unloaded after import = 3
========================================================================
Received Import Request.
  Time since last request: 0.000016 seconds.
  path: Assets/_Assets/kenney_ui-pack/PNG/Green/Double/check_square_color_cross.png
  artifactKey: Guid(db2ee33ae1a8b1a43843c2aedaff9bdf) Importer(815301076,1909f56bfc062723c751e8b465ee728b)
Start importing Assets/_Assets/kenney_ui-pack/PNG/Green/Double/check_square_color_cross.png using Guid(db2ee33ae1a8b1a43843c2aedaff9bdf) Importer(815301076,1909f56bfc062723c751e8b465ee728b) [PhysX] Initialized MultithreadedTaskDispatcher with 8 workers.
[PhysX] Initialized MultithreadedTaskDispatcher with 8 workers.
 -> (artifact id: '79d865a26358411386eccaadb65bdb4a') in 0.010475 seconds
Number of updated asset objects reloaded before import = 0
Number of asset objects unloaded after import = 3
========================================================================
Received Import Request.
  Time since last request: 0.000021 seconds.
  path: Assets/_Assets/kenney_ui-pack/PNG/Green/Default/check_square_color_cross.png
  artifactKey: Guid(6d1d1c491b09f534095d339a44ba5301) Importer(815301076,1909f56bfc062723c751e8b465ee728b)
Start importing Assets/_Assets/kenney_ui-pack/PNG/Green/Default/check_square_color_cross.png using Guid(6d1d1c491b09f534095d339a44ba5301) Importer(815301076,1909f56bfc062723c751e8b465ee728b) [PhysX] Initialized MultithreadedTaskDispatcher with 8 workers.
[PhysX] Initialized MultithreadedTaskDispatcher with 8 workers.
 -> (artifact id: '3d93367ba322b0ae6af39431b3b0dee2') in 0.010165 seconds
Number of updated asset objects reloaded before import = 0
Number of asset objects unloaded after import = 3
========================================================================
Received Import Request.
  Time since last request: 5.789402 seconds.
  path: Assets/_Assets/kenney_ui-pack/PNG/Grey/Double/check_square_color_square.png
  artifactKey: Guid(f932f3e956fb4864686562e8d168d945) Importer(815301076,1909f56bfc062723c751e8b465ee728b)
Start importing Assets/_Assets/kenney_ui-pack/PNG/Grey/Double/check_square_color_square.png using Guid(f932f3e956fb4864686562e8d168d945) Importer(815301076,1909f56bfc062723c751e8b465ee728b) [PhysX] Initialized MultithreadedTaskDispatcher with 8 workers.
[PhysX] Initialized MultithreadedTaskDispatcher with 8 workers.
 -> (artifact id: 'e8a44cd8ff4dc0c8cc6302eaec5f1ba2') in 0.007454 seconds
Number of updated asset objects reloaded before import = 0
Number of asset objects unloaded after import = 3
========================================================================
Received Import Request.
  Time since last request: 0.000022 seconds.
  path: Assets/_Assets/kenney_ui-pack/PNG/Yellow/Double/check_square_grey.png
  artifactKey: Guid(544b11625d7ce454f969d91ae1a6746b) Importer(815301076,1909f56bfc062723c751e8b465ee728b)
Start importing Assets/_Assets/kenney_ui-pack/PNG/Yellow/Double/check_square_grey.png using Guid(544b11625d7ce454f969d91ae1a6746b) Importer(815301076,1909f56bfc062723c751e8b465ee728b) [PhysX] Initialized MultithreadedTaskDispatcher with 8 workers.
[PhysX] Initialized MultithreadedTaskDispatcher with 8 workers.
 -> (artifact id: '55a0b11678432a20e9a2028937079df1') in 0.010833 seconds
Number of updated asset objects reloaded before import = 0
Number of asset objects unloaded after import = 3
========================================================================
Received Import Request.
  Time since last request: 0.000019 seconds.
  path: Assets/_Assets/kenney_ui-pack/PNG/Grey/Double/check_square_grey.png
  artifactKey: Guid(55b4347cc3c5ba2429bcb3c6b21112a4) Importer(815301076,1909f56bfc062723c751e8b465ee728b)
Start importing Assets/_Assets/kenney_ui-pack/PNG/Grey/Double/check_square_grey.png using Guid(55b4347cc3c5ba2429bcb3c6b21112a4) Importer(815301076,1909f56bfc062723c751e8b465ee728b) [PhysX] Initialized MultithreadedTaskDispatcher with 8 workers.
[PhysX] Initialized MultithreadedTaskDispatcher with 8 workers.
 -> (artifact id: 'ac4e3a813789abe7d25a6b5d164b8b49') in 0.009381 seconds
Number of updated asset objects reloaded before import = 0
Number of asset objects unloaded after import = 3
========================================================================
Received Import Request.
  Time since last request: 0.000014 seconds.
  path: Assets/_Assets/kenney_ui-pack/PNG/Red/Default/check_square_grey.png
  artifactKey: Guid(7e2923ce890af0548af81513dc2328ba) Importer(815301076,1909f56bfc062723c751e8b465ee728b)
Start importing Assets/_Assets/kenney_ui-pack/PNG/Red/Default/check_square_grey.png using Guid(7e2923ce890af0548af81513dc2328ba) Importer(815301076,1909f56bfc062723c751e8b465ee728b) [PhysX] Initialized MultithreadedTaskDispatcher with 8 workers.
[PhysX] Initialized MultithreadedTaskDispatcher with 8 workers.
 -> (artifact id: '4ae805d7eb42445af445706704268b04') in 0.011177 seconds
Number of updated asset objects reloaded before import = 0
Number of asset objects unloaded after import = 3
========================================================================
Received Import Request.
  Time since last request: 0.000016 seconds.
  path: Assets/_Assets/kenney_ui-pack/PNG/Grey/Default/check_square_grey.png
  artifactKey: Guid(81a3e83323d434043a1f049af946d7f6) Importer(815301076,1909f56bfc062723c751e8b465ee728b)
Start importing Assets/_Assets/kenney_ui-pack/PNG/Grey/Default/check_square_grey.png using Guid(81a3e83323d434043a1f049af946d7f6) Importer(815301076,1909f56bfc062723c751e8b465ee728b) [PhysX] Initialized MultithreadedTaskDispatcher with 8 workers.
[PhysX] Initialized MultithreadedTaskDispatcher with 8 workers.
 -> (artifact id: '4ff0552242189e69dbb6ffb5fd99c2fc') in 0.009120 seconds
Number of updated asset objects reloaded before import = 0
Number of asset objects unloaded after import = 3
========================================================================
Received Import Request.
  Time since last request: 0.009338 seconds.
  path: Assets/_Assets/kenney_ui-pack/PNG/Yellow/Double/check_square_grey_checkmark.png
  artifactKey: Guid(3a219a681a9990240b4458b620b8b111) Importer(815301076,1909f56bfc062723c751e8b465ee728b)
Start importing Assets/_Assets/kenney_ui-pack/PNG/Yellow/Double/check_square_grey_checkmark.png using Guid(3a219a681a9990240b4458b620b8b111) Importer(815301076,1909f56bfc062723c751e8b465ee728b) [PhysX] Initialized MultithreadedTaskDispatcher with 8 workers.
[PhysX] Initialized MultithreadedTaskDispatcher with 8 workers.
 -> (artifact id: '8627e42070fc70f82b58cd49d2edfa1e') in 0.008824 seconds
Number of updated asset objects reloaded before import = 0
Number of asset objects unloaded after import = 3
========================================================================
Received Import Request.
  Time since last request: 0.000015 seconds.
  path: Assets/_Assets/kenney_ui-pack/PNG/Green/Default/check_square_grey_cross.png
  artifactKey: Guid(26b6e86c8affae646b4ca0a752aaa943) Importer(815301076,1909f56bfc062723c751e8b465ee728b)
Start importing Assets/_Assets/kenney_ui-pack/PNG/Green/Default/check_square_grey_cross.png using Guid(26b6e86c8affae646b4ca0a752aaa943) Importer(815301076,1909f56bfc062723c751e8b465ee728b) [PhysX] Initialized MultithreadedTaskDispatcher with 8 workers.
[PhysX] Initialized MultithreadedTaskDispatcher with 8 workers.
 -> (artifact id: 'f8bd214f5e22945d3de4a2e27d71e774') in 0.009391 seconds
Number of updated asset objects reloaded before import = 0
Number of asset objects unloaded after import = 3
========================================================================
Received Import Request.
  Time since last request: 0.000019 seconds.
  path: Assets/_Assets/kenney_ui-pack/PNG/Green/Default/check_square_grey_checkmark.png
  artifactKey: Guid(662a540c4d32a504599013adb07fd341) Importer(815301076,1909f56bfc062723c751e8b465ee728b)
Start importing Assets/_Assets/kenney_ui-pack/PNG/Green/Default/check_square_grey_checkmark.png using Guid(662a540c4d32a504599013adb07fd341) Importer(815301076,1909f56bfc062723c751e8b465ee728b) [PhysX] Initialized MultithreadedTaskDispatcher with 8 workers.
[PhysX] Initialized MultithreadedTaskDispatcher with 8 workers.
 -> (artifact id: '01ebce10ee0fea24fad81b1adc49fb0e') in 0.013570 seconds
Number of updated asset objects reloaded before import = 0
Number of asset objects unloaded after import = 3
========================================================================
Received Import Request.
  Time since last request: 0.000017 seconds.
  path: Assets/_Assets/kenney_ui-pack/PNG/Blue/Default/check_square_grey_checkmark.png
  artifactKey: Guid(c22b374d0dcf9c0408cea00feb2dccaa) Importer(815301076,1909f56bfc062723c751e8b465ee728b)
Start importing Assets/_Assets/kenney_ui-pack/PNG/Blue/Default/check_square_grey_checkmark.png using Guid(c22b374d0dcf9c0408cea00feb2dccaa) Importer(815301076,1909f56bfc062723c751e8b465ee728b) [PhysX] Initialized MultithreadedTaskDispatcher with 8 workers.
[PhysX] Initialized MultithreadedTaskDispatcher with 8 workers.
 -> (artifact id: '4c31cc5fbb7a6be63cb3fb6f2fee798f') in 0.009159 seconds
Number of updated asset objects reloaded before import = 0
Number of asset objects unloaded after import = 3
========================================================================
Received Import Request.
  Time since last request: 0.000014 seconds.
  path: Assets/_Assets/kenney_ui-pack/PNG/Green/Double/check_square_grey_square.png
  artifactKey: Guid(bea77cfef932c42459596c7e6ab862bf) Importer(815301076,1909f56bfc062723c751e8b465ee728b)
Start importing Assets/_Assets/kenney_ui-pack/PNG/Green/Double/check_square_grey_square.png using Guid(bea77cfef932c42459596c7e6ab862bf) Importer(815301076,1909f56bfc062723c751e8b465ee728b) [PhysX] Initialized MultithreadedTaskDispatcher with 8 workers.
[PhysX] Initialized MultithreadedTaskDispatcher with 8 workers.
 -> (artifact id: '3743dd433d336704d083bd8c90de565c') in 0.011053 seconds
Number of updated asset objects reloaded before import = 0
Number of asset objects unloaded after import = 3
========================================================================
Received Import Request.
  Time since last request: 0.000015 seconds.
  path: Assets/_Assets/kenney_ui-pack-adventure/PNG/Double/checkbox_beige_empty.png
  artifactKey: Guid(06f66a39bf92cdb48a59e845727f742b) Importer(815301076,1909f56bfc062723c751e8b465ee728b)
Start importing Assets/_Assets/kenney_ui-pack-adventure/PNG/Double/checkbox_beige_empty.png using Guid(06f66a39bf92cdb48a59e845727f742b) Importer(815301076,1909f56bfc062723c751e8b465ee728b) [PhysX] Initialized MultithreadedTaskDispatcher with 8 workers.
[PhysX] Initialized MultithreadedTaskDispatcher with 8 workers.
 -> (artifact id: '255adfa1004ff85039122aa10eb0820d') in 0.011744 seconds
Number of updated asset objects reloaded before import = 0
Number of asset objects unloaded after import = 3
========================================================================
Received Import Request.
  Time since last request: 0.000015 seconds.
  path: Assets/_Assets/kenney_ui-pack/PNG/Green/Default/check_square_grey_square.png
  artifactKey: Guid(464a04c7b9715bf4cb4aea525a05b11f) Importer(815301076,1909f56bfc062723c751e8b465ee728b)
Start importing Assets/_Assets/kenney_ui-pack/PNG/Green/Default/check_square_grey_square.png using Guid(464a04c7b9715bf4cb4aea525a05b11f) Importer(815301076,1909f56bfc062723c751e8b465ee728b) [PhysX] Initialized MultithreadedTaskDispatcher with 8 workers.
[PhysX] Initialized MultithreadedTaskDispatcher with 8 workers.
 -> (artifact id: 'c74d66372949fb65d6d47ca84f1c9558') in 0.010070 seconds
Number of updated asset objects reloaded before import = 0
Number of asset objects unloaded after import = 3
========================================================================
Received Import Request.
  Time since last request: 0.000014 seconds.
  path: Assets/_Assets/kenney_ui-pack-adventure/PNG/Default/checkbox_beige_empty.png
  artifactKey: Guid(b646f4340e5a68d42b62aea7ae79e691) Importer(815301076,1909f56bfc062723c751e8b465ee728b)
Start importing Assets/_Assets/kenney_ui-pack-adventure/PNG/Default/checkbox_beige_empty.png using Guid(b646f4340e5a68d42b62aea7ae79e691) Importer(815301076,1909f56bfc062723c751e8b465ee728b) [PhysX] Initialized MultithreadedTaskDispatcher with 8 workers.
[PhysX] Initialized MultithreadedTaskDispatcher with 8 workers.
 -> (artifact id: 'beb701dacf9f7039168d9f30842f7eb7') in 0.013763 seconds
Number of updated asset objects reloaded before import = 0
Number of asset objects unloaded after import = 3
========================================================================
Received Import Request.
  Time since last request: 0.000031 seconds.
  path: Assets/_Assets/kenney_ui-pack/PNG/Blue/Double/check_square_grey_square.png
  artifactKey: Guid(4b49f4618068afb4bba831e1b8075c93) Importer(815301076,1909f56bfc062723c751e8b465ee728b)
Start importing Assets/_Assets/kenney_ui-pack/PNG/Blue/Double/check_square_grey_square.png using Guid(4b49f4618068afb4bba831e1b8075c93) Importer(815301076,1909f56bfc062723c751e8b465ee728b) [PhysX] Initialized MultithreadedTaskDispatcher with 8 workers.
[PhysX] Initialized MultithreadedTaskDispatcher with 8 workers.
 -> (artifact id: 'a6e403da03d84254b2cfd5b55b8de466') in 0.008596 seconds
Number of updated asset objects reloaded before import = 0
Number of asset objects unloaded after import = 3
========================================================================
Received Import Request.
  Time since last request: 0.004859 seconds.
  path: Assets/_Assets/kenney_ui-pack-adventure/PNG/Default/checkbox_brown_cross.png
  artifactKey: Guid(5bb8e9d5553ffee4f9359681c506c14d) Importer(815301076,1909f56bfc062723c751e8b465ee728b)
Start importing Assets/_Assets/kenney_ui-pack-adventure/PNG/Default/checkbox_brown_cross.png using Guid(5bb8e9d5553ffee4f9359681c506c14d) Importer(815301076,1909f56bfc062723c751e8b465ee728b) [PhysX] Initialized MultithreadedTaskDispatcher with 8 workers.
[PhysX] Initialized MultithreadedTaskDispatcher with 8 workers.
 -> (artifact id: '2680289ee5e67489c0a6d7d9d0b016b7') in 0.008417 seconds
Number of updated asset objects reloaded before import = 0
Number of asset objects unloaded after import = 3
========================================================================
Received Import Request.
  Time since last request: 0.000016 seconds.
  path: Assets/_Assets/kenney_ui-pack-adventure/PNG/Double/checkbox_brown_empty.png
  artifactKey: Guid(0e1b03c3c29be464ab9baffa51c61ec3) Importer(815301076,1909f56bfc062723c751e8b465ee728b)
Start importing Assets/_Assets/kenney_ui-pack-adventure/PNG/Double/checkbox_brown_empty.png using Guid(0e1b03c3c29be464ab9baffa51c61ec3) Importer(815301076,1909f56bfc062723c751e8b465ee728b) [PhysX] Initialized MultithreadedTaskDispatcher with 8 workers.
[PhysX] Initialized MultithreadedTaskDispatcher with 8 workers.
 -> (artifact id: '360718ec55da8c7a446faeadeedb1e20') in 0.011080 seconds
Number of updated asset objects reloaded before import = 0
Number of asset objects unloaded after import = 3
========================================================================
Received Import Request.
  Time since last request: 0.000016 seconds.
  path: Assets/_Assets/kenney_ui-pack-adventure/PNG/Default/checkbox_grey_checked.png
  artifactKey: Guid(f95dd4306040caa4ba8024f3ab9e327f) Importer(815301076,1909f56bfc062723c751e8b465ee728b)
Start importing Assets/_Assets/kenney_ui-pack-adventure/PNG/Default/checkbox_grey_checked.png using Guid(f95dd4306040caa4ba8024f3ab9e327f) Importer(815301076,1909f56bfc062723c751e8b465ee728b) [PhysX] Initialized MultithreadedTaskDispatcher with 8 workers.
[PhysX] Initialized MultithreadedTaskDispatcher with 8 workers.
 -> (artifact id: '8c88636f4240e2e04f535c0a046217f1') in 0.007069 seconds
Number of updated asset objects reloaded before import = 0
Number of asset objects unloaded after import = 3
========================================================================
Received Import Request.
  Time since last request: 0.000020 seconds.
  path: Assets/_Assets/kenney_ui-pack-adventure/PNG/Double/checkbox_grey_cross.png
  artifactKey: Guid(f6ec85938651cb5479cf3638db59b49e) Importer(815301076,1909f56bfc062723c751e8b465ee728b)
Start importing Assets/_Assets/kenney_ui-pack-adventure/PNG/Double/checkbox_grey_cross.png using Guid(f6ec85938651cb5479cf3638db59b49e) Importer(815301076,1909f56bfc062723c751e8b465ee728b) [PhysX] Initialized MultithreadedTaskDispatcher with 8 workers.
[PhysX] Initialized MultithreadedTaskDispatcher with 8 workers.
 -> (artifact id: '1bade64558d634ceeced28e0bab9abe5') in 0.010126 seconds
Number of updated asset objects reloaded before import = 0
Number of asset objects unloaded after import = 3
========================================================================
Received Import Request.
  Time since last request: 0.342394 seconds.
  path: Assets/_Assets/kenney_ui-pack-rpg-expansion/PNG/cursorGauntlet_bronze.png
  artifactKey: Guid(08ed046ddee4e9847a0c5b561715f542) Importer(815301076,1909f56bfc062723c751e8b465ee728b)
Start importing Assets/_Assets/kenney_ui-pack-rpg-expansion/PNG/cursorGauntlet_bronze.png using Guid(08ed046ddee4e9847a0c5b561715f542) Importer(815301076,1909f56bfc062723c751e8b465ee728b) [PhysX] Initialized MultithreadedTaskDispatcher with 8 workers.
[PhysX] Initialized MultithreadedTaskDispatcher with 8 workers.
 -> (artifact id: '6e9a5ae971b863b23607565ca8253e13') in 0.011586 seconds
Number of updated asset objects reloaded before import = 0
Number of asset objects unloaded after import = 3
========================================================================
Received Import Request.
  Time since last request: 0.000015 seconds.
  path: Assets/_Assets/kenney_ui-pack-rpg-expansion/PNG/cursorHand_grey.png
  artifactKey: Guid(985f51209e01b1b498476ac86c85ee62) Importer(815301076,1909f56bfc062723c751e8b465ee728b)
Start importing Assets/_Assets/kenney_ui-pack-rpg-expansion/PNG/cursorHand_grey.png using Guid(985f51209e01b1b498476ac86c85ee62) Importer(815301076,1909f56bfc062723c751e8b465ee728b) [PhysX] Initialized MultithreadedTaskDispatcher with 8 workers.
[PhysX] Initialized MultithreadedTaskDispatcher with 8 workers.
 -> (artifact id: '70d950d10e0d821a243bb4d64ac25f0e') in 0.013796 seconds
Number of updated asset objects reloaded before import = 0
Number of asset objects unloaded after import = 3
========================================================================
Received Import Request.
  Time since last request: 0.000016 seconds.
  path: Assets/_Assets/kenney_ui-pack/PNG/Extra/Default/divider.png
  artifactKey: Guid(22e30be92afa22a40903e6a1a9fecffc) Importer(815301076,1909f56bfc062723c751e8b465ee728b)
Start importing Assets/_Assets/kenney_ui-pack/PNG/Extra/Default/divider.png using Guid(22e30be92afa22a40903e6a1a9fecffc) Importer(815301076,1909f56bfc062723c751e8b465ee728b) [PhysX] Initialized MultithreadedTaskDispatcher with 8 workers.
[PhysX] Initialized MultithreadedTaskDispatcher with 8 workers.
 -> (artifact id: '32b458ba68e636a334fdd6876809c28b') in 0.008395 seconds
Number of updated asset objects reloaded before import = 0
Number of asset objects unloaded after import = 3
========================================================================
Received Import Request.
  Time since last request: 0.024812 seconds.
  path: Assets/_Assets/kenney_ui-pack-adventure/PNG/Default/hexagon_brown.png
  artifactKey: Guid(c2eb57fd038bffe4fb689fa9993d3a75) Importer(815301076,1909f56bfc062723c751e8b465ee728b)
Start importing Assets/_Assets/kenney_ui-pack-adventure/PNG/Default/hexagon_brown.png using Guid(c2eb57fd038bffe4fb689fa9993d3a75) Importer(815301076,1909f56bfc062723c751e8b465ee728b) [PhysX] Initialized MultithreadedTaskDispatcher with 8 workers.
[PhysX] Initialized MultithreadedTaskDispatcher with 8 workers.
 -> (artifact id: 'c698c57951f5c471f142e82573e5f8b2') in 0.009513 seconds
Number of updated asset objects reloaded before import = 0
Number of asset objects unloaded after import = 3
========================================================================
Received Import Request.
  Time since last request: 0.017206 seconds.
  path: Assets/_Assets/kenney_ui-pack-adventure/PNG/Default/hexagon_damaged_brown.png
  artifactKey: Guid(5e770c52b56233b4dbec8f6e357c3751) Importer(815301076,1909f56bfc062723c751e8b465ee728b)
Start importing Assets/_Assets/kenney_ui-pack-adventure/PNG/Default/hexagon_damaged_brown.png using Guid(5e770c52b56233b4dbec8f6e357c3751) Importer(815301076,1909f56bfc062723c751e8b465ee728b) [PhysX] Initialized MultithreadedTaskDispatcher with 8 workers.
[PhysX] Initialized MultithreadedTaskDispatcher with 8 workers.
 -> (artifact id: '4cacc9e734fa91de2ce5f2f83e5945d5') in 0.009384 seconds
Number of updated asset objects reloaded before import = 0
Number of asset objects unloaded after import = 3
========================================================================
Received Import Request.
  Time since last request: 0.000022 seconds.
  path: Assets/_Assets/kenney_ui-pack-adventure/PNG/Default/hexagon_grey_red.png
  artifactKey: Guid(5d3ff57d37ad2044cbc2cb48a8ad1b9f) Importer(815301076,1909f56bfc062723c751e8b465ee728b)
Start importing Assets/_Assets/kenney_ui-pack-adventure/PNG/Default/hexagon_grey_red.png using Guid(5d3ff57d37ad2044cbc2cb48a8ad1b9f) Importer(815301076,1909f56bfc062723c751e8b465ee728b) [PhysX] Initialized MultithreadedTaskDispatcher with 8 workers.
[PhysX] Initialized MultithreadedTaskDispatcher with 8 workers.
 -> (artifact id: '43561749212e6c04b59e0d87936b5c00') in 0.011444 seconds
Number of updated asset objects reloaded before import = 0
Number of asset objects unloaded after import = 3
========================================================================
Received Import Request.
  Time since last request: 0.000020 seconds.
  path: Assets/_Assets/kenney_ui-pack-adventure/PNG/Double/hexagon_damaged_brown_dark.png
  artifactKey: Guid(659031e84a42f4d4ca837bb96b93d17f) Importer(815301076,1909f56bfc062723c751e8b465ee728b)
Start importing Assets/_Assets/kenney_ui-pack-adventure/PNG/Double/hexagon_damaged_brown_dark.png using Guid(659031e84a42f4d4ca837bb96b93d17f) Importer(815301076,1909f56bfc062723c751e8b465ee728b) [PhysX] Initialized MultithreadedTaskDispatcher with 8 workers.
[PhysX] Initialized MultithreadedTaskDispatcher with 8 workers.
 -> (artifact id: 'bb62a9ae6ed9bb5c9fc3472a6fcbd369') in 0.015061 seconds
Number of updated asset objects reloaded before import = 0
Number of asset objects unloaded after import = 3
========================================================================
Received Import Request.
  Time since last request: 0.000017 seconds.
  path: Assets/_Assets/kenney_ui-pack-adventure/PNG/Double/hexagon_grey_red.png
  artifactKey: Guid(92035c6b63e17484989fc28caeee90a6) Importer(815301076,1909f56bfc062723c751e8b465ee728b)
Start importing Assets/_Assets/kenney_ui-pack-adventure/PNG/Double/hexagon_grey_red.png using Guid(92035c6b63e17484989fc28caeee90a6) Importer(815301076,1909f56bfc062723c751e8b465ee728b) [PhysX] Initialized MultithreadedTaskDispatcher with 8 workers.
[PhysX] Initialized MultithreadedTaskDispatcher with 8 workers.
 -> (artifact id: '1dae7250ae9cd96b7bfc476dd733bb9f') in 0.012566 seconds
Number of updated asset objects reloaded before import = 0
Number of asset objects unloaded after import = 3
========================================================================
Received Import Request.
  Time since last request: 1.115938 seconds.
  path: Assets/_Assets/kenney_ui-pack/PNG/Extra/Double/icon_arrow_up_dark.png
  artifactKey: Guid(5da12c8e5732cf04e839b3155542a703) Importer(815301076,1909f56bfc062723c751e8b465ee728b)
Start importing Assets/_Assets/kenney_ui-pack/PNG/Extra/Double/icon_arrow_up_dark.png using Guid(5da12c8e5732cf04e839b3155542a703) Importer(815301076,1909f56bfc062723c751e8b465ee728b) [PhysX] Initialized MultithreadedTaskDispatcher with 8 workers.
[PhysX] Initialized MultithreadedTaskDispatcher with 8 workers.
 -> (artifact id: '8b9dd890a86859f7dca5d207d80d3e6d') in 0.007824 seconds
Number of updated asset objects reloaded before import = 0
Number of asset objects unloaded after import = 3
========================================================================
Received Import Request.
  Time since last request: 0.000014 seconds.
  path: Assets/_Assets/kenney_ui-pack/PNG/Extra/Double/icon_arrow_up_outline.png
  artifactKey: Guid(bd83a3ed3a6b7054d83759e6097d7dfe) Importer(815301076,1909f56bfc062723c751e8b465ee728b)
Start importing Assets/_Assets/kenney_ui-pack/PNG/Extra/Double/icon_arrow_up_outline.png using Guid(bd83a3ed3a6b7054d83759e6097d7dfe) Importer(815301076,1909f56bfc062723c751e8b465ee728b) [PhysX] Initialized MultithreadedTaskDispatcher with 8 workers.
[PhysX] Initialized MultithreadedTaskDispatcher with 8 workers.
 -> (artifact id: 'e9cbdb60a05bcb815d21f67e9120dbb8') in 0.010100 seconds
Number of updated asset objects reloaded before import = 0
Number of asset objects unloaded after import = 3
========================================================================
Received Import Request.
  Time since last request: 0.000016 seconds.
  path: Assets/_Assets/kenney_ui-pack/PNG/Extra/Default/icon_arrow_up_outline.png
  artifactKey: Guid(3cfd63b0503b3e349825d7de03343fd8) Importer(815301076,1909f56bfc062723c751e8b465ee728b)
Start importing Assets/_Assets/kenney_ui-pack/PNG/Extra/Default/icon_arrow_up_outline.png using Guid(3cfd63b0503b3e349825d7de03343fd8) Importer(815301076,1909f56bfc062723c751e8b465ee728b) [PhysX] Initialized MultithreadedTaskDispatcher with 8 workers.
[PhysX] Initialized MultithreadedTaskDispatcher with 8 workers.
 -> (artifact id: 'a5980efffa2699be6e6be9d159dee21e') in 0.010208 seconds
Number of updated asset objects reloaded before import = 0
Number of asset objects unloaded after import = 3
========================================================================
Received Import Request.
  Time since last request: 0.000015 seconds.
  path: Assets/_Assets/kenney_ui-pack/PNG/Green/Default/icon_checkmark.png
  artifactKey: Guid(aaade3ee7a3800b4f92e27f51d779113) Importer(815301076,1909f56bfc062723c751e8b465ee728b)
Start importing Assets/_Assets/kenney_ui-pack/PNG/Green/Default/icon_checkmark.png using Guid(aaade3ee7a3800b4f92e27f51d779113) Importer(815301076,1909f56bfc062723c751e8b465ee728b) [PhysX] Initialized MultithreadedTaskDispatcher with 8 workers.
[PhysX] Initialized MultithreadedTaskDispatcher with 8 workers.
 -> (artifact id: '951ca7731bf56d7da5a769816edc09a2') in 0.011640 seconds
Number of updated asset objects reloaded before import = 0
Number of asset objects unloaded after import = 3
========================================================================
Received Import Request.
  Time since last request: 0.000078 seconds.
  path: Assets/_Assets/kenney_ui-pack/PNG/Grey/Double/icon_circle.png
  artifactKey: Guid(8b64d02664930e64f9f13fbae4b2be72) Importer(815301076,1909f56bfc062723c751e8b465ee728b)
Start importing Assets/_Assets/kenney_ui-pack/PNG/Grey/Double/icon_circle.png using Guid(8b64d02664930e64f9f13fbae4b2be72) Importer(815301076,1909f56bfc062723c751e8b465ee728b) [PhysX] Initialized MultithreadedTaskDispatcher with 8 workers.
[PhysX] Initialized MultithreadedTaskDispatcher with 8 workers.
 -> (artifact id: '197868a29336b0d8bff851e0c2b7fd01') in 0.007809 seconds
Number of updated asset objects reloaded before import = 0
Number of asset objects unloaded after import = 3
========================================================================
Received Import Request.
  Time since last request: 0.000018 seconds.
  path: Assets/_Assets/kenney_ui-pack/PNG/Yellow/Double/icon_circle.png
  artifactKey: Guid(41e61bcdd0f7dd74dbddbe371a3ea80c) Importer(815301076,1909f56bfc062723c751e8b465ee728b)
Start importing Assets/_Assets/kenney_ui-pack/PNG/Yellow/Double/icon_circle.png using Guid(41e61bcdd0f7dd74dbddbe371a3ea80c) Importer(815301076,1909f56bfc062723c751e8b465ee728b) [PhysX] Initialized MultithreadedTaskDispatcher with 8 workers.
[PhysX] Initialized MultithreadedTaskDispatcher with 8 workers.
 -> (artifact id: 'a15887ec2f759b603c3a3a57a46163f9') in 0.008687 seconds
Number of updated asset objects reloaded before import = 0
Number of asset objects unloaded after import = 3
========================================================================
Received Import Request.
  Time since last request: 0.000012 seconds.
  path: Assets/_Assets/kenney_ui-pack/PNG/Grey/Default/icon_cross.png
  artifactKey: Guid(586e2b89b66fe4044b2d3341c1d43cf9) Importer(815301076,1909f56bfc062723c751e8b465ee728b)
Start importing Assets/_Assets/kenney_ui-pack/PNG/Grey/Default/icon_cross.png using Guid(586e2b89b66fe4044b2d3341c1d43cf9) Importer(815301076,1909f56bfc062723c751e8b465ee728b) [PhysX] Initialized MultithreadedTaskDispatcher with 8 workers.
[PhysX] Initialized MultithreadedTaskDispatcher with 8 workers.
 -> (artifact id: '51437acabcafc700d961c9bf44d007ed') in 0.012152 seconds
Number of updated asset objects reloaded before import = 0
Number of asset objects unloaded after import = 3
========================================================================
Received Import Request.
  Time since last request: 0.000015 seconds.
  path: Assets/_Assets/kenney_ui-pack/PNG/Green/Double/icon_cross.png
  artifactKey: Guid(c34b223e6b0e43942a89e160f13f00d4) Importer(815301076,1909f56bfc062723c751e8b465ee728b)
Start importing Assets/_Assets/kenney_ui-pack/PNG/Green/Double/icon_cross.png using Guid(c34b223e6b0e43942a89e160f13f00d4) Importer(815301076,1909f56bfc062723c751e8b465ee728b) [PhysX] Initialized MultithreadedTaskDispatcher with 8 workers.
[PhysX] Initialized MultithreadedTaskDispatcher with 8 workers.
 -> (artifact id: '509f50a2349137bafad9eb4d6b679977') in 0.010400 seconds
Number of updated asset objects reloaded before import = 0
Number of asset objects unloaded after import = 3
========================================================================
Received Import Request.
  Time since last request: 0.000016 seconds.
  path: Assets/_Assets/kenney_ui-pack/PNG/Yellow/Double/icon_outline_checkmark.png
  artifactKey: Guid(3c654500d1605c642bae50e266f6f075) Importer(815301076,1909f56bfc062723c751e8b465ee728b)
Start importing Assets/_Assets/kenney_ui-pack/PNG/Yellow/Double/icon_outline_checkmark.png using Guid(3c654500d1605c642bae50e266f6f075) Importer(815301076,1909f56bfc062723c751e8b465ee728b) [PhysX] Initialized MultithreadedTaskDispatcher with 8 workers.
[PhysX] Initialized MultithreadedTaskDispatcher with 8 workers.
 -> (artifact id: 'c6ee4f4b700e87f76daaaddb321d6385') in 0.008654 seconds
Number of updated asset objects reloaded before import = 0
Number of asset objects unloaded after import = 3
========================================================================
Received Import Request.
  Time since last request: 0.000015 seconds.
  path: Assets/_Assets/kenney_ui-pack/PNG/Red/Double/icon_outline_checkmark.png
  artifactKey: Guid(5c455a92df073e24984b14ce84d5949e) Importer(815301076,1909f56bfc062723c751e8b465ee728b)
Start importing Assets/_Assets/kenney_ui-pack/PNG/Red/Double/icon_outline_checkmark.png using Guid(5c455a92df073e24984b14ce84d5949e) Importer(815301076,1909f56bfc062723c751e8b465ee728b) [PhysX] Initialized MultithreadedTaskDispatcher with 8 workers.
[PhysX] Initialized MultithreadedTaskDispatcher with 8 workers.
 -> (artifact id: '5a485c94b041fb98da71d63e7d917e1b') in 0.009742 seconds
Number of updated asset objects reloaded before import = 0
Number of asset objects unloaded after import = 3
========================================================================
Received Import Request.
  Time since last request: 0.000017 seconds.
  path: Assets/_Assets/kenney_ui-pack/PNG/Red/Double/icon_outline_circle.png
  artifactKey: Guid(bc2912fea386a2d46873bad7964200b3) Importer(815301076,1909f56bfc062723c751e8b465ee728b)
Start importing Assets/_Assets/kenney_ui-pack/PNG/Red/Double/icon_outline_circle.png using Guid(bc2912fea386a2d46873bad7964200b3) Importer(815301076,1909f56bfc062723c751e8b465ee728b) [PhysX] Initialized MultithreadedTaskDispatcher with 8 workers.
[PhysX] Initialized MultithreadedTaskDispatcher with 8 workers.
 -> (artifact id: 'd6b4844f5aa69c0d09b15ba51fc77d0e') in 0.010241 seconds
Number of updated asset objects reloaded before import = 0
Number of asset objects unloaded after import = 3
========================================================================
Received Import Request.
  Time since last request: 0.000025 seconds.
  path: Assets/_Assets/kenney_ui-pack/PNG/Grey/Double/icon_outline_checkmark.png
  artifactKey: Guid(5cd611ce57d08f84e9d8386849c9e4c9) Importer(815301076,1909f56bfc062723c751e8b465ee728b)
Start importing Assets/_Assets/kenney_ui-pack/PNG/Grey/Double/icon_outline_checkmark.png using Guid(5cd611ce57d08f84e9d8386849c9e4c9) Importer(815301076,1909f56bfc062723c751e8b465ee728b) [PhysX] Initialized MultithreadedTaskDispatcher with 8 workers.
[PhysX] Initialized MultithreadedTaskDispatcher with 8 workers.
 -> (artifact id: 'f42d28f0916b5084de0dff66c61484f0') in 0.008418 seconds
Number of updated asset objects reloaded before import = 0
Number of asset objects unloaded after import = 3
========================================================================
Received Import Request.
  Time since last request: 0.000012 seconds.
  path: Assets/_Assets/kenney_ui-pack/PNG/Green/Double/icon_circle.png
  artifactKey: Guid(fe2f5124519f11c43ab4aa49668f25ba) Importer(815301076,1909f56bfc062723c751e8b465ee728b)
Start importing Assets/_Assets/kenney_ui-pack/PNG/Green/Double/icon_circle.png using Guid(fe2f5124519f11c43ab4aa49668f25ba) Importer(815301076,1909f56bfc062723c751e8b465ee728b) [PhysX] Initialized MultithreadedTaskDispatcher with 8 workers.
[PhysX] Initialized MultithreadedTaskDispatcher with 8 workers.
 -> (artifact id: '4f4fe393d14605686084e945ae2e3b58') in 0.008253 seconds
Number of updated asset objects reloaded before import = 0
Number of asset objects unloaded after import = 3
========================================================================
Received Import Request.
  Time since last request: 0.000015 seconds.
  path: Assets/_Assets/kenney_ui-pack/PNG/Grey/Double/icon_outline_circle.png
  artifactKey: Guid(8ab21a5d3fa84b44c842c425f1d981e3) Importer(815301076,1909f56bfc062723c751e8b465ee728b)
Start importing Assets/_Assets/kenney_ui-pack/PNG/Grey/Double/icon_outline_circle.png using Guid(8ab21a5d3fa84b44c842c425f1d981e3) Importer(815301076,1909f56bfc062723c751e8b465ee728b) [PhysX] Initialized MultithreadedTaskDispatcher with 8 workers.
[PhysX] Initialized MultithreadedTaskDispatcher with 8 workers.
 -> (artifact id: '230614b85d9f6a571414a4a99ba88f6c') in 0.008209 seconds
Number of updated asset objects reloaded before import = 0
Number of asset objects unloaded after import = 3
========================================================================
Received Import Request.
  Time since last request: 0.000019 seconds.
  path: Assets/_Assets/kenney_ui-pack/PNG/Yellow/Double/icon_outline_cross.png
  artifactKey: Guid(6594508c2b25fd0469ef219f0a6f8a86) Importer(815301076,1909f56bfc062723c751e8b465ee728b)
Start importing Assets/_Assets/kenney_ui-pack/PNG/Yellow/Double/icon_outline_cross.png using Guid(6594508c2b25fd0469ef219f0a6f8a86) Importer(815301076,1909f56bfc062723c751e8b465ee728b) [PhysX] Initialized MultithreadedTaskDispatcher with 8 workers.
[PhysX] Initialized MultithreadedTaskDispatcher with 8 workers.
 -> (artifact id: 'bdd5f1e8cdef92eb91c9e0f8827a820b') in 0.009916 seconds
Number of updated asset objects reloaded before import = 0
Number of asset objects unloaded after import = 3
========================================================================
Received Import Request.
  Time since last request: 0.000016 seconds.
  path: Assets/_Assets/kenney_ui-pack/PNG/Red/Double/icon_outline_cross.png
  artifactKey: Guid(4f20266b612b57b478d76d1287695534) Importer(815301076,1909f56bfc062723c751e8b465ee728b)
Start importing Assets/_Assets/kenney_ui-pack/PNG/Red/Double/icon_outline_cross.png using Guid(4f20266b612b57b478d76d1287695534) Importer(815301076,1909f56bfc062723c751e8b465ee728b) [PhysX] Initialized MultithreadedTaskDispatcher with 8 workers.
[PhysX] Initialized MultithreadedTaskDispatcher with 8 workers.
 -> (artifact id: 'fabc911e60e1db4fb3234150fe6e08bb') in 0.009816 seconds
Number of updated asset objects reloaded before import = 0
Number of asset objects unloaded after import = 3
========================================================================
Received Import Request.
  Time since last request: 0.000015 seconds.
  path: Assets/_Assets/kenney_ui-pack/PNG/Grey/Double/icon_outline_cross.png
  artifactKey: Guid(ffaf2f0d65a283e4c8610a4091affb3f) Importer(815301076,1909f56bfc062723c751e8b465ee728b)
Start importing Assets/_Assets/kenney_ui-pack/PNG/Grey/Double/icon_outline_cross.png using Guid(ffaf2f0d65a283e4c8610a4091affb3f) Importer(815301076,1909f56bfc062723c751e8b465ee728b) [PhysX] Initialized MultithreadedTaskDispatcher with 8 workers.
[PhysX] Initialized MultithreadedTaskDispatcher with 8 workers.
 -> (artifact id: '93da389a358e599afc78c0f1b4b588b1') in 0.012295 seconds
Number of updated asset objects reloaded before import = 0
Number of asset objects unloaded after import = 3
========================================================================
Received Import Request.
  Time since last request: 0.000044 seconds.
  path: Assets/_Assets/kenney_ui-pack/PNG/Blue/Double/icon_cross.png
  artifactKey: Guid(ec17675d87e8ec04495038bff14748ea) Importer(815301076,1909f56bfc062723c751e8b465ee728b)
Start importing Assets/_Assets/kenney_ui-pack/PNG/Blue/Double/icon_cross.png using Guid(ec17675d87e8ec04495038bff14748ea) Importer(815301076,1909f56bfc062723c751e8b465ee728b) [PhysX] Initialized MultithreadedTaskDispatcher with 8 workers.
[PhysX] Initialized MultithreadedTaskDispatcher with 8 workers.
 -> (artifact id: 'e1c83efbb861f48a15b4fe24b3031345') in 0.008335 seconds
Number of updated asset objects reloaded before import = 0
Number of asset objects unloaded after import = 3
========================================================================
Received Import Request.
  Time since last request: 2.260945 seconds.
  path: Assets/_Assets/kenney_ui-pack/PNG/Yellow/Double/icon_outline_square.png
  artifactKey: Guid(6732745ee0085de448a13eead1a54db0) Importer(815301076,1909f56bfc062723c751e8b465ee728b)
Start importing Assets/_Assets/kenney_ui-pack/PNG/Yellow/Double/icon_outline_square.png using Guid(6732745ee0085de448a13eead1a54db0) Importer(815301076,1909f56bfc062723c751e8b465ee728b) [PhysX] Initialized MultithreadedTaskDispatcher with 8 workers.
[PhysX] Initialized MultithreadedTaskDispatcher with 8 workers.
 -> (artifact id: '38ece9adf973e26e4dad05439ec23551') in 0.007359 seconds
Number of updated asset objects reloaded before import = 0
Number of asset objects unloaded after import = 3
========================================================================
Received Import Request.
  Time since last request: 0.000013 seconds.
  path: Assets/_Assets/kenney_ui-pack/PNG/Extra/Double/icon_play_light.png
  artifactKey: Guid(08fc435ed67f8254ab2fe2218668ccf5) Importer(815301076,1909f56bfc062723c751e8b465ee728b)
Start importing Assets/_Assets/kenney_ui-pack/PNG/Extra/Double/icon_play_light.png using Guid(08fc435ed67f8254ab2fe2218668ccf5) Importer(815301076,1909f56bfc062723c751e8b465ee728b) [PhysX] Initialized MultithreadedTaskDispatcher with 8 workers.
[PhysX] Initialized MultithreadedTaskDispatcher with 8 workers.
 -> (artifact id: '37fe94ea048fdcf0167a426784c51f79') in 0.009624 seconds
Number of updated asset objects reloaded before import = 0
Number of asset objects unloaded after import = 3
========================================================================
Received Import Request.
  Time since last request: 0.000015 seconds.
  path: Assets/_Assets/kenney_ui-pack/PNG/Extra/Default/icon_repeat_light.png
  artifactKey: Guid(52843ab43a01b9449a8348e4523cf6ab) Importer(815301076,1909f56bfc062723c751e8b465ee728b)
Start importing Assets/_Assets/kenney_ui-pack/PNG/Extra/Default/icon_repeat_light.png using Guid(52843ab43a01b9449a8348e4523cf6ab) Importer(815301076,1909f56bfc062723c751e8b465ee728b) [PhysX] Initialized MultithreadedTaskDispatcher with 8 workers.
[PhysX] Initialized MultithreadedTaskDispatcher with 8 workers.
 -> (artifact id: '631a26aaff46417bec4a70caba720a5b') in 0.014171 seconds
Number of updated asset objects reloaded before import = 0
Number of asset objects unloaded after import = 3
========================================================================
Received Import Request.
  Time since last request: 0.000014 seconds.
  path: Assets/_Assets/kenney_ui-pack/PNG/Extra/Double/icon_play_dark.png
  artifactKey: Guid(cd359e62e41e21a46813361aa1ffb9e2) Importer(815301076,1909f56bfc062723c751e8b465ee728b)
Start importing Assets/_Assets/kenney_ui-pack/PNG/Extra/Double/icon_play_dark.png using Guid(cd359e62e41e21a46813361aa1ffb9e2) Importer(815301076,1909f56bfc062723c751e8b465ee728b) [PhysX] Initialized MultithreadedTaskDispatcher with 8 workers.
[PhysX] Initialized MultithreadedTaskDispatcher with 8 workers.
 -> (artifact id: '7a3fff42f26e0fbb124462ca2b29c7e1') in 0.009126 seconds
Number of updated asset objects reloaded before import = 0
Number of asset objects unloaded after import = 3
========================================================================
Received Import Request.
  Time since last request: 0.000016 seconds.
  path: Assets/_Assets/kenney_ui-pack/PNG/Extra/Double/icon_repeat_dark.png
  artifactKey: Guid(4233bf8ede5a2df4aafbabb85ed01aa4) Importer(815301076,1909f56bfc062723c751e8b465ee728b)
Start importing Assets/_Assets/kenney_ui-pack/PNG/Extra/Double/icon_repeat_dark.png using Guid(4233bf8ede5a2df4aafbabb85ed01aa4) Importer(815301076,1909f56bfc062723c751e8b465ee728b) [PhysX] Initialized MultithreadedTaskDispatcher with 8 workers.
[PhysX] Initialized MultithreadedTaskDispatcher with 8 workers.
 -> (artifact id: '4c6d688937f8e0e7d7d98b0c53c37270') in 0.007987 seconds
Number of updated asset objects reloaded before import = 0
Number of asset objects unloaded after import = 3
========================================================================
Received Import Request.
  Time since last request: 0.039906 seconds.
  path: Assets/_Assets/kenney_ui-pack/PNG/Yellow/Double/icon_square.png
  artifactKey: Guid(57b68c75f4efab842b1d8dda89a1b3a0) Importer(815301076,1909f56bfc062723c751e8b465ee728b)
Start importing Assets/_Assets/kenney_ui-pack/PNG/Yellow/Double/icon_square.png using Guid(57b68c75f4efab842b1d8dda89a1b3a0) Importer(815301076,1909f56bfc062723c751e8b465ee728b) [PhysX] Initialized MultithreadedTaskDispatcher with 8 workers.
[PhysX] Initialized MultithreadedTaskDispatcher with 8 workers.
 -> (artifact id: '4a140231c8e9005179439f79b3e22a29') in 0.006781 seconds
Number of updated asset objects reloaded before import = 0
Number of asset objects unloaded after import = 3
========================================================================
Received Import Request.
  Time since last request: 0.000013 seconds.
  path: Assets/_Assets/kenney_ui-pack-rpg-expansion/PNG/iconCheck_beige.png
  artifactKey: Guid(858af3ff99988a64d9d63191f7f90994) Importer(815301076,1909f56bfc062723c751e8b465ee728b)
Start importing Assets/_Assets/kenney_ui-pack-rpg-expansion/PNG/iconCheck_beige.png using Guid(858af3ff99988a64d9d63191f7f90994) Importer(815301076,1909f56bfc062723c751e8b465ee728b) [PhysX] Initialized MultithreadedTaskDispatcher with 8 workers.
[PhysX] Initialized MultithreadedTaskDispatcher with 8 workers.
 -> (artifact id: '43fb1f259dc860571798e06c1a0e554b') in 0.009431 seconds
Number of updated asset objects reloaded before import = 0
Number of asset objects unloaded after import = 3
========================================================================
Received Import Request.
  Time since last request: 0.000014 seconds.
  path: Assets/_Assets/kenney_ui-pack-rpg-expansion/PNG/iconCircle_blue.png
  artifactKey: Guid(c83ad1222c5f69c4a804508376942b94) Importer(815301076,1909f56bfc062723c751e8b465ee728b)
Start importing Assets/_Assets/kenney_ui-pack-rpg-expansion/PNG/iconCircle_blue.png using Guid(c83ad1222c5f69c4a804508376942b94) Importer(815301076,1909f56bfc062723c751e8b465ee728b) [PhysX] Initialized MultithreadedTaskDispatcher with 8 workers.
[PhysX] Initialized MultithreadedTaskDispatcher with 8 workers.
 -> (artifact id: 'dfb0ed5a029a6c747b8dca272e7a4118') in 0.013513 seconds
Number of updated asset objects reloaded before import = 0
Number of asset objects unloaded after import = 3
========================================================================
Received Import Request.
  Time since last request: 0.000017 seconds.
  path: Assets/_Assets/kenney_ui-pack-rpg-expansion/PNG/iconCross_beige.png
  artifactKey: Guid(6662b20e0df7aa64eb6819688f4cbd72) Importer(815301076,1909f56bfc062723c751e8b465ee728b)
Start importing Assets/_Assets/kenney_ui-pack-rpg-expansion/PNG/iconCross_beige.png using Guid(6662b20e0df7aa64eb6819688f4cbd72) Importer(815301076,1909f56bfc062723c751e8b465ee728b) [PhysX] Initialized MultithreadedTaskDispatcher with 8 workers.
[PhysX] Initialized MultithreadedTaskDispatcher with 8 workers.
 -> (artifact id: '54f13c1f01868e5f9c31bb871f08150a') in 0.008703 seconds
Number of updated asset objects reloaded before import = 0
Number of asset objects unloaded after import = 3
========================================================================
Received Import Request.
  Time since last request: 0.000018 seconds.
  path: Assets/_Assets/kenney_ui-pack-rpg-expansion/PNG/iconCircle_brown.png
  artifactKey: Guid(6059c847e7e94c7439d12ce4d82792e9) Importer(815301076,1909f56bfc062723c751e8b465ee728b)
Start importing Assets/_Assets/kenney_ui-pack-rpg-expansion/PNG/iconCircle_brown.png using Guid(6059c847e7e94c7439d12ce4d82792e9) Importer(815301076,1909f56bfc062723c751e8b465ee728b) [PhysX] Initialized MultithreadedTaskDispatcher with 8 workers.
[PhysX] Initialized MultithreadedTaskDispatcher with 8 workers.
 -> (artifact id: '7addaeebb65707a731f323b244df1aa3') in 0.009504 seconds
Number of updated asset objects reloaded before import = 0
Number of asset objects unloaded after import = 3
========================================================================
Received Import Request.
  Time since last request: 0.030357 seconds.
  path: Assets/_Assets/kenney_ui-pack-rpg-expansion/PNG/iconCross_brown.png
  artifactKey: Guid(8eef2c4bfa7144a438e619e7834119b1) Importer(815301076,1909f56bfc062723c751e8b465ee728b)
Start importing Assets/_Assets/kenney_ui-pack-rpg-expansion/PNG/iconCross_brown.png using Guid(8eef2c4bfa7144a438e619e7834119b1) Importer(815301076,1909f56bfc062723c751e8b465ee728b) [PhysX] Initialized MultithreadedTaskDispatcher with 8 workers.
[PhysX] Initialized MultithreadedTaskDispatcher with 8 workers.
 -> (artifact id: '66cf8e46f475160f82d1843c60a17822') in 0.006327 seconds
Number of updated asset objects reloaded before import = 0
Number of asset objects unloaded after import = 3
========================================================================
Received Import Request.
  Time since last request: 0.000022 seconds.
  path: Assets/_Assets/kenney_ui-pack/PNG/Extra/Double/input_rectangle.png
  artifactKey: Guid(2bfeb606b553a964db1de9cdb556581a) Importer(815301076,1909f56bfc062723c751e8b465ee728b)
Start importing Assets/_Assets/kenney_ui-pack/PNG/Extra/Double/input_rectangle.png using Guid(2bfeb606b553a964db1de9cdb556581a) Importer(815301076,1909f56bfc062723c751e8b465ee728b) [PhysX] Initialized MultithreadedTaskDispatcher with 8 workers.
[PhysX] Initialized MultithreadedTaskDispatcher with 8 workers.
 -> (artifact id: '9fc37944cbbf71a1b56e720c78975a45') in 0.010141 seconds
Number of updated asset objects reloaded before import = 0
Number of asset objects unloaded after import = 3
========================================================================
Received Import Request.
  Time since last request: 0.000026 seconds.
  path: Assets/_Assets/kenney_ui-pack-adventure/PNG/Default/minimap_arrow_a.png
  artifactKey: Guid(137b9d8df026e614581849aaad5d5bda) Importer(815301076,1909f56bfc062723c751e8b465ee728b)
Start importing Assets/_Assets/kenney_ui-pack-adventure/PNG/Default/minimap_arrow_a.png using Guid(137b9d8df026e614581849aaad5d5bda) Importer(815301076,1909f56bfc062723c751e8b465ee728b) [PhysX] Initialized MultithreadedTaskDispatcher with 8 workers.
[PhysX] Initialized MultithreadedTaskDispatcher with 8 workers.
 -> (artifact id: 'b06b24a05bdd69421047e171c967faca') in 0.010601 seconds
Number of updated asset objects reloaded before import = 0
Number of asset objects unloaded after import = 3
========================================================================
Received Import Request.
  Time since last request: 0.000022 seconds.
  path: Assets/_Assets/kenney_ui-pack/PNG/Extra/Default/input_outline_square.png
  artifactKey: Guid(bc226ab5b82d86e41a391129f24c73d0) Importer(815301076,1909f56bfc062723c751e8b465ee728b)
Start importing Assets/_Assets/kenney_ui-pack/PNG/Extra/Default/input_outline_square.png using Guid(bc226ab5b82d86e41a391129f24c73d0) Importer(815301076,1909f56bfc062723c751e8b465ee728b) [PhysX] Initialized MultithreadedTaskDispatcher with 8 workers.
[PhysX] Initialized MultithreadedTaskDispatcher with 8 workers.
 -> (artifact id: '53fcef16a5f7fd08e1c66781dd93e05c') in 0.008246 seconds
Number of updated asset objects reloaded before import = 0
Number of asset objects unloaded after import = 3
========================================================================
Received Import Request.
  Time since last request: 3.012812 seconds.
  path: Assets/_Assets/kenney_ui-pack-adventure/PNG/Default/minimap_arrow_b.png
  artifactKey: Guid(2ddef691d7dc3fc41afc941793fc8469) Importer(815301076,1909f56bfc062723c751e8b465ee728b)
Start importing Assets/_Assets/kenney_ui-pack-adventure/PNG/Default/minimap_arrow_b.png using Guid(2ddef691d7dc3fc41afc941793fc8469) Importer(815301076,1909f56bfc062723c751e8b465ee728b) [PhysX] Initialized MultithreadedTaskDispatcher with 8 workers.
[PhysX] Initialized MultithreadedTaskDispatcher with 8 workers.
 -> (artifact id: '188f6278ca904677846d63202709127f') in 0.008696 seconds
Number of updated asset objects reloaded before import = 0
Number of asset objects unloaded after import = 3
========================================================================
Received Import Request.
  Time since last request: 0.000016 seconds.
  path: Assets/_Assets/kenney_ui-pack-adventure/PNG/Default/minimap_compass_future_w.png
  artifactKey: Guid(2cca92da84bb862459b13c25fde64f9e) Importer(815301076,1909f56bfc062723c751e8b465ee728b)
Start importing Assets/_Assets/kenney_ui-pack-adventure/PNG/Default/minimap_compass_future_w.png using Guid(2cca92da84bb862459b13c25fde64f9e) Importer(815301076,1909f56bfc062723c751e8b465ee728b) [PhysX] Initialized MultithreadedTaskDispatcher with 8 workers.
[PhysX] Initialized MultithreadedTaskDispatcher with 8 workers.
 -> (artifact id: '2de288a134828a68bb492569c8a1abfc') in 0.014783 seconds
Number of updated asset objects reloaded before import = 0
Number of asset objects unloaded after import = 3
========================================================================
Received Import Request.
  Time since last request: 0.000019 seconds.
  path: Assets/_Assets/kenney_ui-pack-adventure/PNG/Default/minimap_arrow_d.png
  artifactKey: Guid(3cf5120322cb9824cbbabc8793c25eac) Importer(815301076,1909f56bfc062723c751e8b465ee728b)
Start importing Assets/_Assets/kenney_ui-pack-adventure/PNG/Default/minimap_arrow_d.png using Guid(3cf5120322cb9824cbbabc8793c25eac) Importer(815301076,1909f56bfc062723c751e8b465ee728b) [PhysX] Initialized MultithreadedTaskDispatcher with 8 workers.
[PhysX] Initialized MultithreadedTaskDispatcher with 8 workers.
 -> (artifact id: 'c4ec68f1a88fd5b8740878e68b25960b') in 0.015207 seconds
Number of updated asset objects reloaded before import = 0
Number of asset objects unloaded after import = 3
========================================================================
Received Import Request.
  Time since last request: 0.000016 seconds.
  path: Assets/_Assets/kenney_ui-pack-adventure/PNG/Double/minimap_compass_toon_e.png
  artifactKey: Guid(2a2134c9cbbfae549b9d5b8cdf4b3c9f) Importer(815301076,1909f56bfc062723c751e8b465ee728b)
Start importing Assets/_Assets/kenney_ui-pack-adventure/PNG/Double/minimap_compass_toon_e.png using Guid(2a2134c9cbbfae549b9d5b8cdf4b3c9f) Importer(815301076,1909f56bfc062723c751e8b465ee728b) [PhysX] Initialized MultithreadedTaskDispatcher with 8 workers.
[PhysX] Initialized MultithreadedTaskDispatcher with 8 workers.
 -> (artifact id: '5edc866a3d83e1d8e9e93c9992839a0b') in 0.016989 seconds
Number of updated asset objects reloaded before import = 0
Number of asset objects unloaded after import = 3
========================================================================
Received Import Request.
  Time since last request: 0.009652 seconds.
  path: Assets/_Assets/kenney_ui-pack-adventure/PNG/Double/minimap_compass_toon_s.png
  artifactKey: Guid(dd84b044971dc554f82553af20350d37) Importer(815301076,1909f56bfc062723c751e8b465ee728b)
Start importing Assets/_Assets/kenney_ui-pack-adventure/PNG/Double/minimap_compass_toon_s.png using Guid(dd84b044971dc554f82553af20350d37) Importer(815301076,1909f56bfc062723c751e8b465ee728b) [PhysX] Initialized MultithreadedTaskDispatcher with 8 workers.
[PhysX] Initialized MultithreadedTaskDispatcher with 8 workers.
 -> (artifact id: 'ef3664af13d0e19f1b31bc8048a47a1d') in 0.008707 seconds
Number of updated asset objects reloaded before import = 0
Number of asset objects unloaded after import = 3
========================================================================
Received Import Request.
  Time since last request: 0.000018 seconds.
  path: Assets/_Assets/kenney_ui-pack-adventure/PNG/Double/minimap_compass_toon_w.png
  artifactKey: Guid(129564c18896bc24680f50b4e1820946) Importer(815301076,1909f56bfc062723c751e8b465ee728b)
Start importing Assets/_Assets/kenney_ui-pack-adventure/PNG/Double/minimap_compass_toon_w.png using Guid(129564c18896bc24680f50b4e1820946) Importer(815301076,1909f56bfc062723c751e8b465ee728b) [PhysX] Initialized MultithreadedTaskDispatcher with 8 workers.
[PhysX] Initialized MultithreadedTaskDispatcher with 8 workers.
 -> (artifact id: 'edb0501251bde32440e394e0e704834c') in 0.013953 seconds
Number of updated asset objects reloaded before import = 0
Number of asset objects unloaded after import = 3
========================================================================
Received Import Request.
  Time since last request: 0.000019 seconds.
  path: Assets/_Assets/kenney_ui-pack-adventure/PNG/Double/minimap_icon_exclamation_yellow.png
  artifactKey: Guid(cc2b3ef515715e94ca736fb74904026c) Importer(815301076,1909f56bfc062723c751e8b465ee728b)
Start importing Assets/_Assets/kenney_ui-pack-adventure/PNG/Double/minimap_icon_exclamation_yellow.png using Guid(cc2b3ef515715e94ca736fb74904026c) Importer(815301076,1909f56bfc062723c751e8b465ee728b) [PhysX] Initialized MultithreadedTaskDispatcher with 8 workers.
[PhysX] Initialized MultithreadedTaskDispatcher with 8 workers.
 -> (artifact id: '5d8b5620903d3681539964c6360b51ac') in 0.010380 seconds
Number of updated asset objects reloaded before import = 0
Number of asset objects unloaded after import = 3
========================================================================
Received Import Request.
  Time since last request: 0.000016 seconds.
  path: Assets/_Assets/kenney_ui-pack-adventure/PNG/Default/minimap_icon_jewel_yellow.png
  artifactKey: Guid(89917a6b6a1c53c459efb68f73dbf1b2) Importer(815301076,1909f56bfc062723c751e8b465ee728b)
Start importing Assets/_Assets/kenney_ui-pack-adventure/PNG/Default/minimap_icon_jewel_yellow.png using Guid(89917a6b6a1c53c459efb68f73dbf1b2) Importer(815301076,1909f56bfc062723c751e8b465ee728b) [PhysX] Initialized MultithreadedTaskDispatcher with 8 workers.
[PhysX] Initialized MultithreadedTaskDispatcher with 8 workers.
 -> (artifact id: '3aa2f0d689150f02486ff6fdff1a937a') in 0.009803 seconds
Number of updated asset objects reloaded before import = 0
Number of asset objects unloaded after import = 3
========================================================================
Received Import Request.
  Time since last request: 0.391023 seconds.
  path: Assets/_Assets/kenney_ui-pack-adventure/PNG/Default/minimap_icon_star_white.png
  artifactKey: Guid(4ee8be0ff67db974d91e9b80f7405d60) Importer(815301076,1909f56bfc062723c751e8b465ee728b)
Start importing Assets/_Assets/kenney_ui-pack-adventure/PNG/Default/minimap_icon_star_white.png using Guid(4ee8be0ff67db974d91e9b80f7405d60) Importer(815301076,1909f56bfc062723c751e8b465ee728b) [PhysX] Initialized MultithreadedTaskDispatcher with 8 workers.
[PhysX] Initialized MultithreadedTaskDispatcher with 8 workers.
 -> (artifact id: 'e90fd5b6fb4b217f71852ccb1fc48f16') in 0.007209 seconds
Number of updated asset objects reloaded before import = 0
Number of asset objects unloaded after import = 3
========================================================================
Received Import Request.
  Time since last request: 0.000014 seconds.
  path: Assets/_Assets/kenney_ui-pack-adventure/PNG/Default/minimap_ring_grey_detail.png
  artifactKey: Guid(5478584df2845ba418934ebab9702303) Importer(815301076,1909f56bfc062723c751e8b465ee728b)
Start importing Assets/_Assets/kenney_ui-pack-adventure/PNG/Default/minimap_ring_grey_detail.png using Guid(5478584df2845ba418934ebab9702303) Importer(815301076,1909f56bfc062723c751e8b465ee728b) [PhysX] Initialized MultithreadedTaskDispatcher with 8 workers.
[PhysX] Initialized MultithreadedTaskDispatcher with 8 workers.
 -> (artifact id: '312c92f0fa9f8f04757071187d9b01aa') in 0.013996 seconds
Number of updated asset objects reloaded before import = 0
Number of asset objects unloaded after import = 3
========================================================================
Received Import Request.
  Time since last request: 0.000021 seconds.
  path: Assets/_Assets/kenney_ui-pack-adventure/PNG/Double/minimap_ring_grey.png
  artifactKey: Guid(6e8206dd6f589dd41b9526f3bbbd99ad) Importer(815301076,1909f56bfc062723c751e8b465ee728b)
Start importing Assets/_Assets/kenney_ui-pack-adventure/PNG/Double/minimap_ring_grey.png using Guid(6e8206dd6f589dd41b9526f3bbbd99ad) Importer(815301076,1909f56bfc062723c751e8b465ee728b) [PhysX] Initialized MultithreadedTaskDispatcher with 8 workers.
[PhysX] Initialized MultithreadedTaskDispatcher with 8 workers.
 -> (artifact id: '8e20c91725e07a882766d47f94d229c4') in 0.012589 seconds
Number of updated asset objects reloaded before import = 0
Number of asset objects unloaded after import = 3
========================================================================
Received Import Request.
  Time since last request: 0.000025 seconds.
  path: Assets/_Assets/kenney_ui-pack-adventure/PNG/Double/minimap_ring_grey_detail.png
  artifactKey: Guid(112ac2be74453ab4c9d5954f1eefea1f) Importer(815301076,1909f56bfc062723c751e8b465ee728b)
Start importing Assets/_Assets/kenney_ui-pack-adventure/PNG/Double/minimap_ring_grey_detail.png using Guid(112ac2be74453ab4c9d5954f1eefea1f) Importer(815301076,1909f56bfc062723c751e8b465ee728b) [PhysX] Initialized MultithreadedTaskDispatcher with 8 workers.
[PhysX] Initialized MultithreadedTaskDispatcher with 8 workers.
 -> (artifact id: '3d5398a02207ef11dab8d82f50a1d99c') in 0.011491 seconds
Number of updated asset objects reloaded before import = 0
Number of asset objects unloaded after import = 3
========================================================================
Received Import Request.
  Time since last request: 0.000018 seconds.
  path: Assets/_Assets/kenney_ui-pack-adventure/PNG/Default/panel_border_grey.png
  artifactKey: Guid(724f74ea1e4374c45b33cfd30ca73ebf) Importer(815301076,1909f56bfc062723c751e8b465ee728b)
Start importing Assets/_Assets/kenney_ui-pack-adventure/PNG/Default/panel_border_grey.png using Guid(724f74ea1e4374c45b33cfd30ca73ebf) Importer(815301076,1909f56bfc062723c751e8b465ee728b) [PhysX] Initialized MultithreadedTaskDispatcher with 8 workers.
[PhysX] Initialized MultithreadedTaskDispatcher with 8 workers.
 -> (artifact id: 'e62e0a4f550e32b5f6838397f2cf15c0') in 0.012735 seconds
Number of updated asset objects reloaded before import = 0
Number of asset objects unloaded after import = 3
========================================================================
Received Import Request.
  Time since last request: 0.000234 seconds.
  path: Assets/_Assets/kenney_ui-pack-adventure/PNG/Double/panel_border_grey.png
  artifactKey: Guid(52b3b32aa6cf3b44db1a68763e6ac036) Importer(815301076,1909f56bfc062723c751e8b465ee728b)
Start importing Assets/_Assets/kenney_ui-pack-adventure/PNG/Double/panel_border_grey.png using Guid(52b3b32aa6cf3b44db1a68763e6ac036) Importer(815301076,1909f56bfc062723c751e8b465ee728b) [PhysX] Initialized MultithreadedTaskDispatcher with 8 workers.
[PhysX] Initialized MultithreadedTaskDispatcher with 8 workers.
 -> (artifact id: '383617f044aeb514292e2a3de4ccc991') in 0.013730 seconds
Number of updated asset objects reloaded before import = 0
Number of asset objects unloaded after import = 3
========================================================================
Received Import Request.
  Time since last request: 0.000016 seconds.
  path: Assets/_Assets/kenney_ui-pack-adventure/PNG/Double/panel_border_brown_detail.png
  artifactKey: Guid(bc8a53623c31de443b5379ccd41b716b) Importer(815301076,1909f56bfc062723c751e8b465ee728b)
Start importing Assets/_Assets/kenney_ui-pack-adventure/PNG/Double/panel_border_brown_detail.png using Guid(bc8a53623c31de443b5379ccd41b716b) Importer(815301076,1909f56bfc062723c751e8b465ee728b) [PhysX] Initialized MultithreadedTaskDispatcher with 8 workers.
[PhysX] Initialized MultithreadedTaskDispatcher with 8 workers.
 -> (artifact id: '81bd1936756e00bc395c27b6b0e5b720') in 0.012596 seconds
Number of updated asset objects reloaded before import = 0
Number of asset objects unloaded after import = 3
========================================================================
Received Import Request.
  Time since last request: 0.000021 seconds.
  path: Assets/_Assets/kenney_ui-pack-adventure/PNG/Default/panel_brown_arrows.png
  artifactKey: Guid(300b4d90ad7dd074f89bc907b42b4ae9) Importer(815301076,1909f56bfc062723c751e8b465ee728b)
Start importing Assets/_Assets/kenney_ui-pack-adventure/PNG/Default/panel_brown_arrows.png using Guid(300b4d90ad7dd074f89bc907b42b4ae9) Importer(815301076,1909f56bfc062723c751e8b465ee728b) [PhysX] Initialized MultithreadedTaskDispatcher with 8 workers.
[PhysX] Initialized MultithreadedTaskDispatcher with 8 workers.
 -> (artifact id: '6258600791911798ad0f61cbd4bcb3df') in 0.011667 seconds
Number of updated asset objects reloaded before import = 0
Number of asset objects unloaded after import = 3
========================================================================
Received Import Request.
  Time since last request: 0.000023 seconds.
  path: Assets/_Assets/kenney_ui-pack-adventure/PNG/Default/panel_brown_damaged.png
  artifactKey: Guid(1e61e45d8527ca74fb3203892bcedcc2) Importer(815301076,1909f56bfc062723c751e8b465ee728b)
Start importing Assets/_Assets/kenney_ui-pack-adventure/PNG/Default/panel_brown_damaged.png using Guid(1e61e45d8527ca74fb3203892bcedcc2) Importer(815301076,1909f56bfc062723c751e8b465ee728b) [PhysX] Initialized MultithreadedTaskDispatcher with 8 workers.
[PhysX] Initialized MultithreadedTaskDispatcher with 8 workers.
 -> (artifact id: '91f4b586dc5fc2d4b6b3240966acc83f') in 0.015069 seconds
Number of updated asset objects reloaded before import = 0
Number of asset objects unloaded after import = 3
========================================================================
Received Import Request.
  Time since last request: 0.000016 seconds.
  path: Assets/_Assets/kenney_ui-pack-adventure/PNG/Double/panel_brown_corners_a.png
  artifactKey: Guid(6c6a0b6a3db50f44b87a62865ac068c0) Importer(815301076,1909f56bfc062723c751e8b465ee728b)
Start importing Assets/_Assets/kenney_ui-pack-adventure/PNG/Double/panel_brown_corners_a.png using Guid(6c6a0b6a3db50f44b87a62865ac068c0) Importer(815301076,1909f56bfc062723c751e8b465ee728b) [PhysX] Initialized MultithreadedTaskDispatcher with 8 workers.
[PhysX] Initialized MultithreadedTaskDispatcher with 8 workers.
 -> (artifact id: '28b18fc5e752ff58bb839a716504aa33') in 0.013095 seconds
Number of updated asset objects reloaded before import = 0
Number of asset objects unloaded after import = 3
========================================================================
Received Import Request.
  Time since last request: 0.000028 seconds.
  path: Assets/_Assets/kenney_ui-pack-adventure/PNG/Default/panel_grey_bolts.png
  artifactKey: Guid(c20a0bf699d89ba4aad736cba68cbe15) Importer(815301076,1909f56bfc062723c751e8b465ee728b)
Start importing Assets/_Assets/kenney_ui-pack-adventure/PNG/Default/panel_grey_bolts.png using Guid(c20a0bf699d89ba4aad736cba68cbe15) Importer(815301076,1909f56bfc062723c751e8b465ee728b) [PhysX] Initialized MultithreadedTaskDispatcher with 8 workers.
[PhysX] Initialized MultithreadedTaskDispatcher with 8 workers.
 -> (artifact id: '60022cd3ed5f349517d29000e3e05499') in 0.013336 seconds
Number of updated asset objects reloaded before import = 0
Number of asset objects unloaded after import = 3
========================================================================
Received Import Request.
  Time since last request: 0.000019 seconds.
  path: Assets/_Assets/kenney_ui-pack-adventure/PNG/Default/panel_grey_bolts_dark.png
  artifactKey: Guid(3fe61950b18aad4488368048f44cb425) Importer(815301076,1909f56bfc062723c751e8b465ee728b)
Start importing Assets/_Assets/kenney_ui-pack-adventure/PNG/Default/panel_grey_bolts_dark.png using Guid(3fe61950b18aad4488368048f44cb425) Importer(815301076,1909f56bfc062723c751e8b465ee728b) [PhysX] Initialized MultithreadedTaskDispatcher with 8 workers.
[PhysX] Initialized MultithreadedTaskDispatcher with 8 workers.
 -> (artifact id: '2e086fbdba87bce1db2b9de87cebf9a1') in 0.014004 seconds
Number of updated asset objects reloaded before import = 0
Number of asset objects unloaded after import = 3
========================================================================
Received Import Request.
  Time since last request: 0.000221 seconds.
  path: Assets/_Assets/kenney_ui-pack-adventure/PNG/Double/panel_brown_damaged.png
  artifactKey: Guid(4acbe3c7e1bae814188cbc55f17fbba4) Importer(815301076,1909f56bfc062723c751e8b465ee728b)
Start importing Assets/_Assets/kenney_ui-pack-adventure/PNG/Double/panel_brown_damaged.png using Guid(4acbe3c7e1bae814188cbc55f17fbba4) Importer(815301076,1909f56bfc062723c751e8b465ee728b) [PhysX] Initialized MultithreadedTaskDispatcher with 8 workers.
[PhysX] Initialized MultithreadedTaskDispatcher with 8 workers.
 -> (artifact id: 'bd76126f4235cd1e66e349291fef982b') in 0.009815 seconds
Number of updated asset objects reloaded before import = 0
Number of asset objects unloaded after import = 3
========================================================================
Received Import Request.
  Time since last request: 0.000017 seconds.
  path: Assets/_Assets/kenney_ui-pack-adventure/PNG/Default/panel_grey_bolts_green.png
  artifactKey: Guid(7b1da3715bb64444bb4de64f0bf6475e) Importer(815301076,1909f56bfc062723c751e8b465ee728b)
Start importing Assets/_Assets/kenney_ui-pack-adventure/PNG/Default/panel_grey_bolts_green.png using Guid(7b1da3715bb64444bb4de64f0bf6475e) Importer(815301076,1909f56bfc062723c751e8b465ee728b) [PhysX] Initialized MultithreadedTaskDispatcher with 8 workers.
[PhysX] Initialized MultithreadedTaskDispatcher with 8 workers.
 -> (artifact id: '861b43b21589726243a56baa7c661679') in 0.010516 seconds
Number of updated asset objects reloaded before import = 0
Number of asset objects unloaded after import = 3
========================================================================
Received Import Request.
  Time since last request: 0.000017 seconds.
  path: Assets/_Assets/kenney_ui-pack-rpg-expansion/PNG/panelInset_beige.png
  artifactKey: Guid(81ff7749fbabf294cba6c077665188ee) Importer(815301076,1909f56bfc062723c751e8b465ee728b)
Start importing Assets/_Assets/kenney_ui-pack-rpg-expansion/PNG/panelInset_beige.png using Guid(81ff7749fbabf294cba6c077665188ee) Importer(815301076,1909f56bfc062723c751e8b465ee728b) [PhysX] Initialized MultithreadedTaskDispatcher with 8 workers.
[PhysX] Initialized MultithreadedTaskDispatcher with 8 workers.
 -> (artifact id: '506f2ca10d34578e96240749959da9d6') in 0.012897 seconds
Number of updated asset objects reloaded before import = 0
Number of asset objects unloaded after import = 3
========================================================================
Received Import Request.
  Time since last request: 0.000015 seconds.
  path: Assets/_Assets/kenney_ui-pack-adventure/PNG/Double/panel_grey_bolts_red.png
  artifactKey: Guid(7edb00a67918c204ea77ecbf8998a583) Importer(815301076,1909f56bfc062723c751e8b465ee728b)
Start importing Assets/_Assets/kenney_ui-pack-adventure/PNG/Double/panel_grey_bolts_red.png using Guid(7edb00a67918c204ea77ecbf8998a583) Importer(815301076,1909f56bfc062723c751e8b465ee728b) [PhysX] Initialized MultithreadedTaskDispatcher with 8 workers.
[PhysX] Initialized MultithreadedTaskDispatcher with 8 workers.
 -> (artifact id: 'eee7c48dfb1d6d10571ec0b6c06b80a0') in 0.010126 seconds
Number of updated asset objects reloaded before import = 0
Number of asset objects unloaded after import = 3
========================================================================
Received Import Request.
  Time since last request: 0.000014 seconds.
  path: Assets/_Assets/kenney_ui-pack-adventure/PNG/Double/panel_grey_dark.png
  artifactKey: Guid(a36d0e22127583a49a13ac512d9b868f) Importer(815301076,1909f56bfc062723c751e8b465ee728b)
Start importing Assets/_Assets/kenney_ui-pack-adventure/PNG/Double/panel_grey_dark.png using Guid(a36d0e22127583a49a13ac512d9b868f) Importer(815301076,1909f56bfc062723c751e8b465ee728b) [PhysX] Initialized MultithreadedTaskDispatcher with 8 workers.
[PhysX] Initialized MultithreadedTaskDispatcher with 8 workers.
 -> (artifact id: '0b54b9d6c5df60941d2fe0e289220dff') in 0.011088 seconds
Number of updated asset objects reloaded before import = 0
Number of asset objects unloaded after import = 3
========================================================================
Received Import Request.
  Time since last request: 0.000017 seconds.
  path: Assets/_Assets/kenney_ui-pack-adventure/PNG/Double/panel_grey_bolts_dark.png
  artifactKey: Guid(2d6bdbe6638af4746a563be5ae051601) Importer(815301076,1909f56bfc062723c751e8b465ee728b)
Start importing Assets/_Assets/kenney_ui-pack-adventure/PNG/Double/panel_grey_bolts_dark.png using Guid(2d6bdbe6638af4746a563be5ae051601) Importer(815301076,1909f56bfc062723c751e8b465ee728b) [PhysX] Initialized MultithreadedTaskDispatcher with 8 workers.
[PhysX] Initialized MultithreadedTaskDispatcher with 8 workers.
 -> (artifact id: '4df9002ad909746fc15f4589b90996db') in 0.011219 seconds
Number of updated asset objects reloaded before import = 0
Number of asset objects unloaded after import = 3
========================================================================
Received Import Request.
  Time since last request: 0.000016 seconds.
  path: Assets/_Assets/kenney_ui-pack-adventure/PNG/Double/panel_grey_bolts.png
  artifactKey: Guid(90f0a4e9bbd1d9043b35ffa28eb1d5e1) Importer(815301076,1909f56bfc062723c751e8b465ee728b)
Start importing Assets/_Assets/kenney_ui-pack-adventure/PNG/Double/panel_grey_bolts.png using Guid(90f0a4e9bbd1d9043b35ffa28eb1d5e1) Importer(815301076,1909f56bfc062723c751e8b465ee728b) [PhysX] Initialized MultithreadedTaskDispatcher with 8 workers.
[PhysX] Initialized MultithreadedTaskDispatcher with 8 workers.
 -> (artifact id: '4aaed12c48a03d0faaae66c6365b72e8') in 0.011115 seconds
Number of updated asset objects reloaded before import = 0
Number of asset objects unloaded after import = 3
========================================================================
Received Import Request.
  Time since last request: 0.000028 seconds.
  path: Assets/_Assets/kenney_ui-pack-adventure/PNG/Default/panel_grey_green.png
  artifactKey: Guid(5ddbe06d26e9eb342a0e628773ea60db) Importer(815301076,1909f56bfc062723c751e8b465ee728b)
Start importing Assets/_Assets/kenney_ui-pack-adventure/PNG/Default/panel_grey_green.png using Guid(5ddbe06d26e9eb342a0e628773ea60db) Importer(815301076,1909f56bfc062723c751e8b465ee728b) [PhysX] Initialized MultithreadedTaskDispatcher with 8 workers.
[PhysX] Initialized MultithreadedTaskDispatcher with 8 workers.
 -> (artifact id: '10c39818edd0e620f2414404705f86b7') in 0.014943 seconds
Number of updated asset objects reloaded before import = 0
Number of asset objects unloaded after import = 3
========================================================================
Received Import Request.
  Time since last request: 0.000030 seconds.
  path: Assets/_Assets/kenney_ui-pack-adventure/PNG/Default/panel_brown_dark_corners_b.png
  artifactKey: Guid(2d284840ef7e6da4cb893cd6ba7e4165) Importer(815301076,1909f56bfc062723c751e8b465ee728b)
Start importing Assets/_Assets/kenney_ui-pack-adventure/PNG/Default/panel_brown_dark_corners_b.png using Guid(2d284840ef7e6da4cb893cd6ba7e4165) Importer(815301076,1909f56bfc062723c751e8b465ee728b) [PhysX] Initialized MultithreadedTaskDispatcher with 8 workers.
[PhysX] Initialized MultithreadedTaskDispatcher with 8 workers.
 -> (artifact id: '861948c451575e7c9c8e8bba07a0023e') in 0.014155 seconds
Number of updated asset objects reloaded before import = 0
Number of asset objects unloaded after import = 3
========================================================================
Received Import Request.
  Time since last request: 0.531857 seconds.
  path: Assets/_Assets/kenney_ui-pack-adventure/PNG/Default/pattern_diagonal_grey_large.png
  artifactKey: Guid(af16f6984f33360499c3346de8673ed3) Importer(815301076,1909f56bfc062723c751e8b465ee728b)
Start importing Assets/_Assets/kenney_ui-pack-adventure/PNG/Default/pattern_diagonal_grey_large.png using Guid(af16f6984f33360499c3346de8673ed3) Importer(815301076,1909f56bfc062723c751e8b465ee728b) [PhysX] Initialized MultithreadedTaskDispatcher with 8 workers.
[PhysX] Initialized MultithreadedTaskDispatcher with 8 workers.
 -> (artifact id: 'b26a913960f14a5c4bc8de1511449c2e') in 0.007373 seconds
Number of updated asset objects reloaded before import = 0
Number of asset objects unloaded after import = 3
========================================================================
Received Import Request.
  Time since last request: 0.000016 seconds.
  path: Assets/_Assets/kenney_ui-pack-adventure/PNG/Double/pattern_diagonal_transparent_small.png
  artifactKey: Guid(c3d7d90cedfa37b4aa0b0f7a2c33cb29) Importer(815301076,1909f56bfc062723c751e8b465ee728b)
Start importing Assets/_Assets/kenney_ui-pack-adventure/PNG/Double/pattern_diagonal_transparent_small.png using Guid(c3d7d90cedfa37b4aa0b0f7a2c33cb29) Importer(815301076,1909f56bfc062723c751e8b465ee728b) [PhysX] Initialized MultithreadedTaskDispatcher with 8 workers.
[PhysX] Initialized MultithreadedTaskDispatcher with 8 workers.
 -> (artifact id: '90dbbb49f24409b57b27608afb937910') in 0.010417 seconds
Number of updated asset objects reloaded before import = 0
Number of asset objects unloaded after import = 3
========================================================================
Received Import Request.
  Time since last request: 0.000013 seconds.
  path: Assets/_Assets/kenney_ui-pack-adventure/PNG/Double/pattern_grid_blueprint.png
  artifactKey: Guid(1c72752e181298847b8cf5314b8994a7) Importer(815301076,1909f56bfc062723c751e8b465ee728b)
Start importing Assets/_Assets/kenney_ui-pack-adventure/PNG/Double/pattern_grid_blueprint.png using Guid(1c72752e181298847b8cf5314b8994a7) Importer(815301076,1909f56bfc062723c751e8b465ee728b) [PhysX] Initialized MultithreadedTaskDispatcher with 8 workers.
[PhysX] Initialized MultithreadedTaskDispatcher with 8 workers.
 -> (artifact id: 'f5a3b234138d00be6c4600b52a64ffaf') in 0.009602 seconds
Number of updated asset objects reloaded before import = 0
Number of asset objects unloaded after import = 3
========================================================================
Received Import Request.
  Time since last request: 0.000013 seconds.
  path: Assets/_Assets/kenney_ui-pack-adventure/PNG/Default/pattern_grid_paper.png
  artifactKey: Guid(08c7c59926da5ad428879a50b9057644) Importer(815301076,1909f56bfc062723c751e8b465ee728b)
Start importing Assets/_Assets/kenney_ui-pack-adventure/PNG/Default/pattern_grid_paper.png using Guid(08c7c59926da5ad428879a50b9057644) Importer(815301076,1909f56bfc062723c751e8b465ee728b) [PhysX] Initialized MultithreadedTaskDispatcher with 8 workers.
[PhysX] Initialized MultithreadedTaskDispatcher with 8 workers.
 -> (artifact id: '1d5eba60c16872709008383ef2bb69f8') in 0.011106 seconds
Number of updated asset objects reloaded before import = 0
Number of asset objects unloaded after import = 3
========================================================================
Received Import Request.
  Time since last request: 0.030080 seconds.
  path: Assets/_Assets/kenney_ui-pack-adventure/PNG/Default/progress_blue.png
  artifactKey: Guid(63446d122eef2e941ba5e35e4ff951f0) Importer(815301076,1909f56bfc062723c751e8b465ee728b)
Start importing Assets/_Assets/kenney_ui-pack-adventure/PNG/Default/progress_blue.png using Guid(63446d122eef2e941ba5e35e4ff951f0) Importer(815301076,1909f56bfc062723c751e8b465ee728b) [PhysX] Initialized MultithreadedTaskDispatcher with 8 workers.
[PhysX] Initialized MultithreadedTaskDispatcher with 8 workers.
 -> (artifact id: '61d2a45092e5229a2a2f60798dcf29ce') in 0.007014 seconds
Number of updated asset objects reloaded before import = 0
Number of asset objects unloaded after import = 3
========================================================================
Received Import Request.
  Time since last request: 0.000013 seconds.
  path: Assets/_Assets/kenney_ui-pack-adventure/PNG/Double/progress_green.png
  artifactKey: Guid(6734b96ecae914e4992215c6fb9819c2) Importer(815301076,1909f56bfc062723c751e8b465ee728b)
Start importing Assets/_Assets/kenney_ui-pack-adventure/PNG/Double/progress_green.png using Guid(6734b96ecae914e4992215c6fb9819c2) Importer(815301076,1909f56bfc062723c751e8b465ee728b) [PhysX] Initialized MultithreadedTaskDispatcher with 8 workers.
[PhysX] Initialized MultithreadedTaskDispatcher with 8 workers.
 -> (artifact id: '0bf0526a0636bf868f60eee9d2637bce') in 0.008135 seconds
Number of updated asset objects reloaded before import = 0
Number of asset objects unloaded after import = 3
========================================================================
Received Import Request.
  Time since last request: 0.000012 seconds.
  path: Assets/_Assets/kenney_ui-pack-adventure/PNG/Double/progress_red.png
  artifactKey: Guid(5e5b49128fc4e4048a4f910a0d98672b) Importer(815301076,1909f56bfc062723c751e8b465ee728b)
Start importing Assets/_Assets/kenney_ui-pack-adventure/PNG/Double/progress_red.png using Guid(5e5b49128fc4e4048a4f910a0d98672b) Importer(815301076,1909f56bfc062723c751e8b465ee728b) [PhysX] Initialized MultithreadedTaskDispatcher with 8 workers.
[PhysX] Initialized MultithreadedTaskDispatcher with 8 workers.
 -> (artifact id: '90eadd5cd7073a55005d0c3576cfcdd2') in 0.009623 seconds
Number of updated asset objects reloaded before import = 0
Number of asset objects unloaded after import = 3
========================================================================
Received Import Request.
  Time since last request: 0.000017 seconds.
  path: Assets/_Assets/kenney_ui-pack-adventure/PNG/Default/progress_green_border.png
  artifactKey: Guid(02cf55c1bb766664eac2d34df743c75f) Importer(815301076,1909f56bfc062723c751e8b465ee728b)
Start importing Assets/_Assets/kenney_ui-pack-adventure/PNG/Default/progress_green_border.png using Guid(02cf55c1bb766664eac2d34df743c75f) Importer(815301076,1909f56bfc062723c751e8b465ee728b) [PhysX] Initialized MultithreadedTaskDispatcher with 8 workers.
[PhysX] Initialized MultithreadedTaskDispatcher with 8 workers.
 -> (artifact id: 'c97cef4a73624f5096b696b878d0505f') in 0.008636 seconds
Number of updated asset objects reloaded before import = 0
Number of asset objects unloaded after import = 3
========================================================================
Received Import Request.
  Time since last request: 0.000016 seconds.
  path: Assets/_Assets/kenney_ui-pack-adventure/PNG/Default/progress_green.png
  artifactKey: Guid(34313171647e5814197823f4e259374d) Importer(815301076,1909f56bfc062723c751e8b465ee728b)
Start importing Assets/_Assets/kenney_ui-pack-adventure/PNG/Default/progress_green.png using Guid(34313171647e5814197823f4e259374d) Importer(815301076,1909f56bfc062723c751e8b465ee728b) [PhysX] Initialized MultithreadedTaskDispatcher with 8 workers.
[PhysX] Initialized MultithreadedTaskDispatcher with 8 workers.
 -> (artifact id: 'd010135fc77969261dfa9a0231528dbe') in 0.007281 seconds
Number of updated asset objects reloaded before import = 0
Number of asset objects unloaded after import = 3
========================================================================
Received Import Request.
  Time since last request: 292.057836 seconds.
  path: Assets/_TextFonts/berylium/Berylium Bd SDF.asset
  artifactKey: Guid(a9447cb284dcd644da6acb1b0e25534c) Importer(815301076,1909f56bfc062723c751e8b465ee728b)
Start importing Assets/_TextFonts/berylium/Berylium Bd SDF.asset using Guid(a9447cb284dcd644da6acb1b0e25534c) Importer(815301076,1909f56bfc062723c751e8b465ee728b) [PhysX] Initialized MultithreadedTaskDispatcher with 8 workers.
[PhysX] Initialized MultithreadedTaskDispatcher with 8 workers.
[PhysX] Initialized MultithreadedTaskDispatcher with 8 workers.
 -> (artifact id: 'a507b5dbd3ddd670cfafae91ebb49247') in 0.060365 seconds
Number of updated asset objects reloaded before import = 0
Number of asset objects unloaded after import = 6
========================================================================
Received Import Request.
  Time since last request: 520.342973 seconds.
  path: Assets/_Prefabs/_UI_Menu/PauseMenu.prefab
  artifactKey: Guid(3d4d7dce320a9fe4caa98c3079ebd452) Importer(815301076,1909f56bfc062723c751e8b465ee728b)
Start importing Assets/_Prefabs/_UI_Menu/PauseMenu.prefab using Guid(3d4d7dce320a9fe4caa98c3079ebd452) Importer(815301076,1909f56bfc062723c751e8b465ee728b) [PhysX] Initialized MultithreadedTaskDispatcher with 8 workers.
 -> (artifact id: '58b3650f58256e863e733fe56d5a9f11') in 0.000896 seconds
Number of updated asset objects reloaded before import = 0
Number of asset objects unloaded after import = 0
========================================================================
Received Import Request.
  Time since last request: 43.313460 seconds.
  path: Assets/_Prefabs/_UI_Menu/PauseMenu.prefab
  artifactKey: Guid(3d4d7dce320a9fe4caa98c3079ebd452) Importer(815301076,1909f56bfc062723c751e8b465ee728b)
Start importing Assets/_Prefabs/_UI_Menu/PauseMenu.prefab using Guid(3d4d7dce320a9fe4caa98c3079ebd452) Importer(815301076,1909f56bfc062723c751e8b465ee728b) [PhysX] Initialized MultithreadedTaskDispatcher with 8 workers.
 -> (artifact id: '58b3650f58256e863e733fe56d5a9f11') in 0.000573 seconds
Number of updated asset objects reloaded before import = 0
Number of asset objects unloaded after import = 0
========================================================================
Received Prepare
Caller must complete domain reload
Begin MonoManager ReloadAssembly
- Loaded All Assemblies, in  0.653 seconds
Native extension for UWP target not found
Native extension for WindowsStandalone target not found
Native extension for WebGL target not found
[Package Manager] Server::EnsureServerProcessIsRunning -- launch failed, reason: Unity was launched with the -noUpm command-line argument
[Package Manager] UpmClient::Send -- Unable to send message (not connected to UPM process).
[Package Manager] Cannot connect to Unity Package Manager local server
Mono: successfully reloaded assembly
- Finished resetting the current domain, in  1.929 seconds
Domain Reload Profiling: 2572ms
	BeginReloadAssembly (183ms)
		ExecutionOrderSort (0ms)
		DisableScriptedObjects (12ms)
		BackupInstance (0ms)
		ReleaseScriptingObjects (0ms)
		CreateAndSetChildDomain (37ms)
	RebuildCommonClasses (54ms)
	RebuildNativeTypeToScriptingClass (14ms)
	initialDomainReloadingComplete (56ms)
	LoadAllAssembliesAndSetupDomain (335ms)
		LoadAssemblies (389ms)
		RebuildTransferFunctionScriptingTraits (0ms)
		AnalyzeDomain (41ms)
			TypeCache.Refresh (12ms)
				TypeCache.ScanAssembly (1ms)
			ScanForSourceGeneratedMonoScriptInfo (16ms)
			ResolveRequiredComponents (10ms)
	FinalizeReload (1930ms)
		ReleaseScriptCaches (0ms)
		RebuildScriptCaches (0ms)
		SetupLoadedEditorAssemblies (1029ms)
			LogAssemblyErrors (0ms)
			InitializePlatformSupportModulesInManaged (12ms)
			SetLoadedEditorAssemblies (4ms)
			RefreshPlugins (0ms)
			BeforeProcessingInitializeOnLoad (89ms)
			ProcessInitializeOnLoadAttributes (342ms)
			ProcessInitializeOnLoadMethodAttributes (566ms)
			AfterProcessingInitializeOnLoad (16ms)
			EditorAssembliesLoaded (0ms)
		ExecutionOrderSort2 (0ms)
		AwakeInstancesAfterBackupRestoration (15ms)
Refreshing native plugins compatible for Editor in 6.57 ms, found 4 plugins.
Preloading 0 native plugins for Editor in 0.00 ms.
Unloading 4418 Unused Serialized files (Serialized files now loaded: 0)
Unloading 21 unused Assets / (112.9 KB). Loaded Objects now: 5278.
Memory consumption went from 170.2 MB to 170.1 MB.
Total: 3.527500 ms (FindLiveObjects: 0.640500 ms CreateObjectMapping: 0.507900 ms MarkObjects: 2.323500 ms  DeleteObjects: 0.054200 ms)

Prepare: number of updated asset objects reloaded= 0
AssetImportParameters requested are different than current active one (requested -> active):
  custom:container-demuxer-ogg: 62fdf1f143b41e24485cea50d1cbac27 -> 
  custom:video-decoder-ogg-theora: a1e56fd34408186e4bbccfd4996cb3dc -> 
  custom:framework-win-MediaFoundation: 216162199b28c13a410421893ffa2e32 -> 
  custom:CustomObjectIndexerAttribute: 9a22284fe3817be447336de3de66b15e -> 
  custom:container-demuxer-webm: 4f35f7cbe854078d1ac9338744f61a02 -> 
  custom:container-muxer-webm: aa71ff27fc2769a1b78a27578f13a17b -> 
  custom:video-decoder-webm-vp8: 9c59270c3fd7afecdb556c50c9e8de78 -> 
  custom:SearchIndexIgnoredProperties: e643bd26f0fe6173181afceb89e7c659 -> 
  custom:AudioImporter_EditorPlatform: d09bf68614088b80899f8185d706f6e7 -> 
  custom:video-encoder-webm-vp8: eb34c28f22e8b96e1ab97ce403110664 -> 
  custom:audio-decoder-ogg-vorbis: bf7c407c2cedff20999df2af8eb42d56 -> 
  custom:audio-encoder-webm-vorbis: bf7c407c2cedff20999df2af8eb42d56 -> 
  custom:scripting/precompiled-assembly-types:Assembly-CSharp: e0af528a61192c81321e1cba3aedb597 -> 7f09a2d1daacde8fa4828121b9130ead
========================================================================
Received Import Request.
  Time since last request: 110.852636 seconds.
  path: Assets/_Prefabs/_UI_Menu/PauseMenu.prefab
  artifactKey: Guid(3d4d7dce320a9fe4caa98c3079ebd452) Importer(815301076,1909f56bfc062723c751e8b465ee728b)
Start importing Assets/_Prefabs/_UI_Menu/PauseMenu.prefab using Guid(3d4d7dce320a9fe4caa98c3079ebd452) Importer(815301076,1909f56bfc062723c751e8b465ee728b) [PhysX] Initialized MultithreadedTaskDispatcher with 8 workers.
 -> (artifact id: '58b3650f58256e863e733fe56d5a9f11') in 0.003875 seconds
Number of updated asset objects reloaded before import = 0
Number of asset objects unloaded after import = 0
========================================================================
Received Prepare
Caller must complete domain reload
Begin MonoManager ReloadAssembly
- Loaded All Assemblies, in  0.575 seconds
Native extension for UWP target not found
Native extension for WindowsStandalone target not found
Native extension for WebGL target not found
[Package Manager] Server::EnsureServerProcessIsRunning -- launch failed, reason: Unity was launched with the -noUpm command-line argument
[Package Manager] UpmClient::Send -- Unable to send message (not connected to UPM process).
[Package Manager] Cannot connect to Unity Package Manager local server
Mono: successfully reloaded assembly
- Finished resetting the current domain, in  1.943 seconds
Domain Reload Profiling: 2512ms
	BeginReloadAssembly (174ms)
		ExecutionOrderSort (0ms)
		DisableScriptedObjects (11ms)
		BackupInstance (0ms)
		ReleaseScriptingObjects (0ms)
		CreateAndSetChildDomain (37ms)
	RebuildCommonClasses (32ms)
	RebuildNativeTypeToScriptingClass (11ms)
	initialDomainReloadingComplete (34ms)
	LoadAllAssembliesAndSetupDomain (319ms)
		LoadAssemblies (377ms)
		RebuildTransferFunctionScriptingTraits (0ms)
		AnalyzeDomain (32ms)
			TypeCache.Refresh (11ms)
				TypeCache.ScanAssembly (1ms)
			ScanForSourceGeneratedMonoScriptInfo (9ms)
			ResolveRequiredComponents (10ms)
	FinalizeReload (1943ms)
		ReleaseScriptCaches (0ms)
		RebuildScriptCaches (0ms)
		SetupLoadedEditorAssemblies (501ms)
			LogAssemblyErrors (0ms)
			InitializePlatformSupportModulesInManaged (11ms)
			SetLoadedEditorAssemblies (4ms)
			RefreshPlugins (0ms)
			BeforeProcessingInitializeOnLoad (98ms)
			ProcessInitializeOnLoadAttributes (346ms)
			ProcessInitializeOnLoadMethodAttributes (32ms)
			AfterProcessingInitializeOnLoad (10ms)
			EditorAssembliesLoaded (0ms)
		ExecutionOrderSort2 (0ms)
		AwakeInstancesAfterBackupRestoration (12ms)
Refreshing native plugins compatible for Editor in 12.14 ms, found 4 plugins.
Preloading 0 native plugins for Editor in 0.00 ms.
Unloading 4418 Unused Serialized files (Serialized files now loaded: 0)
Unloading 21 unused Assets / (112.8 KB). Loaded Objects now: 5294.
Memory consumption went from 170.2 MB to 170.1 MB.
Total: 437.841900 ms (FindLiveObjects: 0.497800 ms CreateObjectMapping: 240.459300 ms MarkObjects: 196.826800 ms  DeleteObjects: 0.056700 ms)

Prepare: number of updated asset objects reloaded= 0
AssetImportParameters requested are different than current active one (requested -> active):
  custom:container-demuxer-ogg: 62fdf1f143b41e24485cea50d1cbac27 -> 
  custom:video-decoder-ogg-theora: a1e56fd34408186e4bbccfd4996cb3dc -> 
  custom:framework-win-MediaFoundation: 216162199b28c13a410421893ffa2e32 -> 
  custom:CustomObjectIndexerAttribute: 9a22284fe3817be447336de3de66b15e -> 
  custom:container-demuxer-webm: 4f35f7cbe854078d1ac9338744f61a02 -> 
  custom:container-muxer-webm: aa71ff27fc2769a1b78a27578f13a17b -> 
  custom:video-decoder-webm-vp8: 9c59270c3fd7afecdb556c50c9e8de78 -> 
  custom:SearchIndexIgnoredProperties: e643bd26f0fe6173181afceb89e7c659 -> 
  custom:AudioImporter_EditorPlatform: d09bf68614088b80899f8185d706f6e7 -> 
  custom:video-encoder-webm-vp8: eb34c28f22e8b96e1ab97ce403110664 -> 
  custom:audio-decoder-ogg-vorbis: bf7c407c2cedff20999df2af8eb42d56 -> 
  custom:audio-encoder-webm-vorbis: bf7c407c2cedff20999df2af8eb42d56 -> 
  custom:scripting/precompiled-assembly-types:Assembly-CSharp: e0af528a61192c81321e1cba3aedb597 -> 7f09a2d1daacde8fa4828121b9130ead
========================================================================
Received Import Request.
  Time since last request: 8.652337 seconds.
  path: Assets/_Prefabs/_UI_Menu/PauseMenu.prefab
  artifactKey: Guid(3d4d7dce320a9fe4caa98c3079ebd452) Importer(815301076,1909f56bfc062723c751e8b465ee728b)
Start importing Assets/_Prefabs/_UI_Menu/PauseMenu.prefab using Guid(3d4d7dce320a9fe4caa98c3079ebd452) Importer(815301076,1909f56bfc062723c751e8b465ee728b) [PhysX] Initialized MultithreadedTaskDispatcher with 8 workers.
 -> (artifact id: '58b3650f58256e863e733fe56d5a9f11') in 0.003369 seconds
Number of updated asset objects reloaded before import = 0
Number of asset objects unloaded after import = 0
========================================================================
Received Import Request.
  Time since last request: 116.308248 seconds.
  path: Assets/_Prefabs/_UI_Menu/PauseMenu.prefab
  artifactKey: Guid(3d4d7dce320a9fe4caa98c3079ebd452) Importer(815301076,1909f56bfc062723c751e8b465ee728b)
Start importing Assets/_Prefabs/_UI_Menu/PauseMenu.prefab using Guid(3d4d7dce320a9fe4caa98c3079ebd452) Importer(815301076,1909f56bfc062723c751e8b465ee728b) [PhysX] Initialized MultithreadedTaskDispatcher with 8 workers.
 -> (artifact id: '58b3650f58256e863e733fe56d5a9f11') in 0.000591 seconds
Number of updated asset objects reloaded before import = 0
Number of asset objects unloaded after import = 0
========================================================================
Received Import Request.
  Time since last request: 26.922882 seconds.
  path: Assets/_Scenes/GameScene.unity
  artifactKey: Guid(c94049871385a9e4bb8c44e2cafa4d73) Importer(815301076,1909f56bfc062723c751e8b465ee728b)
Start importing Assets/_Scenes/GameScene.unity using Guid(c94049871385a9e4bb8c44e2cafa4d73) Importer(815301076,1909f56bfc062723c751e8b465ee728b) [PhysX] Initialized MultithreadedTaskDispatcher with 8 workers.
 -> (artifact id: '391ed5c1ea8b5e34ed913aa12037b2ca') in 0.000556 seconds
Number of updated asset objects reloaded before import = 0
Number of asset objects unloaded after import = 0
========================================================================
Received Prepare
Caller must complete domain reload
Begin MonoManager ReloadAssembly
- Loaded All Assemblies, in  0.540 seconds
Native extension for UWP target not found
Native extension for WindowsStandalone target not found
Native extension for WebGL target not found
[Package Manager] Server::EnsureServerProcessIsRunning -- launch failed, reason: Unity was launched with the -noUpm command-line argument
[Package Manager] UpmClient::Send -- Unable to send message (not connected to UPM process).
[Package Manager] Cannot connect to Unity Package Manager local server
Mono: successfully reloaded assembly
- Finished resetting the current domain, in  1.213 seconds
Domain Reload Profiling: 1746ms
	BeginReloadAssembly (163ms)
		ExecutionOrderSort (0ms)
		DisableScriptedObjects (10ms)
		BackupInstance (0ms)
		ReleaseScriptingObjects (0ms)
		CreateAndSetChildDomain (31ms)
	RebuildCommonClasses (32ms)
	RebuildNativeTypeToScriptingClass (11ms)
	initialDomainReloadingComplete (32ms)
	LoadAllAssembliesAndSetupDomain (295ms)
		LoadAssemblies (366ms)
		RebuildTransferFunctionScriptingTraits (0ms)
		AnalyzeDomain (17ms)
			TypeCache.Refresh (8ms)
				TypeCache.ScanAssembly (0ms)
			ScanForSourceGeneratedMonoScriptInfo (0ms)
			ResolveRequiredComponents (8ms)
	FinalizeReload (1213ms)
		ReleaseScriptCaches (0ms)
		RebuildScriptCaches (0ms)
		SetupLoadedEditorAssemblies (517ms)
			LogAssemblyErrors (0ms)
			InitializePlatformSupportModulesInManaged (12ms)
			SetLoadedEditorAssemblies (4ms)
			RefreshPlugins (0ms)
			BeforeProcessingInitializeOnLoad (87ms)
			ProcessInitializeOnLoadAttributes (375ms)
			ProcessInitializeOnLoadMethodAttributes (30ms)
			AfterProcessingInitializeOnLoad (10ms)
			EditorAssembliesLoaded (0ms)
		ExecutionOrderSort2 (0ms)
		AwakeInstancesAfterBackupRestoration (11ms)
Refreshing native plugins compatible for Editor in 7.71 ms, found 4 plugins.
Preloading 0 native plugins for Editor in 0.00 ms.
Unloading 4418 Unused Serialized files (Serialized files now loaded: 0)
Unloading 21 unused Assets / (112.7 KB). Loaded Objects now: 5310.
Memory consumption went from 170.1 MB to 170.0 MB.
Total: 3.270500 ms (FindLiveObjects: 0.325500 ms CreateObjectMapping: 0.319400 ms MarkObjects: 2.566300 ms  DeleteObjects: 0.057800 ms)

Prepare: number of updated asset objects reloaded= 0
AssetImportParameters requested are different than current active one (requested -> active):
  custom:container-demuxer-ogg: 62fdf1f143b41e24485cea50d1cbac27 -> 
  custom:video-decoder-ogg-theora: a1e56fd34408186e4bbccfd4996cb3dc -> 
  custom:framework-win-MediaFoundation: 216162199b28c13a410421893ffa2e32 -> 
  custom:CustomObjectIndexerAttribute: 9a22284fe3817be447336de3de66b15e -> 
  custom:container-demuxer-webm: 4f35f7cbe854078d1ac9338744f61a02 -> 
  custom:container-muxer-webm: aa71ff27fc2769a1b78a27578f13a17b -> 
  custom:video-decoder-webm-vp8: 9c59270c3fd7afecdb556c50c9e8de78 -> 
  custom:SearchIndexIgnoredProperties: e643bd26f0fe6173181afceb89e7c659 -> 
  custom:AudioImporter_EditorPlatform: d09bf68614088b80899f8185d706f6e7 -> 
  custom:video-encoder-webm-vp8: eb34c28f22e8b96e1ab97ce403110664 -> 
  custom:audio-decoder-ogg-vorbis: bf7c407c2cedff20999df2af8eb42d56 -> 
  custom:audio-encoder-webm-vorbis: bf7c407c2cedff20999df2af8eb42d56 -> 
  custom:scripting/precompiled-assembly-types:Assembly-CSharp: e0af528a61192c81321e1cba3aedb597 -> 7f09a2d1daacde8fa4828121b9130ead
========================================================================
Received Prepare
Caller must complete domain reload
Begin MonoManager ReloadAssembly
- Loaded All Assemblies, in  0.547 seconds
Native extension for UWP target not found
Native extension for WindowsStandalone target not found
Native extension for WebGL target not found
[Package Manager] Server::EnsureServerProcessIsRunning -- launch failed, reason: Unity was launched with the -noUpm command-line argument
[Package Manager] UpmClient::Send -- Unable to send message (not connected to UPM process).
[Package Manager] Cannot connect to Unity Package Manager local server
Mono: successfully reloaded assembly
- Finished resetting the current domain, in  1.171 seconds
Domain Reload Profiling: 1712ms
	BeginReloadAssembly (160ms)
		ExecutionOrderSort (0ms)
		DisableScriptedObjects (10ms)
		BackupInstance (0ms)
		ReleaseScriptingObjects (0ms)
		CreateAndSetChildDomain (29ms)
	RebuildCommonClasses (31ms)
	RebuildNativeTypeToScriptingClass (11ms)
	initialDomainReloadingComplete (34ms)
	LoadAllAssembliesAndSetupDomain (305ms)
		LoadAssemblies (360ms)
		RebuildTransferFunctionScriptingTraits (0ms)
		AnalyzeDomain (32ms)
			TypeCache.Refresh (12ms)
				TypeCache.ScanAssembly (1ms)
			ScanForSourceGeneratedMonoScriptInfo (10ms)
			ResolveRequiredComponents (8ms)
	FinalizeReload (1172ms)
		ReleaseScriptCaches (0ms)
		RebuildScriptCaches (0ms)
		SetupLoadedEditorAssemblies (478ms)
			LogAssemblyErrors (0ms)
			InitializePlatformSupportModulesInManaged (11ms)
			SetLoadedEditorAssemblies (3ms)
			RefreshPlugins (0ms)
			BeforeProcessingInitializeOnLoad (86ms)
			ProcessInitializeOnLoadAttributes (334ms)
			ProcessInitializeOnLoadMethodAttributes (32ms)
			AfterProcessingInitializeOnLoad (11ms)
			EditorAssembliesLoaded (0ms)
		ExecutionOrderSort2 (0ms)
		AwakeInstancesAfterBackupRestoration (13ms)
Refreshing native plugins compatible for Editor in 6.89 ms, found 4 plugins.
Preloading 0 native plugins for Editor in 0.00 ms.
Unloading 4419 Unused Serialized files (Serialized files now loaded: 0)
Unloading 21 unused Assets / (112.6 KB). Loaded Objects now: 5326.
Memory consumption went from 170.5 MB to 170.4 MB.
Total: 3.174300 ms (FindLiveObjects: 0.395300 ms CreateObjectMapping: 0.350200 ms MarkObjects: 2.362400 ms  DeleteObjects: 0.065300 ms)

Prepare: number of updated asset objects reloaded= 0
AssetImportParameters requested are different than current active one (requested -> active):
  custom:container-demuxer-ogg: 62fdf1f143b41e24485cea50d1cbac27 -> 
  custom:video-decoder-ogg-theora: a1e56fd34408186e4bbccfd4996cb3dc -> 
  custom:framework-win-MediaFoundation: 216162199b28c13a410421893ffa2e32 -> 
  custom:CustomObjectIndexerAttribute: 9a22284fe3817be447336de3de66b15e -> 
  custom:container-demuxer-webm: 4f35f7cbe854078d1ac9338744f61a02 -> 
  custom:container-muxer-webm: aa71ff27fc2769a1b78a27578f13a17b -> 
  custom:video-decoder-webm-vp8: 9c59270c3fd7afecdb556c50c9e8de78 -> 
  custom:SearchIndexIgnoredProperties: e643bd26f0fe6173181afceb89e7c659 -> 
  custom:AudioImporter_EditorPlatform: d09bf68614088b80899f8185d706f6e7 -> 
  custom:video-encoder-webm-vp8: eb34c28f22e8b96e1ab97ce403110664 -> 
  custom:audio-decoder-ogg-vorbis: bf7c407c2cedff20999df2af8eb42d56 -> 
  custom:audio-encoder-webm-vorbis: bf7c407c2cedff20999df2af8eb42d56 -> 
  custom:scripting/precompiled-assembly-types:Assembly-CSharp: e0af528a61192c81321e1cba3aedb597 -> 7f09a2d1daacde8fa4828121b9130ead
========================================================================
Received Prepare
Caller must complete domain reload
Begin MonoManager ReloadAssembly
- Loaded All Assemblies, in  0.530 seconds
Native extension for UWP target not found
Native extension for WindowsStandalone target not found
Native extension for WebGL target not found
[Package Manager] Server::EnsureServerProcessIsRunning -- launch failed, reason: Unity was launched with the -noUpm command-line argument
[Package Manager] UpmClient::Send -- Unable to send message (not connected to UPM process).
[Package Manager] Cannot connect to Unity Package Manager local server
Mono: successfully reloaded assembly
- Finished resetting the current domain, in  1.187 seconds
Domain Reload Profiling: 1710ms
	BeginReloadAssembly (160ms)
		ExecutionOrderSort (0ms)
		DisableScriptedObjects (11ms)
		BackupInstance (0ms)
		ReleaseScriptingObjects (0ms)
		CreateAndSetChildDomain (31ms)
	RebuildCommonClasses (31ms)
	RebuildNativeTypeToScriptingClass (11ms)
	initialDomainReloadingComplete (34ms)
	LoadAllAssembliesAndSetupDomain (288ms)
		LoadAssemblies (357ms)
		RebuildTransferFunctionScriptingTraits (0ms)
		AnalyzeDomain (16ms)
			TypeCache.Refresh (6ms)
				TypeCache.ScanAssembly (0ms)
			ScanForSourceGeneratedMonoScriptInfo (0ms)
			ResolveRequiredComponents (7ms)
	FinalizeReload (1188ms)
		ReleaseScriptCaches (0ms)
		RebuildScriptCaches (0ms)
		SetupLoadedEditorAssemblies (491ms)
			LogAssemblyErrors (0ms)
			InitializePlatformSupportModulesInManaged (12ms)
			SetLoadedEditorAssemblies (3ms)
			RefreshPlugins (0ms)
			BeforeProcessingInitializeOnLoad (89ms)
			ProcessInitializeOnLoadAttributes (341ms)
			ProcessInitializeOnLoadMethodAttributes (32ms)
			AfterProcessingInitializeOnLoad (13ms)
			EditorAssembliesLoaded (0ms)
		ExecutionOrderSort2 (0ms)
		AwakeInstancesAfterBackupRestoration (14ms)
Refreshing native plugins compatible for Editor in 7.46 ms, found 4 plugins.
Preloading 0 native plugins for Editor in 0.00 ms.
Unloading 4419 Unused Serialized files (Serialized files now loaded: 0)
Unloading 21 unused Assets / (112.7 KB). Loaded Objects now: 5342.
Memory consumption went from 170.5 MB to 170.4 MB.
Total: 3.676600 ms (FindLiveObjects: 0.412600 ms CreateObjectMapping: 0.452000 ms MarkObjects: 2.742100 ms  DeleteObjects: 0.068600 ms)

Prepare: number of updated asset objects reloaded= 0
AssetImportParameters requested are different than current active one (requested -> active):
  custom:container-demuxer-ogg: 62fdf1f143b41e24485cea50d1cbac27 -> 
  custom:video-decoder-ogg-theora: a1e56fd34408186e4bbccfd4996cb3dc -> 
  custom:framework-win-MediaFoundation: 216162199b28c13a410421893ffa2e32 -> 
  custom:CustomObjectIndexerAttribute: 9a22284fe3817be447336de3de66b15e -> 
  custom:container-demuxer-webm: 4f35f7cbe854078d1ac9338744f61a02 -> 
  custom:container-muxer-webm: aa71ff27fc2769a1b78a27578f13a17b -> 
  custom:video-decoder-webm-vp8: 9c59270c3fd7afecdb556c50c9e8de78 -> 
  custom:SearchIndexIgnoredProperties: e643bd26f0fe6173181afceb89e7c659 -> 
  custom:AudioImporter_EditorPlatform: d09bf68614088b80899f8185d706f6e7 -> 
  custom:video-encoder-webm-vp8: eb34c28f22e8b96e1ab97ce403110664 -> 
  custom:audio-decoder-ogg-vorbis: bf7c407c2cedff20999df2af8eb42d56 -> 
  custom:audio-encoder-webm-vorbis: bf7c407c2cedff20999df2af8eb42d56 -> 
  custom:scripting/precompiled-assembly-types:Assembly-CSharp: e0af528a61192c81321e1cba3aedb597 -> 7f09a2d1daacde8fa4828121b9130ead
========================================================================
Received Prepare
Caller must complete domain reload
Begin MonoManager ReloadAssembly
- Loaded All Assemblies, in  0.530 seconds
Native extension for UWP target not found
Native extension for WindowsStandalone target not found
Native extension for WebGL target not found
[Package Manager] Server::EnsureServerProcessIsRunning -- launch failed, reason: Unity was launched with the -noUpm command-line argument
[Package Manager] UpmClient::Send -- Unable to send message (not connected to UPM process).
[Package Manager] Cannot connect to Unity Package Manager local server
Mono: successfully reloaded assembly
- Finished resetting the current domain, in  1.787 seconds
Domain Reload Profiling: 2310ms
	BeginReloadAssembly (153ms)
		ExecutionOrderSort (0ms)
		DisableScriptedObjects (11ms)
		BackupInstance (0ms)
		ReleaseScriptingObjects (0ms)
		CreateAndSetChildDomain (28ms)
	RebuildCommonClasses (30ms)
	RebuildNativeTypeToScriptingClass (11ms)
	initialDomainReloadingComplete (35ms)
	LoadAllAssembliesAndSetupDomain (294ms)
		LoadAssemblies (344ms)
		RebuildTransferFunctionScriptingTraits (0ms)
		AnalyzeDomain (32ms)
			TypeCache.Refresh (11ms)
				TypeCache.ScanAssembly (1ms)
			ScanForSourceGeneratedMonoScriptInfo (11ms)
			ResolveRequiredComponents (9ms)
	FinalizeReload (1787ms)
		ReleaseScriptCaches (0ms)
		RebuildScriptCaches (0ms)
		SetupLoadedEditorAssemblies (538ms)
			LogAssemblyErrors (0ms)
			InitializePlatformSupportModulesInManaged (12ms)
			SetLoadedEditorAssemblies (4ms)
			RefreshPlugins (0ms)
			BeforeProcessingInitializeOnLoad (94ms)
			ProcessInitializeOnLoadAttributes (376ms)
			ProcessInitializeOnLoadMethodAttributes (39ms)
			AfterProcessingInitializeOnLoad (14ms)
			EditorAssembliesLoaded (0ms)
		ExecutionOrderSort2 (0ms)
		AwakeInstancesAfterBackupRestoration (14ms)
Refreshing native plugins compatible for Editor in 7.37 ms, found 4 plugins.
Preloading 0 native plugins for Editor in 0.00 ms.
Unloading 4419 Unused Serialized files (Serialized files now loaded: 0)
Unloading 21 unused Assets / (112.7 KB). Loaded Objects now: 5358.
Memory consumption went from 170.5 MB to 170.4 MB.
Total: 2.766000 ms (FindLiveObjects: 0.346400 ms CreateObjectMapping: 0.277600 ms MarkObjects: 2.070400 ms  DeleteObjects: 0.070900 ms)

Prepare: number of updated asset objects reloaded= 0
AssetImportParameters requested are different than current active one (requested -> active):
  custom:container-demuxer-ogg: 62fdf1f143b41e24485cea50d1cbac27 -> 
  custom:video-decoder-ogg-theora: a1e56fd34408186e4bbccfd4996cb3dc -> 
  custom:framework-win-MediaFoundation: 216162199b28c13a410421893ffa2e32 -> 
  custom:CustomObjectIndexerAttribute: 9a22284fe3817be447336de3de66b15e -> 
  custom:container-demuxer-webm: 4f35f7cbe854078d1ac9338744f61a02 -> 
  custom:container-muxer-webm: aa71ff27fc2769a1b78a27578f13a17b -> 
  custom:video-decoder-webm-vp8: 9c59270c3fd7afecdb556c50c9e8de78 -> 
  custom:SearchIndexIgnoredProperties: e643bd26f0fe6173181afceb89e7c659 -> 
  custom:AudioImporter_EditorPlatform: d09bf68614088b80899f8185d706f6e7 -> 
  custom:video-encoder-webm-vp8: eb34c28f22e8b96e1ab97ce403110664 -> 
  custom:audio-decoder-ogg-vorbis: bf7c407c2cedff20999df2af8eb42d56 -> 
  custom:audio-encoder-webm-vorbis: bf7c407c2cedff20999df2af8eb42d56 -> 
  custom:scripting/precompiled-assembly-types:Assembly-CSharp: e0af528a61192c81321e1cba3aedb597 -> 7f09a2d1daacde8fa4828121b9130ead
