{"cameraMode":{"drawMode":0,"name":"Shaded","section":"Shading Mode"},"sceneLighting":false,"audioPlay":false,"sceneViewState":{"m_AlwaysRefresh":false,"showFog":true,"showSkybox":false,"showFlares":true,"showImageEffects":true,"showParticleSystems":true,"showVisualEffectGraphs":true,"m_FxEnabled":true},"in2DMode":false,"pivot":{"x":0.14130555093288423,"y":0.05655097961425781,"z":-13.296042442321778},"rotation":{"x":0.42032045125961306,"y":8.601494627669127e-9,"z":-2.1623309809370996e-9,"w":0.9073766469955444},"size":15.990281105041504,"orthographic":false}